fips,slope,sand_pct,silt_pct,clay_pct,organic_matter_pct,pH_soil,awc_soil,cec_soil
1001,9.29,58.938,24.643,16.418,1.065,5.272,0.123,8.345
1003,4.94,61.753,23.081,12.615,2.925,5.098,0.135,10.595
1005,8.17,65.569,16.885,17.546,1.101,5.093,0.109,12.107
1009,8.97,32.913,42.548,24.539,1.294,5.104,0.151,10.29
1013,7.22,51.464,23.583,22.478,0.967,5.311,0.127,11.851
1015,8.26,32.723,42.403,24.874,1.131,5.172,0.148,12.816
1019,10.9,38.717,38.004,23.279,1.188,5.064,0.154,8.267
1021,9.33,54.998,26.125,18.887,1.042,5.132,0.133,7.414
1031,5.39,71.429,15.46,13.111,1.008,5.126,0.1,3.133
1033,9.21,27.339,47.638,25.023,1.087,5.215,0.164,10.531
1035,5.41,60.283,19.7,20.017,0.875,5.125,0.124,26.169
1039,4.78,69.682,16.44,13.44,2.672,5.15,0.117,5.116
1043,8.45,40.12,36.814,23.097,1.088,5.022,0.145,9.802
1045,6.76,64.445,18.643,16.912,1.109,5.087,0.116,4.894
1047,4.65,49.17,26.849,23.981,1.097,5.517,0.136,16.32
1049,10.07,31.58,42.422,25.999,1.197,5.185,0.143,16.544
1051,6.31,56.909,24.164,18.851,0.987,5.271,0.128,8.581
1053,4.78,61.989,21.15,13.538,3.865,5.147,0.126,4.719
1055,15.43,39.74,34.563,22.664,1.241,5.002,0.147,8.177
1057,8.52,45.153,34.434,20.413,1.211,4.914,0.139,5.164
1059,8.03,41.715,35.227,22.828,1.211,5.176,0.147,17.43
1061,2.87,67.496,18.595,13.91,1.325,5.114,0.11,4.343
1063,4.47,43.816,29.24,26.825,1.498,5.436,0.148,23.271
1065,7.67,38.767,32.581,28.653,1.315,5.587,0.14,24.21
1067,7.01,66.696,16.629,16.676,1.193,5.282,0.11,3.813
1069,4.2,70.535,15.933,12.567,1.56,5.235,0.104,4.327
1071,8.72,31.308,42.309,26.383,1.098,5.209,0.153,19.195
1075,11.92,52.127,29.057,18.816,1.086,4.963,0.138,5.606
1077,5.62,23.19,50.648,26.162,1.147,5.16,0.16,10.78
1079,6.18,33.08,40.045,26.875,1.192,5.429,0.153,17.888
1083,7.9,18.887,53.588,27.524,1.195,5.279,0.165,16.536
1085,8.55,45.164,28.646,26.203,1.232,5.641,0.133,19.144
1087,5.35,52.369,24.582,22.872,1.112,5.346,0.116,18.811
1089,6.33,28.311,44.503,27.185,1.341,5.315,0.159,20.246
1091,5.35,44.106,27.687,28.207,1.331,5.524,0.139,18.36
1093,10.16,49.783,33.007,17.21,1.191,5.011,0.147,7.799
1095,7.65,36.573,38.228,25.199,1.197,5.237,0.153,17.154
1097,4.22,60.251,24.686,12.472,3.881,5.048,0.142,26.497
1099,5.7,51.98,25.99,22.03,0.937,5.083,0.135,6.413
1101,5.09,41.153,29.025,29.822,1.084,5.42,0.145,22.16
1103,7.13,39.676,35.718,24.606,1.176,5.233,0.155,13.731
1105,4.78,39.592,29.81,30.599,1.381,5.588,0.14,23.388
1109,7.73,64.723,17.467,17.809,0.77,5.04,0.105,9.979
1111,10.79,52.216,24.806,22.658,0.914,5.213,0.127,7.333
1113,5.42,55.075,21.859,23.066,1.043,5.289,0.118,18.916
1117,14.19,31.307,42.033,26.397,1.058,5.141,0.15,8.969
1119,4.04,36.391,34.099,29.51,1.082,5.562,0.152,18.277
1121,10.93,32.845,41.104,25.44,1.107,5.085,0.145,7.925
1125,12.32,41.294,39.301,19.405,1.053,5.145,0.148,6.072
1127,15.76,44.778,35.831,19.391,0.888,5.098,0.136,8.522
1129,8.13,57.914,25.328,16.616,1.141,5.066,0.136,11.99
1131,6.05,38.89,30.184,30.861,0.974,5.23,0.141,18.893
5001,2.53,21.125,51.047,27.828,1.124,5.824,0.169,20.714
5003,2.2,25.554,52.656,21.789,1.192,5.477,0.18,17.699
5017,1.41,15.945,54.447,29.608,1.312,5.87,0.19,23.187
5021,3.74,26.293,54.563,19.144,1.107,5.647,0.186,14.65
5029,5.8,36.81,42.286,20.904,1.287,5.676,0.151,12.755
5031,4.03,24.401,55.371,20.228,1.172,5.782,0.185,15.123
5033,12.72,41.909,39.567,18.524,1.351,5.607,0.137,11.181
5035,0.77,21.736,42.987,35.276,1.118,6.396,0.161,20.849
5037,4.44,16.271,56.465,27.264,0.99,5.515,0.186,14.85
5041,0.84,12.849,46.129,41.022,1.335,6.373,0.174,23.969
5043,3.09,24.907,53.976,21.118,1.086,5.402,0.183,18.608
5045,6.94,37.41,40.496,22.094,1.223,5.609,0.153,14.432
5055,3.95,25.793,54.838,19.369,1.17,5.72,0.182,13.395
5063,8.79,33.47,47.018,19.512,1.88,5.45,0.145,12.754
5067,4.77,30.923,48.34,20.737,1.302,5.596,0.171,12.959
5071,17.91,45.402,34.967,19.631,1.293,5.326,0.137,11.056
5075,6.26,28.834,50.945,20.221,1.767,5.585,0.162,10.605
5077,2.79,20.04,54.442,25.518,1.204,6.086,0.179,15.294
5083,12.25,35.304,43.966,20.73,1.398,5.539,0.14,12.48
5093,0.5,32.311,37.922,29.767,1.306,6.312,0.15,18.11
5095,1.59,18.26,59.361,22.379,1.175,5.751,0.183,16.277
5107,2.89,18.469,55.99,25.541,1.175,6.099,0.179,15.921
5111,4.22,16.173,56.868,26.958,1.215,5.786,0.187,20.064
5115,13.09,39.187,41.41,19.403,1.294,5.48,0.144,12.482
5121,8.16,26.916,52.301,20.783,1.862,5.638,0.159,11.392
5123,5.63,17.534,57.631,24.836,1.051,5.632,0.189,15.081
5145,5.69,35.53,46.058,18.412,1.234,5.392,0.162,13.672
5147,1.41,26.026,53.201,20.774,1.255,5.841,0.166,14.722
5149,16.7,39.126,40.905,19.969,1.076,5.442,0.14,10.376
6011,24.72,34.894,35.547,29.281,1.47,6.907,0.147,23.462
6013,19.3,33.79,34.934,31.371,3.987,6.74,0.155,24.268
6021,21.91,33.518,37.32,29.076,1.756,6.524,0.128,22.642
6031,15.32,44.196,30.395,25.409,1.04,7.76,0.12,17.475
6067,6.21,45.206,32.904,21.631,2.217,6.471,0.129,17.045
6077,10.62,44.361,31.818,23.82,3.641,6.829,0.143,20.84
6095,11.32,31.746,37.429,30.825,3.267,6.671,0.144,23.544
6101,9.52,40.901,32.647,26.452,1.421,7.166,0.145,19.519
6113,14.89,28.323,40.97,30.707,1.637,7.038,0.154,22.928
8001,5.46,50.806,26.86,21.895,1.142,7.398,0.132,16.504
8005,6.9,43.694,30.981,24.486,1.18,7.448,0.143,18.799
8009,5.54,41.346,37.818,20.66,1.087,7.686,0.148,15.193
8011,4.73,36.784,37.308,25.736,1.029,7.855,0.153,19.412
8017,4.81,45.612,32.585,21.744,1.017,7.524,0.145,15.587
8025,2.96,46.294,26.771,26.936,0.895,7.81,0.137,18.8
8061,3.1,44.407,32.936,22.657,0.989,7.689,0.144,16.203
8063,4.47,41.759,36.177,21.981,1.333,7.473,0.152,15.75
8073,5.67,49.246,28.461,22.189,1.129,7.47,0.14,16.503
8075,4.75,48.339,30.622,20.675,1.53,7.423,0.141,16.411
8087,4.1,56.452,24.659,18.848,1.04,7.477,0.123,14.898
8089,4.21,31.836,39.679,28.297,1.096,7.843,0.154,21.256
8095,5.38,56.625,25.14,18.236,1.616,7.236,0.129,14.198
8099,3.57,38.861,38.49,22.469,0.852,7.917,0.153,17.249
8115,4.54,50.409,31.864,17.727,1.792,7.352,0.139,13.218
8121,4.56,46.208,31.635,21.699,1.403,7.452,0.14,16.318
8125,4.82,59.072,25.281,15.559,1.317,7.441,0.127,11.734
10001,1.63,51.832,31.412,9.309,6.032,5.736,0.156,10.877
10003,5.23,36.825,45.456,14.954,3.345,5.696,0.175,10.175
10005,1.31,61.159,23.168,8.447,6.126,5.986,0.135,10.389
12001,3.15,89.153,3.592,5.71,6.823,5.174,0.109,12.996
12013,2.96,79.696,11.428,8.876,4.048,5.138,0.122,6.703
12023,3.23,89.25,5.335,5.753,4.792,5.125,0.093,5.271
12033,4.05,77.291,13.172,9.537,2.92,5.197,0.115,11.89
12039,7.27,84.976,7.221,7.751,1.622,5.153,0.085,4.954
12041,2.31,95.41,1.548,3.043,3.693,5.047,0.085,2.396
12047,4.04,86.857,5.604,7.239,3.203,5.243,0.087,16.655
12059,4.48,81.68,8.923,9.397,0.998,5.191,0.089,3.706
12063,4.44,75.866,11.196,12.938,2.013,5.272,0.101,5.732
12065,2.87,85.952,6.761,7.287,3.133,5.202,0.091,5.016
12067,1.52,91.687,4.123,4.19,6.312,5.39,0.106,12.316
12073,3.37,83.43,8.997,7.573,3.511,5.103,0.097,1.707
12075,2.0,91.255,3.115,5.63,6.769,5.575,0.103,21.379
12079,3.38,84.933,6.479,8.588,2.753,5.057,0.087,6.643
12091,4.87,81.148,11.145,7.707,2.428,5.228,0.089,3.994
12113,3.94,75.688,13.445,10.867,2.804,5.345,0.103,7.774
12121,3.03,92.43,3.844,3.726,2.821,5.284,0.074,3.032
12125,2.22,77.322,4.52,3.507,9.888,5.267,0.12,3.935
12131,4.6,81.938,10.889,7.174,4.398,5.072,0.104,28.144
12133,6.2,80.682,8.799,10.519,1.35,5.103,0.087,19.984
13015,15.57,42.303,35.616,22.081,1.081,5.28,0.142,7.407
13031,3.35,78.711,10.84,10.449,1.257,5.161,0.093,2.425
13033,4.52,72.713,13.182,14.105,0.993,5.368,0.099,4.49
13087,4.2,75.528,11.472,13.001,0.922,5.246,0.101,3.495
13095,3.62,70.14,14.585,15.275,1.12,5.191,0.11,4.411
13103,2.35,77.854,8.976,8.866,5.353,4.889,0.105,6.642
13107,4.19,77.726,10.398,11.876,1.217,5.317,0.09,4.491
13129,13.45,33.388,43.071,23.541,1.303,5.318,0.154,12.558
13131,4.56,76.438,11.11,12.452,0.871,5.237,0.101,3.234
13137,17.18,48.288,29.039,22.673,1.43,5.364,0.142,8.112
13147,7.81,50.906,24.726,24.368,0.985,5.357,0.136,5.781
13165,3.74,75.341,11.877,12.783,1.035,5.207,0.1,4.103
13185,2.12,74.259,11.552,10.377,4.547,5.181,0.105,2.155
13229,1.9,79.766,11.47,8.765,2.047,5.026,0.08,4.16
13243,6.81,71.721,13.068,15.212,0.825,5.322,0.107,3.343
13251,3.56,78.718,9.806,10.448,2.156,5.088,0.099,4.048
13259,8.39,72.399,13.479,14.121,0.902,5.297,0.102,3.253
13277,3.01,78.149,10.641,11.21,1.139,5.168,0.094,2.285
13297,8.72,48.566,25.037,26.397,1.02,5.362,0.134,6.969
13299,1.45,77.527,5.969,6.291,8.377,4.873,0.132,2.024
13305,5.26,78.001,9.971,12.027,1.555,5.097,0.09,5.375
13307,5.7,70.73,12.288,16.982,0.862,5.301,0.11,3.456
13321,4.21,75.309,12.071,12.62,1.063,5.221,0.104,3.185
16001,19.66,38.188,42.729,19.199,1.779,7.132,0.155,16.703
17001,11.18,13.657,62.898,23.445,1.705,6.261,0.199,18.117
17003,9.72,17.227,59.245,23.528,1.639,6.114,0.192,16.941
17005,3.9,11.431,66.715,21.854,1.869,6.196,0.211,16.775
17007,4.37,22.245,56.194,21.305,4.995,6.476,0.209,20.584
17009,12.84,12.274,63.822,23.904,1.554,6.327,0.194,18.279
17011,7.99,20.949,56.8,22.114,4.629,6.538,0.198,22.087
17013,14.16,12.082,65.273,22.645,1.621,6.403,0.198,18.642
17015,10.85,18.488,59.999,21.513,2.348,6.349,0.202,18.225
17017,9.7,27.216,52.106,20.678,2.307,6.546,0.188,16.747
17019,4.97,15.239,58.711,26.05,2.616,6.423,0.184,19.477
17021,6.51,11.52,64.407,24.073,2.394,6.431,0.206,18.998
17023,5.83,20.664,59.243,20.093,1.722,6.325,0.184,15.637
17025,7.48,14.859,61.858,23.283,1.45,6.048,0.198,16.519
17027,3.69,13.723,63.625,22.653,1.776,6.186,0.206,17.143
17029,5.1,14.721,62.672,22.607,2.296,6.45,0.188,17.719
17031,4.15,21.012,52.389,26.599,5.259,6.756,0.18,23.673
17033,5.98,20.957,58.628,20.416,1.719,6.243,0.182,15.833
17035,7.3,19.418,57.829,22.834,1.657,6.268,0.197,15.999
17037,3.14,11.806,64.443,23.751,3.488,6.538,0.214,18.789
17039,6.64,8.998,65.655,25.347,2.571,6.521,0.195,20.268
17041,4.54,12.361,63.358,24.281,2.711,6.414,0.193,20.256
17043,4.24,15.074,58.332,26.594,5.862,6.626,0.2,25.652
17045,8.6,15.526,60.224,24.25,2.129,6.336,0.194,17.968
17047,5.98,11.513,66.405,22.082,1.526,5.881,0.206,15.097
17049,4.37,14.999,64.919,20.082,1.67,6.094,0.207,14.764
17051,5.33,11.934,66.427,21.639,2.017,6.252,0.209,16.985
17053,3.33,14.795,54.551,28.769,4.281,6.49,0.179,23.849
17055,7.48,8.505,67.418,24.078,1.204,5.753,0.199,15.785
17057,9.27,16.393,59.701,23.907,1.939,6.483,0.199,18.191
17059,7.36,18.01,59.159,22.832,1.593,6.096,0.191,15.497
17061,11.51,14.965,62.674,22.361,2.085,6.476,0.201,17.991
17063,5.23,25.636,49.725,24.639,3.197,6.669,0.178,19.167
17065,6.54,11.015,66.811,22.174,1.294,5.759,0.205,14.331
17067,9.09,14.334,62.313,23.354,2.2,6.426,0.202,18.649
17069,11.14,14.785,62.312,22.903,1.295,5.712,0.192,14.878
17071,11.34,14.296,63.396,22.308,2.021,6.374,0.203,17.7
17073,9.15,21.318,55.779,22.481,4.532,6.435,0.2,22.882
17075,3.2,27.258,45.056,25.002,4.752,6.477,0.172,22.087
17077,11.29,10.433,65.414,24.152,1.47,6.125,0.196,17.247
17079,5.54,21.844,57.604,20.552,1.493,6.206,0.182,15.93
17081,9.7,11.062,67.286,21.652,1.285,5.847,0.202,13.92
17083,13.33,8.106,66.997,24.897,1.682,6.348,0.202,18.808
17085,9.95,17.517,61.153,21.331,1.934,6.307,0.202,16.878
17087,12.94,12.122,64.889,22.989,1.317,5.79,0.192,14.928
17089,4.65,16.652,59.566,23.657,5.877,6.554,0.212,23.613
17091,5.57,31.252,45.278,21.834,4.864,6.595,0.182,21.63
17093,5.53,12.723,61.561,25.716,4.246,6.637,0.203,22.407
17095,10.36,10.706,64.82,24.475,1.699,6.361,0.2,18.409
17097,4.07,16.195,58.344,25.03,5.826,6.629,0.206,24.724
17099,6.79,14.663,58.895,25.894,3.494,6.537,0.195,21.508
17101,6.3,26.418,53.216,20.366,1.579,6.131,0.188,14.676
17103,5.67,30.474,48.836,20.538,3.739,6.505,0.189,19.449
17105,4.58,17.74,53.461,27.796,3.782,6.635,0.183,21.792
17107,6.34,12.137,63.547,24.316,2.492,6.516,0.203,19.572
17109,9.02,7.971,67.183,24.846,1.927,6.271,0.202,19.039
17111,4.87,23.841,53.11,22.513,6.089,6.611,0.213,22.392
17113,6.5,12.437,61.896,25.667,2.619,6.515,0.189,20.256
17115,4.86,11.291,63.187,25.522,3.064,6.567,0.193,20.682
17117,8.43,11.814,64.869,23.317,1.733,6.217,0.204,17.805
17119,7.41,12.881,63.451,23.668,1.928,6.382,0.201,18.185
17121,9.03,13.291,64.817,21.892,1.307,6.027,0.193,14.529
17123,8.5,16.693,59.013,24.294,2.27,6.52,0.198,17.045
17125,4.83,30.73,49.14,20.131,5.697,6.558,0.197,22.255
17127,10.72,17.265,58.696,24.039,1.348,5.773,0.187,15.476
17129,10.75,15.829,60.803,23.368,2.101,6.54,0.2,18.521
17131,11.81,14.46,62.298,23.242,1.935,6.311,0.199,17.907
17133,9.28,10.556,64.716,24.74,1.658,6.374,0.201,18.3
17135,6.43,10.312,66.294,23.394,1.827,6.22,0.205,17.33
17137,9.14,23.045,55.575,21.38,1.915,6.484,0.187,17.119
17139,6.63,13.391,60.584,26.025,2.192,6.431,0.182,19.465
17141,6.21,23.384,55.486,21.13,3.33,6.354,0.198,19.128
17143,9.81,15.664,60.274,23.335,2.667,6.603,0.194,19.36
17145,7.89,9.439,68.114,22.447,1.288,6.082,0.201,15.765
17147,5.65,10.59,63.196,26.214,2.664,6.502,0.186,20.625
17149,12.43,14.59,62.241,23.169,1.585,6.372,0.195,17.831
17151,10.8,15.277,61.611,23.112,1.271,5.663,0.191,14.674
17153,8.54,13.14,63.031,23.829,1.46,6.013,0.199,16.807
17155,9.7,27.504,50.948,21.549,2.094,6.442,0.183,16.263
17157,12.25,12.699,61.866,25.435,1.424,6.37,0.193,18.253
17159,6.18,14.362,63.13,22.508,1.406,6.035,0.199,15.666
17161,11.03,20.343,56.776,22.881,2.237,6.487,0.195,18.848
17163,8.14,9.551,65.632,24.825,1.835,6.385,0.201,18.432
17165,9.03,12.595,64.535,22.87,1.359,5.815,0.194,15.19
17167,7.05,8.927,66.488,24.584,2.259,6.443,0.208,19.591
17169,9.91,11.342,64.014,24.644,1.864,6.39,0.193,19.16
17171,9.29,27.022,52.85,20.128,1.773,6.461,0.184,16.03
17173,6.6,14.401,63.289,22.309,2.075,6.298,0.203,17.105
17175,9.94,9.989,64.224,24.764,3.06,6.477,0.204,20.429
17177,6.77,10.095,65.919,23.986,3.28,6.398,0.211,20.653
17179,6.05,25.933,52.774,21.294,5.849,6.505,0.199,23.445
17181,14.0,9.478,65.457,25.065,1.626,6.17,0.193,17.704
17183,8.01,19.257,55.354,25.389,2.641,6.481,0.183,18.932
17185,6.26,20.075,58.236,21.689,1.69,6.081,0.197,15.922
17187,12.15,8.101,67.203,24.696,1.878,6.292,0.206,19.076
17189,7.34,8.896,68.912,22.192,1.528,6.158,0.207,16.372
17191,5.75,10.526,68.172,21.302,1.382,5.897,0.197,14.014
17193,6.53,19.059,59.92,21.021,2.18,6.09,0.199,16.026
17195,5.47,23.979,55.087,20.609,5.911,6.542,0.208,23.81
17197,5.81,23.889,50.566,24.217,4.56,6.754,0.185,22.151
17199,12.42,9.514,66.837,23.648,1.178,5.779,0.191,15.473
17201,5.05,23.245,54.947,21.49,5.06,6.442,0.203,21.159
17203,6.5,17.639,57.354,25.006,3.891,6.533,0.19,21.639
18001,2.49,22.649,46.319,28.588,4.186,6.563,0.199,24.136
18003,3.63,33.283,41.835,23.059,4.354,6.436,0.189,21.807
18005,7.29,25.708,54.607,19.684,1.856,6.145,0.198,14.068
18007,2.73,22.941,51.923,23.805,4.333,6.492,0.202,21.561
18009,3.94,20.592,43.238,33.154,4.388,6.539,0.187,26.873
18011,4.97,22.335,55.703,21.961,2.37,6.317,0.204,15.596
18015,4.35,32.152,46.468,19.293,5.491,6.63,0.198,22.618
18017,4.44,36.275,42.879,17.023,4.439,6.378,0.18,19.648
18019,11.62,10.659,65.956,23.385,1.46,5.62,0.195,13.416
18021,11.01,23.573,56.822,19.605,1.959,6.062,0.189,13.824
18023,2.92,20.871,54.998,20.721,5.118,6.498,0.208,22.362
18027,9.76,19.423,60.107,20.47,1.657,5.836,0.189,13.57
18029,10.9,15.048,60.662,24.29,1.714,6.063,0.188,14.778
18031,8.05,24.184,55.706,20.11,1.962,6.161,0.193,14.603
18033,4.67,37.954,35.519,21.187,5.677,6.534,0.183,24.746
18035,6.71,26.289,48.78,24.931,5.72,6.547,0.195,23.661
18037,9.67,18.928,61.479,19.593,1.496,5.603,0.193,12.304
18039,3.56,53.983,25.609,12.485,10.59,6.301,0.177,30.419
18041,8.66,21.395,58.34,20.265,1.985,6.313,0.205,16.271
18043,10.25,10.034,68.569,21.396,1.633,5.787,0.203,12.494
18045,7.15,25.761,54.648,19.591,2.818,6.337,0.199,16.077
18047,8.77,25.604,52.839,21.557,1.832,6.281,0.188,14.948
18049,2.83,61.12,22.244,10.788,11.409,6.233,0.179,35.132
18051,7.12,23.168,57.23,18.909,2.23,6.232,0.192,14.981
18053,5.32,22.381,47.122,28.215,3.814,6.501,0.192,22.855
18055,11.32,23.495,55.018,20.223,2.914,5.863,0.186,16.237
18057,5.66,23.958,51.688,22.158,5.429,6.499,0.207,23.635
18059,5.12,23.208,50.814,22.604,4.645,6.364,0.206,21.757
18061,11.87,12.353,65.067,22.58,1.588,5.759,0.195,12.981
18063,5.08,26.945,51.593,21.462,2.076,6.381,0.194,14.918
18065,6.94,24.803,45.952,26.457,3.786,6.648,0.188,20.994
18067,3.61,20.191,52.144,23.267,5.363,6.418,0.203,24.496
18069,5.26,27.529,45.816,25.286,3.024,6.438,0.19,19.749
18071,8.32,22.012,57.765,20.223,1.524,5.771,0.189,12.651
18073,1.89,58.428,23.757,13.218,11.039,6.433,0.181,31.968
18075,3.11,20.49,44.728,32.213,4.26,6.57,0.191,26.045
18077,10.02,14.771,62.348,22.881,1.529,5.752,0.194,13.273
18079,8.59,17.502,62.397,20.102,1.469,5.811,0.199,12.11
18081,7.6,27.422,51.165,21.413,3.015,6.399,0.2,17.052
18083,6.13,26.621,51.942,19.685,3.077,6.142,0.184,18.112
18085,4.83,55.007,28.486,13.213,7.877,6.381,0.177,25.856
18087,4.84,60.443,22.539,10.521,13.812,6.377,0.196,37.628
18089,3.94,42.64,36.406,17.622,7.791,6.196,0.181,27.556
18091,3.76,50.302,32.492,12.654,16.793,6.198,0.207,46.45
18093,14.21,18.753,62.198,19.049,1.549,5.626,0.19,11.311
18095,6.06,24.031,51.873,22.772,5.282,6.538,0.202,23.381
18097,4.82,27.338,51.396,21.266,2.234,6.583,0.201,14.819
18099,3.04,51.8,21.977,9.359,16.84,6.3,0.195,45.159
18101,13.64,19.297,61.468,19.235,1.59,5.724,0.19,11.446
18103,4.91,34.249,41.88,20.639,4.48,6.56,0.188,21.647
18105,11.28,13.923,65.458,20.619,1.651,5.706,0.198,12.258
18107,5.38,23.452,53.762,19.004,4.894,6.437,0.208,21.118
18109,7.12,24.127,55.705,20.168,2.055,6.144,0.196,15.044
18111,2.39,56.078,28.58,14.454,7.061,6.451,0.175,23.735
18113,5.72,44.327,31.726,17.383,9.638,6.428,0.193,30.665
18115,10.11,14.782,61.071,24.147,1.687,6.031,0.188,14.668
18117,17.12,14.928,65.293,19.779,1.614,5.452,0.197,11.595
18119,13.24,20.239,60.602,19.159,2.237,5.958,0.194,13.482
18121,7.83,31.688,49.188,18.231,2.686,6.318,0.196,15.888
18123,9.49,16.207,62.077,21.716,1.613,5.772,0.191,12.108
18125,8.81,16.395,63.066,20.539,1.672,5.896,0.194,13.247
18127,4.26,45.549,34.243,13.974,9.343,6.107,0.184,31.018
18129,5.67,23.699,57.662,18.639,1.626,6.152,0.191,13.574
18131,1.78,52.565,20.091,9.475,18.483,6.403,0.204,49.639
18133,8.61,20.413,61.266,18.321,1.891,6.126,0.202,13.715
18135,4.42,23.146,48.287,26.491,5.494,6.572,0.195,25.385
18137,10.87,19.006,60.86,20.207,1.719,5.958,0.198,12.43
18139,5.98,23.993,52.254,23.754,2.068,6.514,0.192,16.046
18141,4.27,50.107,26.386,11.35,15.196,6.264,0.192,40.646
18143,9.78,12.454,66.394,21.152,1.404,5.483,0.198,12.272
18145,5.77,32.005,45.656,20.364,3.642,6.574,0.192,18.49
18147,7.05,12.31,66.121,21.569,1.5,5.869,0.199,13.324
18149,1.69,70.441,14.453,5.774,13.016,6.109,0.164,34.878
18151,5.8,48.865,29.637,15.462,10.22,6.442,0.184,31.965
18153,8.61,28.676,52.238,17.919,2.788,6.157,0.187,16.2
18155,8.22,17.863,58.795,23.342,1.682,5.934,0.191,14.746
18157,4.98,32.594,47.012,18.222,5.486,6.545,0.196,21.0
18159,3.07,19.774,51.123,20.869,7.478,6.424,0.216,28.277
18161,8.57,22.194,57.356,20.45,2.051,6.408,0.205,16.746
18163,5.27,10.703,66.958,22.339,1.578,5.955,0.202,13.854
18165,7.77,25.33,54.307,20.363,3.972,6.351,0.2,19.028
18167,8.65,29.687,51.45,18.864,2.045,6.201,0.186,14.81
18169,5.79,36.188,39.417,20.797,5.788,6.522,0.19,23.811
18171,5.25,23.9,52.249,21.646,3.723,6.447,0.196,19.923
18173,9.11,9.87,68.589,21.541,1.697,5.896,0.196,13.641
18175,11.86,15.014,65.144,19.842,1.617,5.666,0.199,11.652
18177,7.34,23.69,50.409,24.009,3.214,6.477,0.19,19.61
18179,3.05,24.529,48.036,27.436,2.522,6.53,0.192,19.015
18181,1.84,43.392,38.201,14.805,5.018,6.403,0.185,19.592
18183,5.8,43.931,30.345,17.337,9.225,6.482,0.193,30.984
19001,8.68,15.417,55.118,29.466,2.646,6.229,0.196,23.959
19003,7.98,13.793,55.117,31.09,2.71,6.211,0.198,24.714
19005,12.8,25.261,55.18,19.4,2.068,6.421,0.194,17.719
19007,8.81,20.38,51.3,28.301,2.733,6.017,0.19,24.345
19009,9.28,12.556,57.089,30.355,2.448,6.203,0.2,24.692
19011,7.85,28.711,50.673,20.616,3.092,6.255,0.179,19.061
19013,4.1,40.466,39.684,19.849,3.772,6.325,0.169,19.451
19015,6.8,42.436,35.181,22.383,4.593,6.796,0.185,22.577
19017,4.66,41.9,39.596,18.504,3.746,6.348,0.17,17.672
19019,3.56,46.042,36.254,17.705,3.666,6.311,0.166,18.058
19021,5.24,26.314,45.852,27.834,5.269,6.735,0.197,26.745
19023,4.39,34.697,44.7,20.603,4.315,6.383,0.182,21.215
19025,4.52,33.609,39.981,26.41,5.063,6.874,0.195,24.133
19027,8.2,29.45,44.886,25.664,3.244,6.589,0.192,21.997
19029,8.02,14.842,53.606,31.552,2.558,6.203,0.19,24.93
19031,8.44,19.319,58.866,21.814,3.062,6.199,0.185,20.491
19033,4.4,35.66,41.119,23.221,4.956,6.702,0.191,23.377
19035,9.71,25.868,47.53,26.602,3.193,6.742,0.196,23.043
19037,4.08,43.609,36.963,19.428,4.35,6.274,0.171,20.631
19039,9.71,22.462,47.965,29.573,2.437,6.148,0.189,23.998
19041,4.77,33.873,39.76,26.367,5.087,6.679,0.192,26.646
19043,9.38,26.891,53.075,19.956,2.752,6.43,0.196,19.462
19045,8.19,23.031,55.285,21.62,2.969,6.279,0.191,20.094
19047,10.54,10.455,63.757,25.788,2.278,6.561,0.21,21.437
19049,8.83,33.182,42.583,24.236,3.074,6.543,0.186,21.206
19051,8.8,20.911,52.422,26.666,1.873,6.032,0.189,21.346
19053,9.02,21.763,50.045,28.144,2.185,6.087,0.188,22.669
19055,8.05,31.189,49.114,19.637,2.896,6.282,0.184,18.388
19057,7.14,21.62,53.494,24.805,2.308,6.24,0.184,21.93
19059,4.86,34.77,41.223,24.007,5.369,6.785,0.192,22.62
19061,10.62,27.323,52.578,19.942,2.189,6.371,0.196,18.099
19063,6.41,40.779,36.193,23.028,6.243,6.889,0.191,26.372
19065,7.94,35.706,44.847,19.364,2.942,6.381,0.184,18.711
19067,3.9,35.057,43.315,21.628,3.678,6.565,0.184,20.967
19069,5.05,30.249,46.502,23.249,4.533,6.657,0.192,22.935
19071,6.99,15.032,57.29,27.678,3.286,6.875,0.201,24.051
19073,7.74,38.426,37.559,24.015,3.91,6.826,0.191,21.33
19075,3.64,25.986,50.265,23.75,4.568,6.316,0.188,23.184
19077,8.93,23.692,49.168,27.14,3.586,6.28,0.192,24.092
19079,5.74,35.897,38.987,25.116,6.342,6.846,0.198,27.382
19081,4.9,36.846,38.214,24.94,7.088,6.837,0.197,27.843
19083,5.83,29.509,46.472,24.019,4.057,6.566,0.186,22.317
19085,7.95,15.86,58.552,25.588,2.279,7.184,0.195,23.023
19087,7.7,19.096,56.239,24.584,2.266,6.123,0.194,20.629
19089,4.42,38.91,40.952,20.153,4.56,6.311,0.189,22.15
19091,5.78,38.451,37.631,23.918,5.171,6.706,0.189,24.039
19093,9.14,12.977,59.319,27.704,2.623,6.487,0.207,22.992
19095,10.14,20.478,55.455,24.067,1.993,6.132,0.184,20.173
19097,11.94,21.958,56.545,21.428,2.129,6.365,0.2,19.501
19099,9.96,23.334,51.214,25.452,2.435,6.257,0.18,22.1
19101,7.93,18.032,55.472,26.496,2.023,6.068,0.188,21.578
19103,7.63,25.211,53.536,21.253,2.926,6.19,0.181,19.553
19105,8.55,28.197,52.17,19.582,2.885,6.36,0.185,18.095
19107,9.22,17.798,55.364,26.838,2.253,6.137,0.179,22.347
19109,4.74,37.72,38.725,23.555,5.363,6.863,0.19,23.865
19111,7.35,22.836,53.614,23.465,2.799,6.148,0.195,20.759
19113,7.58,28.82,51.13,20.05,2.879,6.276,0.182,18.583
19115,7.54,26.272,51.382,22.346,2.359,6.251,0.181,20.507
19117,9.21,19.208,51.346,29.446,2.151,6.061,0.186,23.276
19119,6.27,20.647,51.837,27.516,3.271,6.775,0.198,24.714
19121,9.68,17.976,53.22,28.804,2.608,6.182,0.195,23.254
19123,8.35,21.345,53.839,24.871,2.4,6.212,0.183,21.678
19125,7.48,16.903,55.918,27.177,2.627,6.189,0.189,22.959
19127,7.82,26.016,49.705,24.28,2.777,6.372,0.182,20.841
19129,8.04,11.077,61.261,27.662,2.573,6.847,0.2,23.633
19131,3.52,30.523,48.014,21.463,3.637,6.258,0.183,20.73
19133,6.5,13.856,57.449,28.695,2.286,7.242,0.192,24.692
19135,8.93,16.686,55.493,27.727,2.324,6.127,0.188,22.134
19137,8.84,15.265,54.917,29.818,2.729,6.229,0.198,24.013
19139,8.38,25.044,53.57,21.386,3.342,6.282,0.186,21.602
19141,6.88,24.912,48.485,26.603,3.582,6.759,0.202,24.336
19143,4.46,28.544,43.92,27.536,4.235,6.774,0.195,24.069
19145,8.53,16.972,53.084,29.944,2.893,6.213,0.196,24.35
19147,4.65,39.784,37.37,22.846,6.033,6.814,0.192,25.139
19149,8.63,12.159,62.478,25.363,2.651,7.007,0.209,22.599
19151,4.31,36.779,38.791,24.43,5.085,6.922,0.192,23.308
19153,7.56,29.783,45.794,24.423,3.783,6.457,0.189,22.308
19155,8.64,10.985,62.103,26.912,2.418,6.814,0.205,23.117
19157,9.24,18.656,55.321,26.023,2.323,6.197,0.182,22.241
19159,9.0,19.667,50.787,29.546,2.522,6.188,0.193,24.612
19161,6.21,25.041,47.731,27.227,4.555,6.653,0.198,25.252
19163,9.39,21.158,55.285,23.557,2.339,6.271,0.186,20.753
19165,10.23,8.122,63.894,27.984,2.27,6.425,0.212,22.617
19167,5.25,21.486,52.073,26.441,3.155,6.78,0.201,23.113
19169,6.47,42.436,34.527,23.038,4.429,6.678,0.184,22.166
19171,12.59,17.952,57.992,24.056,2.016,6.213,0.182,20.202
19173,8.1,15.161,54.656,30.184,2.822,6.161,0.2,25.093
19175,9.0,20.807,50.9,28.293,2.566,6.195,0.194,23.856
19177,8.12,19.145,55.033,25.822,1.921,6.064,0.188,20.288
19179,7.55,19.28,54.76,25.876,2.325,6.154,0.191,21.107
19181,8.88,17.21,54.584,28.207,2.58,6.173,0.192,23.687
19183,8.97,19.086,54.959,25.955,2.088,6.129,0.183,22.297
19185,8.6,19.906,50.86,29.233,2.383,6.176,0.188,24.063
19187,5.44,36.807,38.556,24.402,4.817,6.739,0.191,23.96
19189,5.99,36.294,38.902,24.804,7.744,6.628,0.199,29.961
19191,8.46,30.809,49.413,19.778,3.31,6.41,0.192,18.437
19193,6.52,16.878,56.529,26.592,2.531,7.001,0.196,23.034
19195,4.18,37.915,40.097,21.848,5.637,6.487,0.192,22.943
19197,5.9,36.102,38.38,25.518,5.738,6.81,0.192,25.466
20001,4.93,14.853,54.449,30.699,2.457,6.239,0.172,21.143
20003,5.53,11.805,56.551,31.645,2.257,6.268,0.168,21.037
20005,8.91,15.524,53.519,30.958,2.315,6.471,0.179,24.436
20007,4.66,48.268,33.374,18.358,1.299,7.053,0.153,13.126
20009,3.15,38.656,41.141,20.203,1.669,6.846,0.17,16.268
20011,5.83,16.417,53.591,29.992,2.414,6.326,0.17,20.714
20013,7.23,11.138,57.995,30.868,2.625,6.424,0.189,25.098
20015,3.95,9.879,58.287,31.834,2.518,6.502,0.187,24.188
20017,5.3,6.919,58.07,35.011,2.52,6.575,0.176,27.21
20019,4.68,15.833,52.76,31.407,2.453,6.328,0.172,22.042
20021,4.72,17.814,57.246,24.94,2.276,6.084,0.175,16.878
20023,6.21,39.159,42.206,18.635,1.243,7.656,0.177,13.422
20025,4.8,44.589,35.209,20.202,1.324,7.529,0.164,13.616
20027,5.43,24.906,50.257,24.838,2.248,6.495,0.184,19.536
20029,4.54,21.47,54.024,24.505,2.09,6.748,0.189,19.394
20031,4.23,12.264,56.966,30.77,2.31,6.275,0.174,21.173
20033,4.96,42.099,38.82,19.081,1.404,7.239,0.165,12.765
20035,4.67,20.882,51.015,28.103,2.141,6.478,0.177,21.592
20037,4.23,14.071,56.132,29.797,2.116,6.217,0.183,19.37
20039,6.32,17.275,59.398,23.328,1.802,7.391,0.204,18.666
20041,4.48,21.279,51.206,27.516,2.496,6.707,0.179,20.378
20043,8.75,14.444,58.176,27.38,2.146,6.611,0.19,22.011
20045,5.16,20.292,53.131,26.577,2.398,6.407,0.182,21.279
20047,3.12,46.391,35.398,18.211,1.434,6.867,0.16,14.647
20049,5.17,17.496,52.342,30.162,2.388,6.34,0.169,21.295
20051,5.05,24.198,50.947,24.855,1.75,7.45,0.181,18.687
20053,5.47,24.111,51.745,24.145,2.197,6.721,0.192,18.519
20055,4.27,39.4,38.955,21.645,1.245,7.567,0.164,15.803
20057,3.56,38.985,39.713,21.303,1.498,7.314,0.171,16.279
20059,4.91,16.237,55.748,28.015,2.402,6.185,0.18,20.047
20061,4.53,19.827,54.387,25.787,2.44,6.715,0.186,19.918
20063,5.09,27.611,50.672,21.717,1.662,7.575,0.176,16.723
20065,5.92,31.145,48.613,20.242,1.637,7.383,0.182,15.904
20067,3.35,46.516,33.777,19.707,1.156,7.45,0.153,14.972
20069,3.5,36.472,41.285,22.242,1.381,7.365,0.17,16.483
20071,4.2,27.769,50.461,21.77,1.351,7.552,0.191,16.313
20073,5.58,13.661,54.767,31.572,2.361,6.382,0.17,22.501
20075,4.57,47.543,33.396,19.061,1.065,7.587,0.156,13.053
20077,3.99,43.637,37.744,18.619,1.413,6.827,0.164,13.264
20079,2.39,35.433,40.754,23.813,1.879,6.516,0.161,17.972
20081,3.7,46.153,35.25,18.597,1.181,7.335,0.152,14.162
20083,4.91,18.341,54.615,27.044,1.872,7.553,0.198,20.743
20085,8.13,17.651,50.511,31.838,2.685,6.509,0.187,25.569
20087,6.34,18.976,51.726,29.297,2.446,6.446,0.181,23.671
20089,5.23,18.248,55.565,26.187,1.825,6.987,0.193,20.188
20091,5.02,13.13,59.541,27.329,2.603,6.425,0.188,20.966
20093,4.51,43.91,36.099,19.991,1.103,7.631,0.157,14.275
20095,3.12,50.736,31.278,17.986,1.464,6.703,0.156,14.716
20097,5.19,46.213,35.395,18.392,1.393,6.929,0.16,13.676
20099,4.51,17.317,54.02,28.663,2.233,6.184,0.17,19.019
20101,5.22,25.662,50.555,23.782,1.496,7.642,0.185,17.464
20103,6.88,20.921,51.615,27.463,2.22,6.504,0.179,21.935
20105,4.79,18.267,55.298,26.435,2.105,6.943,0.193,19.964
20107,5.33,13.42,56.78,29.8,2.498,6.305,0.171,19.806
20109,5.14,32.221,45.7,22.079,1.41,7.722,0.163,14.906
20111,4.79,11.222,55.913,32.865,2.455,6.467,0.182,23.875
20113,2.75,31.792,43.713,24.495,2.031,6.494,0.17,18.859
20115,4.74,14.126,54.694,31.18,2.682,6.693,0.178,23.216
20117,6.01,17.975,52.504,29.522,2.42,6.537,0.186,23.369
20119,4.21,43.02,35.714,21.267,1.444,7.485,0.165,15.875
20121,5.05,10.998,59.582,29.42,2.703,6.277,0.179,20.263
20123,5.23,16.053,55.27,28.677,1.913,7.149,0.188,21.768
20125,5.77,18.546,52.119,29.334,2.368,6.236,0.175,19.224
20127,4.63,6.603,60.954,32.443,2.681,6.651,0.192,25.898
20129,3.23,54.444,27.623,17.933,0.999,7.339,0.135,14.271
20131,7.21,16.199,54.205,29.596,2.866,6.547,0.189,23.876
20133,4.43,17.844,54.353,27.804,2.607,6.277,0.179,19.771
20135,6.18,19.052,54.14,26.808,1.736,7.509,0.193,20.229
20137,6.99,17.977,59.189,22.834,1.905,7.22,0.207,18.399
20139,6.7,10.349,57.414,32.236,2.565,6.361,0.186,24.135
20141,6.19,18.064,54.105,27.831,1.803,7.429,0.186,20.726
20143,4.58,20.575,53.118,26.307,2.308,6.697,0.184,20.102
20145,3.97,34.133,44.61,21.256,1.678,7.098,0.18,16.51
20147,5.95,24.567,52.23,23.203,1.788,7.164,0.187,18.126
20149,4.28,25.658,50.436,23.906,2.191,6.804,0.18,19.259
20151,3.34,55.251,27.888,16.862,1.341,6.711,0.149,13.347
20153,8.08,16.703,60.764,22.532,1.698,7.626,0.204,17.612
20155,2.12,50.449,31.898,17.653,1.471,6.457,0.154,14.246
20157,4.94,20.909,53.642,25.448,1.984,6.729,0.189,19.998
20159,2.91,48.642,33.333,18.025,1.605,6.48,0.155,14.821
20161,3.49,16.365,56.522,27.114,2.291,6.753,0.19,21.404
20163,5.53,30.45,46.292,23.258,1.642,7.401,0.171,17.623
20165,4.51,20.433,53.098,26.468,1.696,7.497,0.186,19.994
20167,6.0,23.554,51.337,25.109,1.857,7.253,0.181,19.215
20169,3.33,17.13,54.808,28.063,2.476,6.63,0.189,21.098
20171,3.25,34.425,43.937,21.638,1.405,7.546,0.174,15.977
20173,2.32,34.651,42.307,23.041,1.811,6.624,0.17,17.589
20175,3.84,52.686,29.952,17.345,1.079,7.497,0.14,13.247
20177,5.27,20.965,51.646,27.389,2.332,6.53,0.18,22.139
20179,6.16,29.631,50.304,20.064,1.704,7.505,0.18,15.996
20181,3.66,18.593,57.915,23.491,1.742,7.628,0.196,17.848
20183,5.65,20.134,54.625,25.241,1.833,7.321,0.187,19.425
20185,2.36,61.751,24.169,14.08,1.266,6.605,0.136,11.331
20187,3.07,39.345,39.662,20.993,1.191,7.574,0.165,15.82
20189,2.67,49.701,31.016,19.208,1.041,7.358,0.138,14.946
20191,3.61,34.932,41.983,23.085,1.603,6.68,0.168,17.563
20193,2.59,17.509,58.93,23.561,1.799,7.383,0.193,19.099
20195,5.52,24.613,51.526,23.86,1.665,7.622,0.177,17.513
20197,4.36,14.549,56.571,28.88,2.502,6.687,0.185,22.669
20199,3.73,28.193,48.444,23.363,1.489,7.718,0.176,16.118
20201,5.53,24.923,50.265,24.812,2.329,6.36,0.185,19.826
20203,2.87,28.11,48.728,23.162,1.507,7.673,0.181,18.124
20205,6.15,19.935,51.699,28.366,2.439,6.264,0.175,19.417
20207,6.24,17.661,52.89,29.449,2.35,6.276,0.173,20.379
20209,6.16,19.085,54.371,26.544,2.363,6.495,0.186,21.638
21001,9.66,19.377,57.434,23.188,1.318,5.506,0.174,12.292
21003,11.29,15.239,60.252,24.509,1.4,5.506,0.178,12.285
21011,14.51,19.193,56.135,24.671,1.77,6.078,0.173,12.458
21033,11.88,11.998,64.765,23.237,1.253,5.738,0.19,12.874
21043,16.47,28.897,49.102,22.001,1.867,5.399,0.171,13.242
21045,12.13,17.705,57.049,25.247,1.519,5.748,0.179,11.577
21047,9.35,15.133,61.141,23.726,1.566,5.632,0.188,11.405
21049,12.27,15.403,52.365,32.232,1.915,6.177,0.177,18.752
21051,23.09,40.835,41.383,17.782,2.737,5.271,0.155,11.773
21053,17.72,26.346,47.734,25.92,1.839,5.515,0.169,12.957
21055,9.53,12.425,63.88,23.696,1.497,5.875,0.195,13.41
21057,13.91,27.968,48.365,23.666,1.572,5.675,0.175,11.388
21069,14.22,19.442,53.986,26.572,1.643,5.756,0.174,14.98
21075,4.65,14.355,62.664,22.981,1.808,6.388,0.196,16.381
21083,11.2,16.332,66.436,17.232,1.317,5.343,0.197,9.486
21085,12.99,15.675,57.487,26.838,1.3,5.441,0.177,13.514
21097,9.86,15.692,55.16,29.148,1.922,6.218,0.181,16.245
21101,6.66,14.115,62.195,23.69,1.413,5.858,0.192,14.154
21107,9.31,12.394,63.282,24.324,1.59,5.56,0.186,15.235
21111,9.48,16.573,61.327,22.1,1.567,5.814,0.187,12.545
21135,15.13,23.398,52.904,23.698,1.763,5.76,0.17,13.263
21139,11.39,14.23,61.431,24.339,1.613,5.743,0.188,13.704
21141,8.31,16.4,58.045,25.555,1.571,5.59,0.189,12.864
21151,13.49,17.83,54.916,27.254,1.911,5.895,0.181,15.12
21155,13.04,14.957,56.609,28.434,1.296,5.691,0.177,14.299
21161,11.47,18.396,55.595,26.009,1.851,6.166,0.179,14.325
21169,11.92,18.856,55.789,25.355,1.444,5.46,0.163,13.771
21171,9.12,21.395,54.401,24.204,1.646,5.657,0.172,11.089
21173,15.25,13.96,60.384,25.657,1.746,5.866,0.189,14.673
21179,11.69,13.505,55.486,31.009,1.6,5.969,0.176,18.174
21183,10.75,13.695,62.539,23.766,1.273,5.552,0.184,11.885
21185,11.26,13.417,59.007,27.576,1.777,6.019,0.183,14.85
21199,17.74,26.103,50.268,23.629,1.855,5.302,0.169,13.059
21207,11.32,21.192,55.071,23.737,1.56,5.508,0.173,11.462
21209,8.54,11.361,60.415,28.224,2.266,6.52,0.178,15.279
21211,11.07,11.767,60.949,27.284,1.856,6.177,0.185,15.157
21213,6.68,11.851,62.875,25.274,2.183,5.577,0.191,12.462
21219,8.45,15.941,60.218,23.841,1.55,5.747,0.191,11.464
21227,9.28,13.12,60.166,26.713,1.623,5.739,0.177,10.704
21229,8.84,13.783,58.776,27.441,1.896,6.271,0.182,15.404
21231,17.3,25.039,50.751,24.21,1.636,5.491,0.171,12.394
22009,1.48,18.55,47.989,33.462,1.402,6.331,0.175,23.417
22015,3.17,35.312,34.802,29.887,1.443,6.025,0.151,23.952
22017,3.25,39.073,33.872,27.015,1.376,5.999,0.152,20.996
22021,3.52,23.776,44.295,31.929,1.448,5.419,0.17,21.572
22025,6.83,18.327,47.293,34.381,1.239,5.635,0.174,23.866
22029,1.33,16.156,40.032,43.576,1.406,6.381,0.157,28.624
22035,1.27,19.87,43.434,36.696,1.234,6.374,0.161,25.058
22037,3.66,21.516,59.625,18.859,2.011,5.625,0.182,14.17
22041,1.36,14.248,58.717,27.034,1.338,5.444,0.191,21.45
22043,3.04,27.762,42.869,29.369,1.394,6.033,0.166,24.555
22065,1.19,19.602,40.971,39.427,1.281,6.506,0.15,24.689
22067,1.25,16.353,55.971,27.676,2.789,5.389,0.194,23.096
22069,4.03,38.882,32.631,28.487,1.257,5.728,0.152,26.828
22073,3.58,28.855,47.733,23.412,1.526,5.306,0.174,15.836
22077,0.8,16.512,44.434,39.054,1.412,6.852,0.173,25.033
22079,3.13,32.712,41.141,26.147,1.308,5.749,0.164,23.899
22081,3.48,30.244,42.179,27.577,1.432,6.065,0.169,21.659
22083,1.35,11.693,58.664,29.644,2.229,5.6,0.192,21.41
22097,1.87,11.656,58.435,29.909,1.443,6.003,0.187,22.038
22107,1.14,22.197,37.561,40.242,1.482,6.266,0.154,26.281
22117,3.13,48.97,37.246,13.784,2.198,5.098,0.167,11.811
22123,1.99,11.99,62.778,25.232,1.208,5.53,0.196,17.748
24001,19.01,34.599,45.301,19.719,5.474,5.158,0.134,15.866
24003,7.55,53.506,30.815,14.428,3.306,5.481,0.158,10.847
24005,9.27,36.371,45.634,17.421,2.506,5.512,0.171,11.766
24009,7.72,54.704,31.223,12.206,3.389,5.296,0.163,9.206
24011,2.07,53.662,27.982,9.222,7.272,5.632,0.162,14.122
24013,11.71,34.745,46.343,18.093,2.294,5.833,0.168,11.519
24015,6.91,35.897,46.503,16.349,2.353,5.504,0.172,10.236
24017,7.96,45.335,40.031,14.277,3.764,4.714,0.185,9.86
24019,2.43,48.38,33.187,9.616,7.589,5.633,0.162,10.452
24021,10.46,34.265,46.703,19.032,1.686,5.572,0.156,13.42
24023,12.87,32.292,48.429,19.279,4.137,5.053,0.164,12.455
24027,9.92,40.968,40.507,17.409,2.363,5.477,0.162,10.485
24029,3.56,43.015,39.946,11.609,4.649,5.316,0.167,11.849
24031,8.97,28.625,51.769,19.167,1.965,5.429,0.17,12.728
24033,9.7,50.211,33.565,15.938,2.671,4.86,0.16,10.527
24035,3.24,39.656,40.685,10.822,7.796,5.727,0.192,13.521
24037,5.85,49.006,36.515,14.191,1.423,5.364,0.152,7.466
24039,1.3,46.865,31.328,10.21,8.35,5.494,0.173,16.829
24041,1.9,39.602,40.453,11.247,6.82,5.654,0.185,12.453
24043,13.31,30.604,49.824,19.572,3.953,5.923,0.182,10.813
24045,1.15,56.963,25.777,8.628,6.992,5.524,0.142,12.899
24047,1.27,54.321,27.87,9.041,7.332,5.974,0.156,15.202
26001,9.83,71.525,16.828,11.647,11.373,5.893,0.144,24.896
26005,7.24,69.134,19.499,10.948,10.521,6.13,0.167,26.464
26007,6.36,63.048,22.992,13.961,14.2,6.208,0.166,29.761
26009,9.01,79.429,13.341,7.23,10.308,5.768,0.133,24.012
26011,5.76,67.092,18.512,14.396,8.828,6.352,0.147,20.589
26015,9.51,63.085,24.84,12.075,8.523,6.279,0.17,20.858
26017,1.93,69.032,18.675,12.293,4.537,6.677,0.131,12.388
26021,6.31,59.692,26.454,12.578,10.847,6.251,0.179,28.808
26023,3.58,63.519,24.433,12.048,9.324,6.307,0.173,23.56
26025,7.43,61.384,25.934,12.682,9.288,6.192,0.164,24.479
26027,5.91,66.722,21.319,10.016,14.396,6.156,0.185,28.308
26029,10.34,67.793,20.518,11.689,9.967,6.209,0.147,21.257
26035,4.71,69.019,18.627,12.354,14.811,5.988,0.163,32.83
26037,4.52,60.456,25.76,13.784,7.705,6.475,0.172,21.694
26041,5.53,68.625,22.147,8.937,11.482,6.003,0.158,21.847
26043,9.31,71.655,18.653,7.382,9.909,5.882,0.159,20.547
26045,5.07,58.01,27.483,14.507,9.121,6.361,0.178,23.61
26047,8.3,72.132,17.237,10.631,8.621,6.153,0.138,16.636
26049,5.11,64.119,22.72,13.161,7.419,6.504,0.16,18.158
26051,3.2,73.14,15.133,11.727,8.971,5.973,0.135,20.549
26055,11.07,74.765,16.02,9.215,5.509,5.99,0.129,14.068
26057,2.35,64.044,21.924,14.032,10.756,6.596,0.159,25.127
26059,9.05,55.361,28.045,16.593,10.84,6.337,0.167,27.479
26063,3.08,61.188,25.389,13.423,7.184,6.842,0.154,16.564
26065,5.99,57.456,26.762,13.154,12.582,6.462,0.183,25.732
26067,7.76,61.343,24.089,14.41,3.733,6.362,0.156,14.311
26069,7.27,72.347,14.803,12.85,10.487,5.948,0.138,23.655
26073,4.63,71.684,16.888,11.428,9.427,6.27,0.15,21.347
26075,7.44,59.346,27.793,12.861,10.335,6.336,0.163,22.277
26077,6.55,65.953,23.267,9.465,10.237,6.124,0.166,24.324
26081,8.15,66.209,21.393,11.424,7.94,6.279,0.162,20.278
26087,6.1,57.884,25.473,16.644,6.418,6.301,0.164,17.395
26089,11.67,68.992,20.038,10.97,5.11,6.421,0.13,15.428
26091,5.63,49.226,31.232,19.542,8.05,6.392,0.18,23.188
26093,6.82,62.886,24.27,12.844,8.117,6.496,0.157,20.704
26099,3.08,58.189,24.946,16.05,5.711,6.763,0.149,15.985
26105,9.88,76.183,13.452,10.365,6.584,5.909,0.124,14.018
26107,6.87,74.453,15.455,9.809,16.035,6.175,0.171,34.453
26109,6.1,65.747,21.661,8.843,17.449,6.186,0.188,32.4
26111,1.74,68.428,19.553,12.018,5.539,6.485,0.139,12.448
26113,6.76,74.115,14.773,11.112,15.571,5.783,0.143,35.39
26115,1.95,56.542,25.982,17.477,3.843,6.735,0.153,14.074
26117,5.82,67.821,20.261,10.418,11.755,6.154,0.175,26.432
26119,12.12,78.846,10.756,10.397,8.277,5.819,0.124,17.699
26121,10.5,68.924,19.075,12.001,7.659,5.855,0.148,27.123
26123,9.6,79.79,11.548,7.399,12.279,5.936,0.148,28.15
26125,4.99,61.928,23.511,13.797,6.224,6.632,0.15,15.9
26127,11.34,80.272,10.901,8.827,5.126,5.942,0.115,13.261
26129,10.41,71.162,16.781,12.057,7.979,5.998,0.135,14.636
26133,8.37,64.043,21.463,14.494,9.765,6.001,0.155,19.009
26137,11.27,80.77,10.651,8.58,9.118,5.645,0.124,21.826
26139,8.16,61.834,24.262,13.904,5.516,6.143,0.158,18.516
26141,6.21,71.572,17.986,10.442,8.474,6.315,0.136,18.86
26145,2.11,59.404,26.645,13.951,3.739,6.896,0.148,10.532
26147,2.42,54.692,27.476,17.832,6.315,6.399,0.167,18.237
26149,4.32,63.037,26.661,10.302,9.667,6.164,0.164,24.48
26151,5.51,61.667,24.549,13.783,8.322,6.335,0.163,18.868
26155,4.53,61.523,25.216,13.261,6.343,6.479,0.16,15.771
26157,3.05,56.907,27.0,16.093,12.627,6.813,0.185,29.262
26159,5.02,70.706,18.577,8.57,13.036,6.025,0.168,29.613
26161,5.76,55.832,26.992,17.176,7.739,6.502,0.168,22.848
26163,1.27,63.529,23.063,12.667,5.291,7.245,0.144,15.05
27001,4.35,53.592,36.992,9.415,20.314,5.862,0.23,40.299
27003,5.32,67.709,23.819,8.472,11.394,6.123,0.164,27.083
27005,7.31,51.573,30.841,17.586,7.377,6.707,0.173,24.377
27007,4.09,58.964,31.611,9.425,18.707,6.441,0.204,38.571
27009,4.76,69.569,22.738,7.694,7.623,5.923,0.154,17.721
27011,3.78,31.089,43.396,25.514,5.113,7.303,0.189,23.079
27013,5.06,34.363,40.967,24.67,6.995,6.663,0.199,27.528
27015,6.09,45.526,33.812,20.662,5.876,6.982,0.185,22.78
27017,5.4,43.446,42.246,14.309,22.137,5.77,0.247,38.661
27019,7.48,46.49,33.32,20.19,5.973,6.555,0.184,23.12
27021,5.72,68.374,24.055,7.572,9.487,5.91,0.166,21.728
27023,4.39,31.822,44.684,23.494,4.852,7.242,0.19,20.576
27025,6.26,62.265,28.164,9.571,7.144,6.008,0.161,21.901
27027,4.56,43.282,35.402,21.316,7.992,7.396,0.18,27.146
27029,7.02,60.09,29.445,10.465,14.391,6.597,0.182,33.114
27033,4.89,36.68,38.235,25.085,5.673,6.984,0.19,23.747
27035,7.3,70.59,21.024,8.386,17.614,5.58,0.197,24.409
27037,8.88,44.355,39.837,15.808,5.398,6.46,0.18,21.122
27039,8.49,20.787,57.909,21.304,4.296,6.413,0.207,20.724
27041,6.16,46.718,35.01,18.272,10.458,7.003,0.19,27.293
27043,4.31,30.691,42.14,27.169,8.066,6.748,0.201,29.747
27045,12.34,34.431,46.47,19.096,3.086,6.43,0.184,18.616
27047,5.19,34.042,41.879,24.078,6.756,6.614,0.203,24.614
27049,12.1,29.796,52.683,17.52,3.399,6.49,0.194,16.189
27051,3.25,41.48,36.323,22.197,4.791,7.378,0.176,20.3
27053,7.98,55.652,29.526,14.821,8.402,6.433,0.179,25.529
27055,12.5,30.397,51.565,18.038,3.168,6.498,0.189,16.105
27057,9.43,67.936,23.413,8.65,10.262,6.239,0.163,25.25
27059,6.38,58.989,30.669,10.342,7.828,6.052,0.171,19.387
27063,5.48,34.905,38.8,26.295,6.215,6.849,0.19,25.416
27065,4.2,45.743,42.888,11.369,15.509,5.722,0.221,35.41
27067,6.61,39.116,38.45,22.435,13.04,7.049,0.213,37.149
27069,1.73,50.658,28.335,21.007,10.043,7.317,0.176,29.601
27073,5.39,34.839,41.546,23.615,4.031,7.263,0.185,20.298
27079,7.1,42.25,35.888,21.862,6.215,6.587,0.188,24.357
27081,6.68,32.702,42.301,24.996,3.829,7.196,0.186,20.69
27083,6.42,35.54,39.17,25.29,4.411,7.254,0.184,22.151
27085,3.98,37.278,37.741,24.981,8.759,6.834,0.202,29.761
27087,6.3,48.966,33.78,17.254,10.351,6.918,0.191,29.163
27089,1.24,53.333,31.546,14.853,17.076,7.233,0.2,39.189
27091,4.3,34.073,41.428,24.499,6.847,6.888,0.199,24.764
27093,5.87,39.542,37.43,23.027,10.546,6.896,0.202,33.748
27095,4.51,48.969,41.193,9.838,14.319,5.747,0.209,32.622
27097,6.3,63.816,26.851,9.332,13.887,5.954,0.19,29.545
27099,2.6,32.186,45.668,22.146,4.329,6.394,0.192,21.62
27101,6.33,33.982,40.691,25.327,4.143,7.05,0.185,21.174
27103,6.49,40.185,36.684,23.11,7.147,6.894,0.188,25.837
27105,5.67,30.638,43.026,26.336,4.81,6.827,0.187,22.742
27107,3.17,42.902,36.262,20.835,8.223,7.423,0.186,26.976
27109,10.3,34.129,46.71,19.162,3.588,6.506,0.188,18.57
27111,6.69,53.324,30.681,15.995,6.85,6.896,0.172,21.736
27113,1.7,49.057,37.89,13.053,21.761,7.267,0.217,46.989
27115,3.87,50.653,39.144,10.203,21.781,5.611,0.237,41.528
27117,5.84,27.064,47.642,25.294,3.861,7.059,0.19,20.897
27119,3.65,47.122,36.038,16.687,11.719,7.287,0.192,31.722
27121,4.74,37.755,39.543,22.703,9.218,7.154,0.197,30.56
27125,2.62,48.689,36.383,14.927,16.239,7.376,0.204,37.588
27127,6.73,41.206,35.07,23.724,4.64,7.111,0.187,21.045
27129,4.53,31.768,42.306,25.926,7.29,7.078,0.202,29.422
27131,6.44,34.226,42.715,23.059,7.237,6.477,0.202,29.312
27133,5.93,18.338,53.914,27.749,4.079,6.864,0.197,22.65
27135,1.75,51.349,35.671,12.902,19.31,7.074,0.213,43.808
27139,9.2,49.503,33.036,17.461,5.767,6.506,0.182,21.498
27141,5.17,68.221,22.802,8.977,8.302,6.068,0.157,22.017
27143,5.05,37.692,37.398,24.878,8.514,6.893,0.201,28.714
27145,6.47,53.468,31.669,14.863,10.53,6.601,0.191,28.024
27147,5.92,38.015,38.762,23.222,5.321,6.52,0.193,23.842
27149,3.33,31.588,42.42,25.992,6.501,7.422,0.193,27.5
27151,4.83,32.891,41.997,25.113,5.85,7.355,0.186,23.544
27153,7.22,66.866,22.375,10.759,8.823,6.367,0.16,22.838
27155,2.58,26.405,45.621,27.974,4.99,7.302,0.192,24.934
27157,11.99,30.38,51.888,17.732,2.229,6.361,0.193,15.051
27159,4.06,70.071,22.162,7.767,12.77,6.21,0.171,30.889
27161,4.97,35.551,39.61,24.839,11.11,6.7,0.209,34.739
27163,7.26,49.646,38.228,12.126,5.123,6.147,0.175,17.159
27165,3.28,41.112,36.698,22.19,5.941,6.98,0.185,22.657
27167,2.89,33.535,42.283,24.182,6.777,7.423,0.187,25.405
27169,12.41,28.101,53.297,18.602,3.08,6.464,0.198,17.122
27171,6.31,52.721,31.72,15.559,10.256,6.499,0.187,29.451
27173,6.89,34.389,41.643,23.969,4.081,7.221,0.188,20.151
28003,8.84,30.53,46.826,22.644,1.375,5.343,0.177,28.277
28007,7.08,27.657,51.974,20.369,1.024,5.013,0.192,10.7
28009,9.65,22.234,59.379,18.387,0.979,5.235,0.196,13.79
28011,2.63,23.134,42.56,34.306,1.07,6.064,0.159,23.01
28013,7.62,18.821,58.872,22.307,0.982,5.115,0.198,11.8
28015,9.21,16.804,60.562,22.633,0.884,5.55,0.192,15.53
28017,5.5,25.631,45.922,28.446,1.088,5.509,0.163,21.743
28021,8.13,11.49,68.971,19.54,0.829,5.467,0.214,13.692
28025,5.39,27.823,43.317,28.861,1.307,5.618,0.164,22.855
28027,2.78,22.602,42.592,34.806,1.142,6.092,0.16,24.274
28033,6.33,16.901,59.118,23.98,0.892,5.506,0.197,15.543
28039,5.15,57.926,25.977,14.299,2.171,5.024,0.135,2.951
28043,11.11,20.503,57.252,22.246,0.922,5.158,0.194,14.25
28049,9.58,14.625,66.715,18.66,0.895,5.341,0.205,10.451
28051,7.74,20.308,56.848,22.843,0.979,5.424,0.188,14.435
28053,1.83,11.788,45.04,43.172,0.969,5.273,0.171,20.367
28055,2.09,27.225,39.135,33.332,1.165,6.553,0.169,24.825
28057,7.59,40.337,37.263,22.4,1.019,5.17,0.162,24.643
28071,10.44,25.965,53.632,20.402,0.811,5.26,0.182,10.832
28081,6.91,33.59,40.597,25.813,1.125,5.511,0.162,23.306
28083,1.79,29.988,43.977,25.734,1.34,5.379,0.17,19.754
28087,4.8,35.704,39.156,25.139,1.376,5.592,0.163,23.154
28089,7.29,15.624,66.314,18.062,0.88,5.361,0.205,9.548
28093,8.71,18.706,60.773,20.521,0.95,5.236,0.199,10.189
28095,7.15,38.86,35.22,25.92,1.193,5.443,0.161,25.125
28097,9.01,24.975,57.799,17.226,0.95,5.203,0.194,6.583
28103,5.67,31.382,39.724,28.894,1.248,5.5,0.162,23.09
28107,9.88,14.838,61.863,23.299,0.949,5.216,0.199,9.519
28115,6.56,20.79,54.552,24.658,1.063,5.31,0.186,24.325
28117,8.55,36.225,39.882,23.893,1.066,5.354,0.172,25.127
28119,2.01,20.414,48.652,30.935,1.049,5.716,0.173,20.41
28121,6.66,29.836,51.728,18.436,1.033,5.051,0.19,11.69
28123,6.51,35.804,42.079,22.117,1.124,5.097,0.176,19.826
28125,1.47,14.434,44.532,41.034,1.25,6.249,0.173,25.7
28127,6.52,41.689,41.836,16.474,1.079,5.143,0.172,8.977
28133,3.26,16.285,46.583,37.132,1.017,5.622,0.167,27.011
28135,5.68,15.103,61.531,23.366,0.97,5.348,0.199,16.292
28137,8.77,15.729,61.072,23.199,0.843,5.399,0.202,8.992
28139,9.72,26.905,52.294,20.801,0.872,5.081,0.184,10.195
28141,9.52,46.776,35.009,18.215,0.925,4.912,0.159,4.1
28143,2.38,29.453,36.821,33.727,1.346,6.29,0.143,22.722
28145,10.28,22.048,52.437,25.515,0.951,5.194,0.174,20.319
28147,6.81,44.866,39.572,15.562,1.106,5.037,0.159,6.738
28149,4.58,15.202,60.625,24.174,0.957,5.808,0.199,18.726
28151,1.94,23.81,41.285,34.905,1.116,6.145,0.167,23.739
28155,7.37,24.442,54.291,21.267,0.94,5.197,0.187,9.287
28161,7.18,21.364,61.028,17.608,0.849,5.323,0.191,10.923
28163,4.93,11.947,61.555,26.498,1.011,5.737,0.202,17.603
29001,8.26,24.37,49.361,26.27,2.302,6.343,0.186,21.08
29003,7.73,12.492,58.121,29.387,2.522,6.354,0.193,22.626
29005,8.73,14.687,58.252,27.061,2.334,6.833,0.192,21.179
29007,5.78,13.615,63.814,22.571,1.807,6.158,0.195,16.419
29009,14.86,19.41,61.611,18.979,2.196,5.813,0.145,12.557
29011,4.39,26.804,52.555,20.641,2.169,5.859,0.184,14.215
29013,4.63,14.775,57.903,27.322,2.285,6.295,0.183,18.886
29015,9.81,19.366,58.044,22.591,1.775,6.007,0.18,14.733
29017,9.16,18.626,62.858,18.515,2.458,5.748,0.189,12.306
29019,10.28,16.121,61.395,22.485,1.8,6.496,0.185,17.598
29021,8.86,12.285,59.427,28.288,2.473,6.569,0.191,22.727
29023,5.04,25.906,57.73,16.364,1.878,5.789,0.182,10.575
29025,7.18,14.134,55.643,30.223,2.53,6.07,0.188,23.437
29027,9.18,17.458,60.297,22.245,1.708,6.252,0.182,16.882
29031,7.62,16.753,61.155,22.091,1.96,6.134,0.196,15.63
29033,5.59,15.689,54.745,29.566,2.259,6.401,0.182,21.499
29037,5.58,12.307,60.172,27.521,2.428,6.235,0.196,21.797
29039,9.1,22.321,58.385,19.294,2.208,5.882,0.175,12.569
29041,5.99,16.223,56.787,26.99,2.127,6.506,0.194,20.882
29043,11.36,20.679,61.556,17.766,2.148,5.763,0.147,11.952
29045,6.42,26.693,52.419,20.888,2.207,6.273,0.194,17.489
29047,7.88,11.738,60.004,28.258,2.348,6.501,0.191,22.121
29049,7.64,13.275,57.841,28.884,2.586,6.221,0.193,23.109
29051,8.58,17.774,61.214,21.012,1.699,6.329,0.18,16.066
29053,6.24,14.515,63.784,21.701,1.904,6.415,0.2,16.551
29057,7.08,23.74,58.374,17.886,2.31,5.81,0.175,11.621
29059,11.4,20.13,59.015,20.856,1.907,5.991,0.162,13.71
29061,8.03,14.473,55.305,30.222,2.611,6.27,0.189,24.154
29063,7.63,15.554,54.56,29.886,2.493,6.208,0.184,23.171
29069,2.04,27.211,50.639,22.149,1.269,5.952,0.179,15.624
29071,12.46,21.242,59.087,19.67,2.009,6.043,0.171,14.149
29073,12.5,20.442,59.215,20.343,1.88,5.963,0.173,14.472
29075,6.61,15.052,56.167,28.781,2.608,6.257,0.193,23.947
29077,9.15,18.066,61.195,20.739,2.101,5.882,0.166,14.365
29079,6.31,19.885,51.66,28.455,2.459,6.375,0.188,23.097
29081,7.32,19.044,51.32,29.636,2.515,6.263,0.188,25.356
29083,7.75,23.012,52.654,24.334,1.807,5.953,0.184,16.308
29085,11.45,18.988,58.739,22.273,1.734,6.008,0.164,14.424
29087,8.38,14.854,59.496,25.649,2.239,6.856,0.195,19.722
29089,6.9,15.604,61.624,22.772,1.872,6.202,0.196,18.173
29095,7.01,10.492,63.73,25.778,2.207,6.483,0.194,20.41
29097,3.87,15.115,64.418,20.467,2.397,5.97,0.179,14.256
29099,14.92,15.879,63.055,21.066,2.227,6.27,0.179,14.572
29101,5.6,14.508,60.136,25.356,2.054,6.149,0.203,19.234
29103,5.79,15.493,59.296,25.21,2.251,6.247,0.201,20.022
29105,12.27,20.077,59.934,19.988,1.846,6.016,0.156,13.85
29107,6.72,12.386,63.159,24.456,2.282,6.457,0.201,19.804
29109,7.11,20.343,60.516,19.141,2.222,5.881,0.162,13.38
29111,5.56,17.151,60.816,22.033,2.144,6.269,0.202,17.931
29113,10.45,10.582,65.66,23.759,2.115,6.11,0.19,17.331
29115,7.35,18.744,51.785,29.47,2.198,6.173,0.187,22.444
29117,4.94,13.197,56.944,29.859,2.695,6.196,0.189,23.27
29121,8.7,18.873,54.564,26.562,2.199,6.18,0.189,20.748
29125,10.39,16.817,62.842,20.341,1.516,5.944,0.173,13.925
29127,7.18,16.875,59.792,23.333,2.151,6.202,0.194,18.265
29129,8.2,23.393,46.46,30.147,2.362,6.162,0.175,23.17
29131,10.98,15.342,63.632,21.026,1.851,6.034,0.168,15.41
29133,0.72,36.123,39.876,24.0,1.502,6.309,0.162,17.693
29135,6.96,14.505,62.94,22.554,1.742,6.244,0.188,16.556
29137,8.66,17.113,58.664,24.223,1.996,6.151,0.189,18.464
29139,6.89,17.042,59.772,23.187,2.014,6.338,0.182,17.672
29141,9.41,12.899,65.278,21.823,1.926,6.077,0.184,15.235
29143,1.2,37.85,38.618,23.532,1.421,6.218,0.161,17.432
29145,10.23,17.715,64.495,17.79,2.242,5.713,0.156,11.813
29147,7.1,17.933,52.244,29.822,2.788,6.255,0.195,24.099
29151,9.22,15.07,62.477,22.452,1.603,6.195,0.18,16.381
29155,0.57,33.862,41.69,24.448,1.41,6.433,0.173,18.031
29157,11.66,19.978,58.804,21.218,2.366,6.163,0.174,16.246
29159,6.44,15.376,59.943,24.681,2.231,6.181,0.202,17.779
29163,7.4,12.366,64.702,22.931,2.052,6.255,0.195,17.273
29165,7.34,10.55,63.706,25.744,2.056,6.556,0.194,19.866
29167,9.16,18.317,62.59,19.093,2.185,5.907,0.178,12.717
29171,8.94,19.66,51.57,28.769,2.22,6.264,0.186,23.067
29173,7.25,14.145,62.648,23.207,2.063,6.209,0.196,18.221
29175,7.76,14.011,60.629,25.36,1.965,5.959,0.195,19.635
29177,6.66,12.715,58.421,28.864,2.411,6.447,0.188,22.038
29181,10.8,29.304,54.731,15.965,2.59,5.67,0.158,10.379
29183,5.88,16.168,60.099,23.733,1.925,6.505,0.182,17.579
29185,7.94,26.824,51.651,21.526,2.15,5.952,0.17,15.157
29186,12.46,18.649,60.342,21.009,2.309,6.036,0.18,15.314
29187,12.56,22.28,59.047,18.672,2.775,5.853,0.174,12.516
29189,9.52,17.173,61.732,21.094,1.887,6.395,0.175,16.214
29195,6.85,15.935,60.287,23.778,2.206,6.461,0.198,18.236
29197,6.22,21.615,51.852,26.533,2.464,6.073,0.19,21.546
29199,6.27,16.281,58.297,25.421,2.305,6.235,0.204,21.067
29201,1.91,34.625,44.549,20.826,1.409,6.251,0.171,15.18
29205,7.22,18.458,57.597,23.945,2.17,6.246,0.196,18.908
29207,3.87,25.581,55.56,18.859,1.537,5.828,0.191,12.728
29211,7.66,23.62,47.903,28.478,2.309,6.245,0.185,21.805
29215,9.32,28.567,54.613,16.82,1.826,5.76,0.153,11.407
29217,5.19,26.797,49.696,23.507,2.128,5.94,0.179,16.398
29219,7.75,17.925,59.143,22.932,1.88,6.344,0.181,17.185
29223,10.93,23.094,59.235,17.67,2.809,5.73,0.173,12.12
29225,10.3,19.715,61.872,18.413,2.083,5.835,0.165,13.443
29227,7.26,19.076,53.207,27.717,2.726,6.063,0.193,22.892
30017,12.74,33.876,40.168,25.952,1.255,7.753,0.156,18.107
30021,11.15,35.719,39.613,24.668,1.447,7.679,0.157,16.428
30079,10.16,36.244,40.29,23.287,1.359,7.705,0.157,16.617
30083,8.02,34.314,40.811,24.875,1.621,7.652,0.161,17.2
30103,8.82,37.035,32.046,30.918,1.242,7.755,0.153,20.236
30111,8.01,34.818,35.591,29.547,1.505,7.696,0.151,19.753
31001,5.43,33.151,46.839,20.011,1.791,6.762,0.191,16.354
31003,5.71,54.47,30.75,14.658,2.027,6.749,0.157,13.0
31005,5.12,71.388,12.984,8.922,9.61,7.001,0.141,14.916
31007,9.19,58.306,27.602,13.854,1.491,7.404,0.157,12.593
31009,6.63,84.897,8.193,6.641,1.377,6.66,0.104,6.077
31011,7.5,40.391,41.695,17.914,1.977,6.816,0.172,15.218
31013,6.69,63.93,22.802,12.795,2.139,7.396,0.145,11.464
31015,7.04,42.257,35.529,22.214,1.898,7.014,0.146,17.863
31017,6.84,77.775,13.196,8.223,2.125,6.649,0.114,8.215
31019,5.23,42.221,40.895,16.885,1.749,6.987,0.18,14.343
31021,7.61,13.793,57.865,28.212,2.495,7.001,0.193,24.96
31023,7.6,26.518,50.291,23.191,2.037,6.866,0.19,19.23
31025,8.18,15.933,56.208,27.859,2.32,6.52,0.187,23.119
31027,8.55,28.58,47.566,23.854,1.961,7.147,0.178,19.398
31029,6.99,46.059,39.022,14.895,1.69,7.28,0.168,13.164
31031,7.61,76.858,13.324,8.544,4.024,6.956,0.121,10.724
31033,7.75,53.236,31.255,15.223,1.544,7.333,0.159,13.62
31035,6.06,18.617,56.718,24.666,2.476,6.362,0.21,20.388
31037,5.67,28.21,47.823,23.968,2.125,7.025,0.187,21.449
31039,5.06,28.553,48.636,22.811,2.453,6.973,0.185,18.923
31041,8.59,49.739,34.756,15.506,1.716,6.963,0.172,13.212
31043,9.67,16.22,56.016,27.764,2.317,7.301,0.194,24.898
31045,9.43,48.608,32.899,18.562,1.482,7.5,0.152,14.829
31047,6.5,30.96,48.397,20.642,1.877,7.157,0.195,16.839
31049,4.72,53.823,30.308,15.869,1.404,7.327,0.163,16.535
31051,7.06,28.028,47.802,24.17,2.47,7.011,0.181,20.852
31053,5.88,33.477,44.917,21.606,2.316,7.021,0.186,19.766
31055,5.75,23.409,53.064,23.527,2.027,6.996,0.196,20.854
31057,7.27,58.872,27.635,13.408,0.957,7.486,0.147,9.707
31059,4.6,12.339,59.613,28.048,2.524,6.332,0.207,22.518
31061,9.27,32.78,48.353,18.867,1.834,7.027,0.185,15.432
31063,9.65,24.418,55.221,20.309,1.748,7.085,0.202,16.456
31065,7.72,21.122,57.473,21.404,1.783,7.233,0.204,17.165
31067,9.73,20.055,51.235,28.71,2.522,6.595,0.187,23.485
31069,8.49,68.998,20.197,10.312,2.234,7.318,0.133,10.482
31071,7.06,63.202,24.279,12.216,1.938,6.938,0.148,10.57
31073,6.78,26.386,52.898,20.716,1.768,6.999,0.203,16.999
31077,7.67,47.486,36.984,15.529,1.651,6.876,0.168,13.049
31079,2.99,45.421,37.776,16.803,1.943,6.815,0.175,14.133
31081,4.76,32.574,47.184,20.242,1.876,6.747,0.192,16.562
31083,6.38,22.825,56.32,20.855,2.152,7.08,0.203,17.11
31085,10.9,41.299,43.865,14.784,1.64,7.385,0.178,12.611
31087,5.41,40.859,43.946,15.194,1.472,7.477,0.18,12.618
31089,6.17,64.423,21.763,13.546,1.97,6.743,0.131,12.146
31093,4.83,47.771,36.324,15.904,1.712,6.959,0.168,13.75
31095,8.94,22.578,49.421,28.0,2.193,6.457,0.184,22.253
31097,7.71,20.803,47.619,31.578,2.495,6.602,0.173,25.732
31099,4.8,40.258,42.172,17.57,1.886,7.117,0.182,14.811
31101,8.52,58.064,27.907,13.61,1.94,7.291,0.148,13.273
31103,8.15,65.625,20.823,13.392,1.759,6.915,0.132,12.029
31105,5.5,50.104,32.524,17.308,1.537,7.231,0.164,16.426
31107,7.96,37.889,39.915,22.196,1.956,7.029,0.163,17.78
31109,7.89,18.47,51.288,30.243,2.466,6.53,0.175,25.017
31111,6.89,47.66,36.339,15.691,2.29,7.156,0.17,13.854
31113,7.96,55.35,30.636,13.785,1.809,6.888,0.162,12.241
31115,7.27,66.026,22.113,10.572,2.223,6.827,0.14,9.961
31117,6.09,77.989,11.633,7.586,4.752,6.906,0.118,9.756
31119,4.41,41.241,39.693,19.066,2.3,6.808,0.176,16.611
31121,3.01,51.886,33.24,14.874,1.875,6.958,0.168,13.042
31123,9.49,66.339,22.373,11.054,1.617,7.437,0.146,10.303
31125,6.32,44.238,39.024,16.738,1.8,6.922,0.173,14.395
31127,7.73,15.893,54.184,29.923,2.32,6.824,0.183,24.818
31129,7.53,23.316,53.999,22.684,2.247,6.752,0.198,18.481
31131,8.76,16.714,52.997,30.288,2.514,6.594,0.184,25.662
31133,8.17,19.56,48.76,31.68,2.411,6.539,0.18,25.622
31135,5.47,49.401,35.469,15.13,1.67,7.138,0.161,13.376
31137,6.04,33.748,47.367,18.885,1.783,7.073,0.192,15.874
31139,4.36,42.875,38.921,18.204,2.225,6.716,0.177,15.598
31141,4.8,40.273,41.026,18.701,2.12,6.899,0.174,15.965
31143,4.66,43.984,39.6,16.416,1.764,6.895,0.175,13.729
31145,6.84,28.956,52.533,18.381,1.616,7.353,0.191,15.162
31147,7.6,12.928,56.31,30.762,2.172,6.624,0.186,24.766
31149,6.67,81.315,10.899,7.542,1.591,6.657,0.108,7.244
31151,6.22,16.233,54.615,29.152,2.276,6.358,0.197,23.524
31153,6.94,20.099,55.138,24.763,2.0,6.973,0.197,20.208
31155,6.77,26.739,48.727,24.534,2.167,6.942,0.183,20.408
31157,8.71,60.241,26.793,13.012,1.276,7.63,0.15,11.422
31159,8.25,17.659,53.742,28.599,2.285,6.577,0.193,22.936
31161,7.63,62.448,24.2,12.942,2.307,7.234,0.138,11.639
31163,6.19,44.299,38.749,16.952,2.035,6.955,0.173,14.488
31165,8.75,55.413,26.857,17.922,1.353,7.501,0.141,14.694
31167,5.14,40.017,40.918,19.065,2.134,6.901,0.176,16.568
31169,8.44,22.43,52.334,25.236,2.116,6.552,0.196,19.924
31173,8.87,19.496,54.692,25.812,2.343,7.042,0.195,23.845
31175,7.94,45.658,37.823,16.519,2.96,6.896,0.18,15.661
31177,7.33,17.399,55.795,26.806,2.049,6.928,0.193,23.222
31179,5.6,28.51,49.547,21.943,2.275,6.797,0.189,18.409
31181,7.56,24.703,53.323,21.974,2.227,7.034,0.193,17.81
31183,5.9,62.05,25.347,11.974,2.307,6.948,0.146,10.861
31185,5.87,15.232,59.74,25.028,2.708,6.473,0.213,20.747
34001,1.64,67.242,18.643,8.535,7.494,5.492,0.121,12.996
34005,3.41,68.58,19.061,11.218,3.25,4.942,0.129,10.495
34011,2.21,57.08,25.323,8.349,8.414,5.214,0.142,15.79
34015,4.19,63.725,23.711,10.409,3.76,5.314,0.137,6.96
34019,7.88,34.076,47.877,18.047,2.59,5.28,0.176,14.451
34021,6.16,40.982,42.277,16.012,2.732,5.192,0.155,13.491
34023,3.67,49.976,34.377,14.728,5.475,5.052,0.151,16.03
34025,4.7,65.735,21.011,10.811,4.345,5.274,0.128,8.226
34027,10.44,47.141,38.133,14.726,8.136,5.398,0.16,29.123
34029,1.86,64.72,16.172,8.352,6.992,5.595,0.131,12.803
34033,2.66,49.968,34.597,12.079,4.673,5.162,0.16,10.879
34035,8.08,34.067,48.054,17.879,3.24,5.306,0.169,16.212
34037,14.48,44.111,42.523,13.366,10.83,5.226,0.163,18.327
34041,14.1,44.161,41.066,14.772,10.085,5.327,0.162,19.929
35023,3.13,42.022,32.155,25.823,0.619,8.047,0.127,16.479
35041,4.12,63.738,17.892,18.37,1.062,7.78,0.121,12.208
35059,6.45,41.68,32.585,25.735,1.261,7.682,0.14,17.399
36001,8.94,39.452,46.901,13.647,5.742,5.637,0.154,16.748
36003,15.01,26.191,55.138,18.629,5.199,5.537,0.183,12.896
36007,12.61,31.409,54.039,14.552,4.847,5.641,0.165,12.603
36009,13.65,26.61,53.606,18.704,4.806,5.463,0.161,15.337
36011,10.29,35.948,46.39,17.662,5.924,6.134,0.162,16.368
36013,10.18,31.087,51.743,17.171,6.115,5.676,0.174,18.826
36015,11.2,29.662,53.981,16.01,5.228,5.798,0.166,15.284
36017,9.9,32.141,53.485,14.375,5.46,5.596,0.162,13.785
36019,14.01,63.914,24.338,8.974,12.616,5.465,0.166,23.018
36021,9.98,35.391,50.416,14.193,5.851,5.685,0.166,15.463
36023,11.9,27.352,56.323,16.325,7.085,5.834,0.186,16.038
36025,16.34,35.262,51.238,13.499,5.59,5.304,0.159,15.516
36027,13.57,40.581,45.949,13.47,5.405,5.684,0.159,16.047
36029,7.2,31.892,49.515,18.593,4.574,5.98,0.159,14.082
36031,18.76,52.778,30.33,8.923,17.045,5.513,0.192,36.731
36033,12.98,59.456,24.703,7.051,20.607,5.051,0.21,43.35
36035,13.96,54.992,32.942,9.172,16.587,5.291,0.195,29.634
36037,8.44,31.897,48.07,20.033,7.086,6.298,0.172,20.074
36039,14.72,35.967,48.226,15.807,5.769,5.434,0.154,16.044
36043,14.13,47.519,34.498,11.15,15.072,5.406,0.199,29.283
36045,7.07,42.788,39.574,17.147,8.008,5.965,0.161,19.439
36049,11.57,51.595,30.839,10.785,11.943,5.479,0.185,27.3
36051,9.95,31.129,49.816,19.055,4.819,6.083,0.177,13.683
36053,11.24,33.758,49.361,16.88,6.101,6.231,0.167,16.141
36055,7.61,42.787,39.548,17.665,5.601,6.25,0.156,16.03
36057,9.32,32.473,49.16,18.367,5.474,6.085,0.159,15.959
36065,10.26,40.121,41.033,12.079,11.496,5.591,0.179,23.538
36067,10.43,36.083,46.713,17.203,5.651,6.191,0.164,15.452
36069,11.05,34.541,46.513,18.946,5.603,6.252,0.178,16.46
36071,11.2,42.192,44.353,13.454,12.184,5.483,0.174,39.085
36073,3.79,39.105,42.461,18.433,8.538,6.317,0.171,21.827
36075,8.79,56.26,28.998,11.167,10.755,5.521,0.17,28.446
36077,12.24,31.88,52.297,15.823,6.224,5.785,0.165,15.313
36083,11.14,40.935,44.302,14.763,6.992,5.431,0.166,23.973
36089,11.3,54.475,30.033,11.841,12.763,5.613,0.182,25.609
36091,11.8,52.815,36.069,10.299,8.684,5.466,0.163,19.765
36093,9.9,34.743,47.752,17.505,5.389,5.953,0.154,16.035
36095,11.42,28.054,52.77,19.176,5.319,5.975,0.165,15.748
36097,11.79,27.193,53.129,19.678,6.173,5.883,0.169,18.907
36099,8.17,32.365,47.687,19.947,6.273,6.258,0.168,18.641
36101,12.31,31.718,51.351,16.93,6.791,5.737,0.17,18.134
36103,6.22,65.614,25.477,6.66,8.383,5.186,0.151,3.366
36105,13.09,47.681,40.192,12.127,9.507,5.058,0.159,32.664
36107,11.9,34.061,51.209,14.73,5.367,5.76,0.163,13.129
36109,10.15,30.397,50.934,18.67,5.191,6.1,0.169,14.636
36111,12.45,38.068,46.367,15.565,6.659,5.585,0.159,22.149
36115,10.02,41.657,41.61,16.733,6.213,5.862,0.156,18.67
36117,6.68,44.615,38.723,16.662,8.051,6.182,0.16,19.022
36121,9.8,30.414,51.76,17.825,4.582,5.842,0.162,12.417
36123,11.85,31.901,48.492,19.607,6.311,6.095,0.179,18.912
37001,9.53,43.452,31.52,25.028,0.908,5.343,0.158,12.749
37003,16.65,55.147,22.068,22.785,1.445,5.333,0.125,6.912
37007,8.64,46.842,29.523,23.635,0.835,5.202,0.132,7.478
37013,1.7,58.721,24.74,14.926,10.987,4.825,0.165,23.401
37015,2.85,57.607,25.718,16.253,2.486,4.861,0.142,9.763
37017,1.94,65.831,21.233,12.416,6.361,4.884,0.141,16.316
37019,1.77,70.235,19.965,9.8,4.599,6.333,0.113,9.367
37021,30.37,48.984,31.253,19.763,5.488,5.165,0.148,18.954
37023,27.12,55.319,25.497,19.185,2.89,5.174,0.128,8.816
37025,9.11,36.489,34.785,28.726,0.918,5.607,0.148,9.611
37027,24.81,53.837,25.668,19.681,3.727,5.193,0.136,7.689
37029,1.1,50.409,35.082,14.509,14.097,5.044,0.174,31.351
37031,2.79,78.644,13.62,7.629,9.607,5.348,0.125,17.628
37033,11.63,48.869,27.735,23.396,0.926,5.528,0.151,11.316
37035,12.2,49.123,24.125,26.753,0.848,5.554,0.132,6.194
37037,9.71,41.525,35.38,23.095,0.821,5.116,0.146,7.81
37039,26.27,50.719,31.416,17.865,5.438,4.932,0.14,17.22
37041,1.42,62.823,24.041,13.136,4.974,4.966,0.139,8.582
37045,17.65,47.816,25.484,26.701,0.948,5.351,0.122,6.419
37047,1.83,65.841,21.765,12.393,4.099,4.972,0.128,10.365
37049,1.73,66.2,21.651,12.149,8.033,4.968,0.148,18.495
37051,3.42,69.127,19.326,11.547,2.418,5.036,0.115,6.402
37053,2.97,77.082,13.365,8.711,9.828,5.283,0.126,20.078
37055,4.34,86.726,7.914,4.48,14.456,5.277,0.133,18.674
37057,10.97,44.811,29.458,25.731,0.933,5.595,0.141,8.639
37059,10.97,46.925,27.856,25.219,0.916,5.742,0.137,9.004
37061,3.03,75.98,15.06,8.96,4.51,5.059,0.118,9.892
37063,9.26,43.415,31.607,24.978,0.951,5.386,0.145,10.336
37065,2.1,64.915,22.133,12.953,1.903,5.02,0.125,6.953
37067,11.58,50.984,23.573,25.443,0.896,5.481,0.135,6.992
37069,8.57,50.465,27.379,22.156,0.868,5.548,0.136,6.393
37073,2.46,59.969,25.851,13.786,6.788,4.801,0.14,18.494
37077,8.94,48.469,28.885,22.646,1.036,5.47,0.143,8.365
37079,2.1,71.75,18.674,9.576,1.838,4.948,0.114,6.74
37081,9.33,47.413,24.864,27.723,0.831,5.627,0.14,9.446
37083,3.43,53.885,27.149,18.966,1.075,5.179,0.135,6.538
37085,5.45,65.571,21.101,13.328,1.182,5.136,0.111,5.829
37089,27.16,51.253,31.274,17.473,4.901,5.263,0.145,12.504
37091,2.4,61.826,22.726,15.052,2.387,4.861,0.128,9.464
37093,3.25,73.57,15.87,10.56,1.665,5.051,0.099,5.852
37095,1.63,62.87,26.613,9.487,16.814,5.361,0.187,26.303
37097,13.86,51.313,22.307,26.381,1.005,5.612,0.135,7.148
37101,4.1,61.491,22.314,16.196,1.266,5.149,0.12,6.46
37103,1.65,64.907,22.361,12.366,4.714,4.911,0.139,11.012
37105,9.84,53.194,27.547,19.259,0.888,5.193,0.121,7.227
37107,1.99,69.246,19.825,10.686,3.546,4.909,0.125,11.348
37109,12.13,49.856,25.012,25.132,0.841,5.635,0.136,7.059
37117,2.67,64.29,21.221,14.488,4.087,4.794,0.135,12.759
37119,12.01,47.224,25.854,26.923,0.8,5.65,0.139,10.119
37123,11.11,36.438,39.794,23.768,1.357,5.179,0.144,9.644
37125,9.89,55.593,28.472,15.935,0.945,5.13,0.114,7.074
37127,4.1,59.08,23.929,16.991,1.257,5.157,0.131,6.547
37129,1.79,72.953,18.365,8.682,4.189,6.054,0.105,9.81
37131,4.27,58.123,22.188,19.689,1.113,5.007,0.126,6.374
37133,2.52,74.063,15.695,10.241,5.744,5.36,0.111,12.809
37135,10.0,44.927,31.665,23.408,0.902,5.443,0.14,8.529
37137,1.39,63.579,22.99,13.288,11.47,5.136,0.163,25.762
37139,1.01,46.966,36.899,16.135,9.884,5.236,0.176,24.244
37141,3.12,68.616,21.406,9.979,4.411,5.24,0.117,10.311
37143,1.42,62.823,24.041,13.136,4.974,4.966,0.139,8.582
37145,8.93,49.711,26.866,23.423,0.886,5.52,0.142,8.425
37147,2.72,60.122,24.985,14.892,2.195,4.862,0.129,7.833
37151,11.49,38.47,36.216,25.315,0.853,5.525,0.144,8.518
37153,10.53,53.46,25.47,21.069,1.069,5.202,0.118,7.578
37155,1.76,66.725,21.35,11.643,3.282,4.99,0.131,10.171
37157,12.08,48.957,25.889,25.154,0.912,5.513,0.139,8.344
37159,9.68,43.907,30.635,25.458,0.94,5.492,0.138,8.594
37161,23.78,55.479,22.271,22.25,1.987,5.399,0.119,7.92
37163,1.7,69.077,20.735,10.188,3.169,4.945,0.122,9.87
37165,3.44,72.802,16.664,10.535,2.477,5.042,0.099,7.587
37167,11.42,28.748,44.234,27.018,0.922,5.343,0.14,9.186
37169,16.34,54.975,22.805,22.219,1.18,5.276,0.138,7.011
37171,23.35,54.607,22.863,22.516,1.718,5.302,0.13,7.452
37175,30.71,54.177,28.929,16.885,6.06,5.101,0.143,14.992
37177,1.08,46.576,34.025,15.825,15.831,4.605,0.209,20.148
37179,10.22,33.88,38.039,28.081,0.809,5.157,0.136,9.084
37183,7.44,52.278,28.597,19.125,0.906,5.226,0.155,6.793
37185,9.49,52.617,24.141,23.242,0.82,5.679,0.132,6.126
37187,1.11,52.071,29.797,15.488,18.307,4.727,0.208,26.116
37191,2.65,67.205,21.079,11.506,2.677,4.981,0.131,9.497
37193,22.15,57.181,22.882,19.936,2.25,5.298,0.121,8.98
37195,3.17,60.702,22.88,16.418,1.213,4.997,0.125,6.177
37197,14.04,45.472,26.042,28.486,0.937,5.444,0.143,7.418
38001,7.12,40.835,35.326,23.838,2.579,7.176,0.171,20.923
38003,5.46,34.521,39.835,25.644,3.72,7.383,0.179,20.525
38005,5.25,44.811,35.302,19.888,3.555,7.336,0.174,16.431
38007,13.24,39.999,37.383,22.619,2.388,7.317,0.172,18.808
38009,4.51,43.368,34.687,21.945,5.04,7.233,0.18,19.406
38011,8.65,41.075,35.752,23.146,2.029,7.296,0.166,18.993
38015,7.37,40.943,37.807,21.25,3.033,7.243,0.175,18.216
38017,3.78,37.661,40.145,22.194,3.867,7.362,0.179,18.747
38019,4.88,38.735,37.196,23.999,3.809,7.236,0.184,19.985
38021,4.4,44.201,34.405,21.394,3.515,7.304,0.174,17.781
38023,6.33,40.022,36.106,23.877,3.27,7.4,0.172,20.407
38025,12.06,36.564,39.053,24.383,2.739,7.28,0.175,21.059
38027,4.84,48.164,33.273,18.563,3.623,7.34,0.173,15.731
38029,6.42,40.729,37.385,21.886,2.918,7.134,0.18,18.733
38031,5.16,47.56,33.697,18.743,3.435,7.327,0.171,15.612
38033,15.1,33.092,44.263,22.645,2.384,7.431,0.178,18.477
38035,5.31,37.392,39.274,23.335,3.605,7.374,0.18,19.883
38037,9.28,44.214,33.574,22.212,2.17,7.231,0.163,19.263
38039,5.64,44.4,35.8,19.8,3.477,7.318,0.176,16.361
38041,6.52,38.199,37.381,24.42,2.64,7.142,0.174,21.532
38043,5.43,43.674,33.906,22.42,3.89,7.29,0.175,19.097
38045,4.25,38.74,37.601,23.659,4.182,7.32,0.18,19.497
38047,7.01,44.2,33.867,21.933,3.118,7.211,0.172,18.702
38049,4.58,50.008,30.315,19.677,3.791,7.286,0.164,16.731
38051,6.07,40.92,35.797,23.283,2.97,7.162,0.177,19.407
38053,13.61,37.829,38.642,23.529,2.55,7.389,0.173,19.745
38055,7.13,40.446,36.826,22.728,3.361,7.233,0.177,19.265
38057,7.83,41.754,35.913,22.333,2.819,7.156,0.172,19.857
38059,8.75,40.625,36.538,22.837,2.648,7.196,0.173,20.232
38061,8.41,38.476,37.397,24.127,3.174,7.244,0.178,20.056
38063,5.38,45.198,34.318,20.484,3.563,7.315,0.174,16.985
38065,7.34,38.57,39.118,22.313,2.782,7.169,0.176,19.721
38067,4.78,37.177,39.097,23.436,4.705,7.268,0.178,21.627
38069,4.71,49.178,33.595,17.227,3.376,7.312,0.169,14.468
38071,3.75,37.951,37.922,24.127,3.981,7.373,0.177,19.503
38073,4.14,43.948,35.803,20.138,4.071,7.353,0.179,18.158
38075,4.63,42.911,34.739,22.35,4.026,7.273,0.184,19.049
38077,3.36,38.133,39.074,22.713,4.261,7.349,0.174,20.236
38079,4.73,44.736,34.989,20.275,4.584,7.273,0.179,17.648
38081,3.64,39.359,38.548,22.093,3.793,7.323,0.176,18.726
38083,6.3,45.343,33.949,20.708,3.331,7.314,0.174,17.043
38085,8.87,41.018,35.349,23.633,2.498,7.179,0.168,20.549
38087,9.29,36.348,39.864,23.788,2.209,7.325,0.172,19.535
38089,8.55,35.525,39.218,25.257,2.615,7.246,0.173,21.792
38091,4.6,41.894,38.454,19.653,3.69,7.339,0.182,16.997
38093,5.18,43.628,34.419,21.953,4.497,7.325,0.176,19.353
38095,4.08,40.838,36.883,22.279,3.546,7.356,0.181,18.348
38097,2.86,33.044,43.257,23.699,3.977,7.376,0.179,20.28
38099,4.81,34.394,40.643,24.964,3.846,7.381,0.179,21.032
38101,5.1,41.353,35.356,23.291,3.564,7.309,0.176,19.567
38103,5.25,40.167,37.287,22.546,3.592,7.352,0.177,18.289
38105,8.11,42.028,35.252,22.72,2.766,7.314,0.171,19.378
39001,16.72,19.073,55.148,25.779,1.712,5.777,0.183,19.541
39003,3.71,31.95,42.632,24.945,3.328,6.494,0.191,19.319
39005,10.05,29.609,50.904,19.047,3.099,5.659,0.178,17.411
39007,5.74,31.719,49.314,17.999,5.812,5.397,0.178,28.933
39009,22.87,21.986,53.582,24.433,1.829,5.428,0.162,15.511
39011,2.47,23.899,46.685,29.014,4.499,6.576,0.198,24.05
39013,19.98,22.701,53.952,23.347,1.884,5.879,0.145,21.227
39015,12.02,18.099,54.812,27.089,1.574,6.15,0.186,21.778
39017,7.37,23.921,52.506,23.572,1.812,6.433,0.194,17.82
39019,14.13,28.555,50.721,20.724,2.18,5.609,0.138,15.167
39021,8.95,25.531,49.851,23.795,4.096,6.466,0.198,21.429
39023,6.75,22.605,50.081,25.931,6.435,6.529,0.2,27.174
39025,11.29,20.489,54.564,24.947,1.561,6.215,0.188,17.605
39027,8.41,22.451,54.5,23.049,1.93,6.314,0.202,15.752
39029,14.85,25.202,53.568,20.979,3.123,5.717,0.159,17.697
39031,16.95,30.708,49.69,19.602,1.851,5.536,0.158,12.274
39033,4.24,23.933,51.426,24.098,4.844,6.154,0.194,22.799
39037,5.59,22.88,48.753,27.397,4.768,6.453,0.197,25.149
39039,4.56,34.98,35.766,29.255,2.75,6.379,0.162,19.233
39041,8.82,23.072,50.592,25.996,3.217,6.221,0.194,21.475
39043,5.96,37.815,40.754,21.431,3.176,6.199,0.173,17.757
39045,11.32,24.503,52.738,22.529,3.355,6.02,0.192,18.357
39047,8.34,25.558,48.392,25.875,2.292,6.482,0.186,17.32
39049,6.94,22.954,51.659,25.073,3.202,6.305,0.197,19.4
39051,3.59,52.707,27.331,19.962,3.602,6.461,0.155,17.315
39053,17.63,27.624,49.456,22.872,2.191,5.292,0.147,14.455
39055,9.51,27.878,50.787,20.72,5.088,5.527,0.188,19.854
39057,8.33,24.434,51.03,24.249,2.88,6.456,0.185,18.542
39059,18.33,20.475,54.785,24.739,1.927,5.713,0.161,17.18
39061,11.33,21.0,52.401,26.598,1.415,6.232,0.184,20.039
39063,2.77,35.252,40.204,24.544,3.005,6.452,0.187,19.043
39065,2.83,22.114,49.407,27.395,5.232,6.5,0.205,25.124
39067,20.43,23.543,53.051,23.406,2.079,5.701,0.14,18.117
39069,4.21,48.2,29.192,22.335,3.073,6.385,0.149,16.497
39071,12.42,20.922,54.112,24.967,1.81,6.035,0.177,16.843
39073,19.66,22.88,55.046,22.073,1.559,5.445,0.174,13.807
39075,15.93,29.499,51.368,18.894,2.648,5.503,0.159,14.715
39077,5.88,30.777,45.977,22.559,5.012,6.12,0.186,22.887
39079,17.83,27.907,49.461,22.597,2.026,5.158,0.151,12.311
39081,18.42,25.059,51.599,23.341,1.951,5.669,0.14,17.455
39083,11.87,31.658,49.622,18.46,2.395,5.673,0.175,15.115
39087,19.65,25.238,52.472,22.237,2.742,5.547,0.142,17.277
39089,12.24,25.92,52.724,21.132,2.481,5.779,0.179,16.252
39091,7.13,22.073,49.933,26.998,6.526,6.479,0.198,27.533
39093,5.63,31.71,46.873,21.417,2.831,5.835,0.169,15.139
39095,2.9,50.861,28.048,20.182,3.699,6.564,0.159,17.144
39097,5.14,22.89,51.718,24.314,6.142,6.536,0.204,24.112
39099,10.88,26.244,51.45,21.85,3.845,5.514,0.178,20.133
39101,3.02,23.894,47.97,27.766,4.472,6.483,0.194,22.946
39103,7.91,26.342,52.536,20.425,4.164,5.922,0.183,19.466
39105,18.27,29.814,48.518,21.667,1.729,5.499,0.163,14.53
39107,3.44,24.178,45.861,29.535,4.824,6.496,0.195,24.72
39109,7.78,25.294,48.189,25.965,3.38,6.622,0.176,21.459
39111,22.25,18.57,56.655,24.776,1.828,5.404,0.183,16.736
39113,8.8,27.337,47.973,24.444,2.702,6.416,0.182,18.107
39115,20.88,20.658,54.527,24.815,1.556,5.736,0.159,19.61
39117,6.4,25.703,52.153,22.144,3.024,6.056,0.194,17.833
39119,16.66,24.124,53.556,22.32,2.056,5.846,0.15,16.48
39121,23.52,18.263,54.037,27.7,1.669,5.8,0.157,21.451
39123,1.85,35.319,37.849,26.832,2.733,6.668,0.16,17.735
39125,3.75,28.481,38.383,33.136,2.151,6.439,0.161,20.853
39127,17.3,20.161,57.321,22.267,2.751,5.513,0.173,18.601
39129,8.67,28.976,47.19,23.363,3.099,6.47,0.187,18.759
39131,13.57,22.936,53.123,23.941,1.782,5.667,0.184,13.638
39133,8.9,29.477,49.932,19.551,4.923,5.542,0.176,21.476
39135,9.45,24.82,50.21,24.97,1.89,6.444,0.189,16.751
39137,2.9,32.151,39.082,28.538,2.898,6.347,0.165,19.585
39139,9.3,27.915,52.504,19.39,3.122,5.792,0.182,16.364
39141,10.55,24.301,52.134,23.217,3.028,6.019,0.187,17.056
39143,1.78,40.101,37.141,22.758,4.703,6.544,0.169,21.311
39145,17.51,20.749,56.628,22.604,1.955,5.448,0.174,12.734
39147,3.14,34.535,41.797,23.335,4.228,6.418,0.183,20.736
39149,6.96,24.712,48.581,26.706,2.976,6.48,0.192,19.605
39151,12.42,28.18,51.623,19.735,3.393,5.524,0.17,17.891
39153,10.94,30.28,50.411,18.64,3.875,5.578,0.183,18.004
39155,6.51,28.328,50.215,21.182,3.316,5.611,0.184,16.565
39157,15.43,28.664,51.355,19.858,2.05,5.539,0.159,14.646
39159,3.95,21.597,50.38,27.771,3.158,6.467,0.195,20.149
39161,2.53,27.601,43.398,29.002,2.343,6.531,0.18,18.972
39163,18.92,26.214,52.057,21.73,1.776,5.177,0.161,12.857
39165,9.53,24.344,52.084,23.432,1.998,6.255,0.19,18.873
39167,18.95,23.707,52.199,24.094,1.977,5.717,0.158,17.016
39169,9.22,27.477,52.644,18.994,4.451,5.883,0.189,19.983
39171,4.44,40.052,34.321,24.883,3.867,6.415,0.167,20.14
39173,1.84,47.621,30.473,21.602,2.594,6.616,0.159,16.343
39175,4.05,28.338,46.399,25.008,3.564,6.335,0.19,20.167
40003,4.57,52.987,31.915,15.098,1.24,6.965,0.138,10.919
40007,5.37,50.173,31.984,17.844,1.192,7.626,0.134,13.75
40011,4.64,47.857,33.082,19.061,1.413,6.93,0.148,12.951
40013,3.88,40.951,32.759,26.29,1.378,6.501,0.15,18.755
40015,6.59,47.327,34.643,18.029,1.386,6.825,0.143,12.225
40017,5.67,42.103,38.856,19.041,1.414,6.769,0.159,13.248
40023,4.47,40.59,31.598,27.812,1.337,6.426,0.151,17.935
40025,4.99,50.709,26.142,23.15,0.973,7.784,0.139,14.879
40027,3.87,40.613,39.653,19.734,1.534,6.641,0.147,13.408
40031,6.15,39.018,36.421,24.561,1.533,6.785,0.147,17.259
40033,3.45,39.318,35.509,25.173,1.604,7.119,0.153,16.021
40035,4.31,22.161,52.969,24.87,2.104,6.081,0.177,16.379
40039,4.5,44.319,40.386,15.295,1.266,7.142,0.153,10.786
40041,5.44,26.497,53.946,19.557,2.103,5.671,0.164,12.766
40043,5.34,55.037,29.958,15.005,1.006,7.212,0.133,10.783
40045,5.86,59.432,26.116,14.452,1.084,7.488,0.132,10.514
40047,4.29,30.534,46.817,22.649,1.612,6.911,0.172,15.628
40049,4.36,41.605,35.018,23.378,1.462,6.674,0.153,15.5
40051,4.57,45.91,36.674,17.416,1.5,6.473,0.161,12.079
40053,3.83,35.951,43.779,20.27,1.327,6.948,0.158,14.44
40057,4.57,48.885,29.87,21.246,1.05,7.432,0.136,13.474
40059,5.3,48.646,32.859,18.495,1.238,7.575,0.149,12.833
40061,6.99,35.905,43.304,20.791,1.079,5.914,0.157,12.597
40063,6.14,49.916,31.602,18.482,1.483,6.042,0.154,11.789
40071,4.06,31.559,44.137,24.304,1.511,6.958,0.164,16.446
40073,4.02,44.961,34.829,20.21,1.277,6.955,0.145,14.006
40079,12.0,38.519,38.137,23.344,1.099,6.094,0.146,13.376
40081,4.09,42.669,34.181,23.15,1.415,6.65,0.161,15.053
40087,3.72,34.499,43.204,22.298,1.555,6.774,0.169,16.483
40089,6.54,40.797,34.541,24.662,1.24,5.923,0.152,15.231
40091,5.31,44.859,34.588,20.553,1.384,6.092,0.154,12.075
40093,4.86,45.594,34.87,19.537,1.237,7.256,0.143,13.711
40095,4.44,49.193,25.052,25.755,1.122,6.886,0.136,18.793
40097,7.59,24.662,51.877,23.461,2.202,5.822,0.163,17.022
40101,4.97,38.524,41.325,20.151,1.561,6.206,0.157,12.342
40103,4.38,33.155,43.783,23.062,1.573,6.79,0.164,15.667
40105,5.24,19.38,53.124,27.496,2.022,6.295,0.163,16.714
40107,4.41,50.756,31.291,17.952,1.264,6.246,0.157,11.163
40109,3.89,40.982,37.471,21.547,1.428,6.671,0.151,13.786
40111,5.66,37.755,40.888,21.357,1.724,6.007,0.165,12.958
40115,3.31,22.24,55.079,22.681,1.94,5.78,0.179,15.995
40119,4.79,44.87,34.998,20.133,1.445,6.657,0.155,13.439
40125,3.6,49.377,30.709,19.913,1.258,6.611,0.152,12.901
40131,5.73,25.622,48.061,26.317,1.71,6.063,0.153,17.23
40135,6.02,32.943,45.022,22.035,1.514,6.124,0.159,13.528
40139,5.6,49.888,29.191,20.921,1.197,7.648,0.139,13.955
40141,3.61,39.648,35.512,24.84,1.285,7.519,0.142,15.832
40145,5.87,30.988,45.459,23.553,1.74,6.276,0.155,15.067
40147,7.37,30.361,45.425,24.214,1.998,6.166,0.171,16.476
41021,19.37,32.536,50.801,16.663,2.086,7.104,0.174,13.556
42001,11.38,29.332,51.939,18.729,1.912,5.652,0.156,13.567
42003,15.1,21.559,55.292,23.146,2.1,5.445,0.172,15.831
42005,15.23,27.242,53.028,19.607,2.903,5.416,0.16,12.023
42007,13.63,25.241,54.416,20.343,2.219,5.53,0.175,13.751
42009,15.3,32.98,45.851,21.122,2.262,5.317,0.141,14.64
42011,12.72,32.765,47.99,19.038,2.746,5.653,0.144,12.081
42013,14.06,31.747,47.003,20.794,2.696,5.314,0.138,14.047
42017,9.32,32.426,50.021,17.489,2.042,5.784,0.146,12.466
42019,12.98,29.856,50.144,20.001,2.578,5.371,0.16,15.269
42021,14.62,30.837,48.289,20.154,5.219,5.044,0.134,10.717
42025,12.6,37.455,45.277,17.129,3.643,5.014,0.135,16.559
42027,12.81,33.431,45.488,20.667,4.022,5.197,0.143,18.034
42029,10.9,32.245,48.298,19.35,2.066,5.743,0.149,13.717
42031,14.21,30.928,49.72,18.751,4.115,5.182,0.145,10.019
42033,11.77,32.161,47.676,19.172,5.895,4.946,0.129,11.011
42035,12.14,30.92,48.164,19.782,3.353,5.155,0.132,13.715
42037,15.21,32.577,49.83,17.593,3.571,5.343,0.148,16.0
42039,7.53,28.471,52.916,17.186,5.076,5.299,0.173,21.686
42041,12.53,32.83,47.427,19.743,3.031,5.447,0.151,15.152
42043,13.71,36.464,45.053,18.165,2.248,5.418,0.137,13.206
42049,9.37,32.158,51.011,15.421,5.109,5.49,0.165,19.516
42051,16.04,29.374,50.249,19.785,5.904,5.266,0.141,11.457
42055,13.66,33.89,45.71,20.4,2.686,5.541,0.149,16.495
42057,16.08,31.669,47.419,20.911,2.88,5.44,0.143,16.299
42061,15.6,33.261,45.589,20.938,3.104,5.227,0.138,15.925
42063,16.7,30.2,50.104,19.529,4.807,5.199,0.147,11.94
42065,14.43,28.643,50.241,19.757,5.781,5.035,0.141,9.982
42069,11.13,38.978,46.385,14.583,5.458,5.36,0.159,12.342
42071,10.7,30.508,50.069,19.243,2.108,5.718,0.165,10.923
42073,12.95,27.549,52.968,19.483,2.224,5.557,0.168,14.539
42075,11.76,31.607,48.615,19.647,2.645,5.46,0.142,14.035
42077,12.04,31.974,48.258,19.59,2.796,5.684,0.146,12.398
42079,11.61,34.806,48.77,16.244,4.767,5.229,0.148,12.716
42081,12.8,35.967,46.155,17.715,3.854,5.168,0.14,13.711
42083,13.2,29.085,50.288,19.913,5.597,4.993,0.139,22.08
42085,9.92,32.733,48.426,17.208,4.18,5.599,0.156,19.914
42089,12.3,38.484,45.046,15.912,5.688,5.117,0.15,25.006
42091,10.86,31.758,49.495,18.635,1.919,5.805,0.147,12.574
42093,12.79,30.327,50.021,19.589,2.495,5.27,0.142,13.703
42095,11.7,34.772,45.625,19.27,3.794,5.543,0.134,16.287
42097,13.0,32.447,48.458,19.045,2.373,5.249,0.141,13.627
42099,13.87,32.918,47.525,19.556,3.187,5.386,0.143,14.827
42103,13.46,53.881,34.4,11.291,6.076,5.076,0.147,18.19
42105,15.82,34.65,48.547,16.564,6.803,5.182,0.153,11.732
42107,12.41,40.033,42.322,17.55,3.945,5.12,0.129,12.791
42109,14.65,31.895,48.37,19.417,2.228,5.161,0.138,13.09
42111,11.54,30.909,49.737,19.354,4.706,5.147,0.141,11.028
42115,13.19,36.024,49.615,14.163,5.2,5.472,0.161,10.824
42117,12.18,38.638,45.531,15.831,4.749,5.414,0.151,13.396
42119,13.53,31.778,48.402,19.533,2.203,5.187,0.138,14.011
42121,10.82,30.828,49.776,19.396,3.316,5.252,0.15,12.539
42127,11.47,43.685,41.572,14.28,7.306,5.198,0.16,20.425
42129,16.56,25.794,52.667,21.366,5.203,5.451,0.152,16.871
42131,11.51,38.212,47.061,14.727,5.752,5.376,0.16,12.809
42133,11.48,29.522,51.544,18.934,1.962,5.708,0.155,12.916
45005,3.14,78.602,9.926,11.277,2.213,5.058,0.1,4.267
45007,9.42,47.474,20.511,32.015,0.584,5.525,0.131,5.957
45009,3.21,77.382,10.429,12.012,1.897,5.057,0.093,11.976
45013,1.58,70.245,15.37,13.899,3.114,5.339,0.106,9.455
45015,1.58,60.183,21.096,18.213,3.55,5.246,0.117,10.059
45017,4.69,73.583,14.514,11.903,1.125,5.109,0.098,4.242
45025,6.49,56.481,25.756,17.763,0.824,5.209,0.115,5.464
45027,2.16,70.395,15.043,14.181,2.49,4.783,0.115,3.617
45029,1.38,74.21,13.558,11.784,4.053,5.238,0.101,12.638
45031,4.24,73.483,13.106,12.95,2.573,5.114,0.102,9.456
45033,2.19,68.102,16.677,14.89,2.606,5.037,0.111,4.847
45035,1.43,75.098,14.304,10.599,3.021,5.109,0.113,20.142
45037,8.58,55.279,22.306,22.415,0.779,5.433,0.121,8.123
45041,2.98,77.624,13.024,9.352,1.542,5.162,0.109,4.735
45043,1.47,71.276,15.82,12.449,3.922,5.304,0.101,10.646
45049,1.96,77.87,12.292,9.683,2.652,5.099,0.096,5.153
45051,1.75,73.328,14.518,11.853,2.998,5.187,0.1,8.482
45053,1.36,71.91,14.405,13.431,2.431,5.321,0.103,8.518
45057,9.11,48.852,26.304,24.844,1.295,5.24,0.13,10.716
45061,3.69,75.657,11.752,12.583,1.01,5.173,0.094,3.729
45063,5.77,65.085,20.632,14.217,1.02,5.461,0.114,4.055
45067,1.89,70.286,15.717,13.656,2.875,5.116,0.109,4.29
45069,4.64,70.437,14.657,14.722,1.519,5.145,0.105,5.735
45071,9.32,46.149,22.629,31.222,0.461,5.458,0.126,11.473
45075,3.19,77.785,11.325,10.89,1.214,5.132,0.091,2.819
45079,4.47,60.269,24.468,14.983,2.374,5.427,0.12,4.511
45081,7.0,43.504,32.483,24.013,0.895,5.345,0.138,9.833
45083,11.79,47.931,18.98,33.089,0.437,5.576,0.124,7.553
45085,3.58,70.238,14.734,15.027,1.872,5.267,0.102,5.163
45089,1.59,72.155,14.923,12.922,1.817,5.039,0.105,5.263
45091,8.04,44.53,22.686,31.0,0.478,5.658,0.127,10.407
46003,4.08,31.323,41.347,27.33,2.714,7.08,0.182,21.511
46005,3.28,41.909,35.552,22.539,2.747,7.051,0.17,18.443
46007,7.53,64.121,22.575,12.159,3.923,7.113,0.141,13.598
46009,7.02,27.436,48.214,24.35,3.045,7.163,0.187,20.002
46011,4.52,30.136,44.807,25.057,3.675,7.128,0.185,21.461
46013,3.35,37.476,39.045,23.479,3.442,7.229,0.179,19.139
46019,9.87,32.173,36.358,31.721,1.378,7.312,0.145,21.383
46021,6.44,34.174,40.545,25.281,2.971,7.265,0.172,20.143
46023,5.62,25.214,46.821,27.973,2.469,7.246,0.172,21.895
46025,4.42,33.924,40.762,25.315,3.443,7.243,0.183,21.089
46027,3.85,26.095,46.046,27.859,2.732,7.255,0.174,25.059
46029,4.75,29.509,46.373,24.118,3.132,7.196,0.186,19.251
46031,8.53,37.735,33.904,29.245,1.831,7.347,0.149,20.371
46035,4.29,32.656,43.513,23.831,2.861,7.222,0.186,19.792
46037,5.16,30.758,43.699,25.543,3.506,7.313,0.18,21.17
46039,5.56,32.848,42.715,24.437,3.559,7.194,0.182,20.455
46041,7.61,27.999,37.787,34.267,1.955,7.402,0.144,23.889
46043,3.84,29.406,45.097,25.497,2.897,7.063,0.184,20.784
46045,5.35,32.883,42.123,24.994,3.314,7.236,0.185,20.585
46047,14.27,35.055,39.003,25.03,1.761,7.361,0.145,19.319
46049,4.36,34.117,40.356,25.527,3.155,7.199,0.184,20.749
46051,6.9,35.345,40.731,23.924,3.402,7.232,0.181,19.691
46053,8.05,34.041,36.45,29.451,1.883,7.203,0.148,22.142
46055,7.61,21.231,38.327,40.405,1.74,7.547,0.134,28.197
46057,4.71,28.326,46.949,24.725,3.511,7.169,0.186,21.181
46059,5.47,29.403,40.628,29.969,2.554,7.165,0.174,22.419
46063,9.51,45.642,29.846,24.128,1.487,7.327,0.143,17.164
46065,6.33,23.809,44.262,31.967,2.037,7.31,0.164,23.566
46069,5.7,28.595,39.095,32.291,2.331,7.245,0.165,24.795
46073,4.03,30.769,40.863,28.368,2.897,7.085,0.183,21.444
46075,6.55,17.64,39.18,43.106,1.902,7.508,0.128,30.865
46077,3.69,29.385,44.973,25.642,3.2,7.183,0.185,21.284
46079,5.43,25.571,47.819,26.611,3.178,6.999,0.188,21.179
46083,7.69,21.573,50.34,28.087,3.157,6.952,0.188,24.024
46085,7.64,19.017,42.899,37.918,2.052,7.387,0.139,27.899
46087,3.82,29.437,44.529,26.035,3.386,7.063,0.191,21.259
46089,4.62,37.269,38.049,24.682,3.199,7.209,0.183,20.16
46091,5.21,33.966,41.934,24.1,3.786,7.196,0.18,20.086
46095,8.27,25.742,38.757,35.649,1.76,7.465,0.138,25.771
46097,2.35,23.639,48.01,28.352,3.336,7.057,0.193,22.135
46099,6.87,25.62,47.227,26.623,3.052,6.954,0.187,20.943
46101,5.58,27.094,47.36,25.546,3.329,6.997,0.19,20.643
46105,6.47,41.334,34.87,23.963,2.13,7.235,0.161,17.391
46107,5.76,25.926,44.593,29.481,2.875,7.213,0.179,22.686
46109,6.19,35.07,42.143,22.787,3.69,7.321,0.183,19.46
46111,2.93,48.169,30.913,20.918,2.397,7.098,0.157,16.374
46115,3.51,30.999,43.534,25.467,3.478,7.181,0.184,20.758
46117,7.68,17.956,41.543,40.353,1.97,7.459,0.138,28.594
46119,5.25,21.639,46.487,32.208,2.268,7.2,0.174,23.839
46121,8.68,63.049,22.185,14.108,3.012,7.113,0.133,13.192
46123,7.78,38.29,33.865,27.853,1.975,7.203,0.144,21.013
46125,4.18,28.692,45.124,26.184,3.414,7.066,0.19,21.027
46127,4.79,20.966,49.487,29.547,2.53,7.246,0.174,25.061
46129,5.71,30.179,43.785,26.037,2.816,7.224,0.178,20.666
46135,5.65,23.063,48.568,28.369,2.983,7.194,0.181,25.378
46137,9.44,32.379,35.401,32.266,1.553,7.453,0.14,22.18
47003,10.19,16.595,53.98,29.425,1.534,5.754,0.171,18.538
47005,10.13,22.99,54.368,22.642,0.864,5.385,0.174,9.388
47007,14.2,33.46,43.969,22.572,0.971,5.065,0.154,15.74
47011,12.47,25.156,48.245,26.598,1.105,5.311,0.152,15.2
47015,13.33,19.247,53.763,26.99,1.485,5.58,0.166,14.571
47017,8.21,18.251,60.872,20.877,0.812,5.249,0.198,11.854
47019,30.96,41.175,38.87,19.052,3.208,5.179,0.148,13.737
47021,10.12,17.327,60.067,22.606,1.679,5.554,0.175,11.818
47023,8.21,31.2,43.254,25.546,0.759,5.218,0.172,13.287
47025,17.99,31.349,44.999,23.653,1.325,5.184,0.152,15.838
47031,8.09,26.47,48.924,24.606,1.456,5.365,0.171,14.58
47033,5.08,9.328,70.143,20.529,0.965,5.364,0.206,10.13
47035,19.43,38.172,39.07,21.827,1.226,5.096,0.155,17.639
47039,10.59,26.565,48.927,24.508,1.047,5.262,0.168,16.34
47041,11.85,19.519,54.094,26.386,1.375,5.431,0.168,15.333
47043,11.73,21.159,57.679,21.162,1.63,5.483,0.169,10.903
47045,6.17,14.211,62.032,23.757,1.24,5.779,0.195,16.795
47047,7.09,16.646,63.984,19.37,0.978,5.273,0.207,10.408
47051,11.96,29.49,44.915,25.595,1.295,5.336,0.158,14.429
47053,6.23,8.833,69.323,21.843,0.852,5.28,0.206,10.919
47055,12.03,19.762,52.046,28.192,1.357,5.58,0.159,17.9
47057,20.77,30.726,43.01,26.264,1.344,5.233,0.141,15.009
47059,22.54,31.823,43.747,23.951,1.826,5.358,0.148,14.942
47061,12.9,33.741,43.365,22.895,1.502,5.16,0.165,20.361
47063,15.76,26.397,45.07,28.533,1.244,5.454,0.159,16.123
47065,12.94,29.329,47.3,23.372,1.283,5.157,0.158,14.906
47069,7.99,23.499,53.773,22.728,0.884,5.21,0.181,11.656
47071,9.48,29.024,45.12,25.681,0.962,5.23,0.17,17.741
47075,7.82,10.865,69.134,20.001,0.998,5.415,0.202,11.353
47077,9.21,28.95,50.257,20.793,0.8,5.106,0.182,11.434
47079,10.31,20.284,57.221,22.495,0.81,5.422,0.182,9.457
47081,13.95,19.849,56.789,23.363,1.334,5.541,0.17,14.192
47085,7.55,21.8,56.246,22.191,1.562,5.463,0.173,13.48
47087,14.2,21.362,55.02,23.568,1.498,5.531,0.17,11.876
47089,17.05,25.954,46.312,27.734,1.12,5.354,0.154,14.077
47091,36.42,41.56,40.751,15.978,3.24,5.142,0.148,17.471
47095,0.96,20.465,50.043,29.183,1.934,6.593,0.183,22.694
47097,3.88,12.831,62.202,24.968,1.188,6.008,0.194,17.504
47099,10.0,19.07,56.964,23.878,1.077,5.175,0.159,13.519
47103,13.08,19.187,55.144,25.669,1.48,5.573,0.174,15.694
47105,14.36,25.358,46.394,28.248,1.226,5.26,0.156,16.785
47107,18.08,32.265,41.86,25.016,2.54,5.295,0.159,10.273
47109,7.34,30.484,44.943,24.573,0.921,5.174,0.171,20.546
47111,13.49,18.53,57.766,23.704,1.475,5.575,0.161,12.626
47113,6.7,16.435,64.2,19.365,0.96,5.202,0.194,9.662
47115,11.7,35.795,39.81,24.395,1.371,5.25,0.15,16.898
47117,12.89,19.378,50.9,29.722,1.489,5.765,0.169,16.863
47119,10.72,18.242,53.42,28.338,1.487,5.788,0.169,16.845
47121,11.78,29.046,43.928,26.773,1.608,5.458,0.165,10.89
47123,16.29,30.112,43.949,25.939,1.263,5.247,0.156,15.955
47125,8.17,15.732,61.568,22.7,1.628,5.738,0.187,11.426
47127,11.19,17.658,57.962,24.38,1.598,5.6,0.177,14.479
47131,6.53,6.212,72.209,21.579,1.387,5.688,0.209,16.242
47133,18.47,30.706,46.643,22.654,1.408,5.351,0.156,9.881
47135,14.67,20.562,54.744,24.693,1.359,5.385,0.168,11.843
47139,22.29,35.746,42.049,22.204,1.956,5.084,0.148,12.074
47143,15.25,34.802,41.302,23.896,1.197,5.462,0.16,10.326
47147,11.21,18.162,56.803,25.035,1.389,5.529,0.166,12.546
47149,8.85,17.016,53.517,29.468,1.519,5.851,0.169,18.821
47153,14.21,37.561,40.69,21.749,1.323,5.036,0.159,17.012
47157,6.93,11.763,67.162,21.039,1.006,5.887,0.198,15.941
47159,14.07,18.232,53.401,28.368,1.374,5.752,0.163,17.482
47161,12.55,20.532,57.739,21.729,1.509,5.544,0.173,12.119
47163,28.69,35.96,42.599,21.44,1.936,5.264,0.144,15.408
47165,10.21,17.59,56.682,25.727,1.552,5.691,0.173,15.688
47167,4.73,12.737,66.426,20.837,1.347,5.95,0.2,14.868
47169,12.72,18.029,53.042,28.929,1.512,5.817,0.17,17.951
47177,12.61,30.288,45.434,24.279,1.376,5.294,0.165,13.631
47179,20.37,33.67,42.17,23.989,1.5,5.304,0.155,11.703
47181,12.4,22.312,53.375,24.314,1.207,5.277,0.169,16.708
47183,8.32,12.753,68.595,18.652,0.956,5.24,0.198,10.826
47187,10.89,19.558,52.115,28.327,1.356,5.718,0.165,17.01
47189,10.91,17.973,52.695,29.332,1.431,5.782,0.175,17.473
48011,4.12,44.281,29.56,26.444,1.31,7.767,0.15,17.936
48013,2.96,55.872,20.568,23.559,1.561,7.1,0.133,15.527
48017,2.15,60.804,19.932,19.265,1.227,7.806,0.129,13.916
48021,3.16,48.639,24.852,26.509,1.283,6.891,0.134,19.749
48025,2.0,54.237,19.417,26.345,1.686,7.416,0.136,19.533
48027,3.25,24.04,36.321,39.639,2.049,7.697,0.149,29.765
48029,5.42,37.851,29.558,32.591,1.864,7.538,0.136,22.138
48035,3.65,43.545,27.687,28.768,1.464,7.373,0.139,18.483
48037,3.31,42.221,30.729,26.949,1.321,5.971,0.145,20.418
48039,0.61,37.125,32.18,30.695,2.457,7.302,0.118,23.783
48041,3.14,47.813,26.002,26.493,1.157,6.378,0.13,18.651
48045,7.09,43.192,30.671,26.138,1.307,7.807,0.142,18.715
48051,3.68,46.537,25.958,27.474,1.228,6.549,0.133,20.402
48055,3.95,41.77,27.812,30.417,1.572,7.317,0.137,23.562
48057,0.92,51.717,22.834,25.449,1.519,7.356,0.1,18.577
48061,1.05,36.829,32.039,31.133,1.344,8.009,0.123,20.676
48065,7.02,43.052,30.401,26.547,1.528,7.812,0.147,19.348
48069,2.44,37.157,31.882,30.961,1.845,7.817,0.156,23.068
48083,3.7,36.835,31.047,32.118,1.712,7.584,0.144,22.859
48085,4.2,22.274,35.736,41.99,1.876,7.812,0.149,31.729
48089,2.41,56.028,22.855,21.117,1.21,6.523,0.133,14.882
48093,3.84,46.214,26.762,27.024,1.379,7.299,0.133,17.602
48097,3.99,48.736,23.927,27.337,1.364,7.145,0.137,18.144
48099,3.91,31.403,35.621,32.976,2.335,7.669,0.134,23.969
48111,2.05,54.001,24.506,21.493,1.008,7.798,0.145,15.443
48113,3.59,32.598,31.099,36.468,1.545,7.387,0.143,26.388
48117,5.07,42.043,30.687,27.27,1.506,7.907,0.148,20.032
48121,3.57,36.504,27.935,35.562,1.455,7.227,0.143,25.168
48123,2.42,52.509,21.352,26.068,1.516,7.259,0.129,20.556
48129,6.87,51.538,27.672,20.791,1.242,7.582,0.14,15.071
48139,3.67,24.917,33.64,41.462,1.729,7.56,0.145,30.169
48143,4.09,50.062,25.908,24.03,1.317,7.125,0.138,15.17
48145,2.76,36.078,30.586,33.336,1.457,7.246,0.146,24.032
48147,3.47,31.836,35.773,32.39,1.342,6.928,0.156,23.212
48149,4.13,50.047,23.441,26.513,1.366,6.789,0.127,20.078
48153,5.13,50.153,26.057,23.79,1.214,7.749,0.137,17.193
48157,1.33,37.13,33.878,28.992,1.821,6.807,0.15,22.714
48163,2.16,48.622,26.255,25.124,1.615,7.322,0.139,15.96
48171,6.17,39.261,30.067,30.672,1.735,7.326,0.134,22.024
48175,1.77,56.941,19.378,23.681,1.66,7.102,0.13,17.989
48177,3.43,47.349,24.022,28.629,1.383,6.906,0.133,21.369
48179,5.8,53.016,25.343,21.563,1.225,7.634,0.134,14.678
48181,4.49,35.676,29.646,34.679,1.261,7.204,0.138,23.722
48185,3.56,50.8,24.113,25.087,1.209,6.346,0.13,17.744
48187,3.97,33.401,32.593,34.006,1.678,7.436,0.139,27.519
48189,2.1,53.762,24.288,21.95,1.447,7.77,0.14,15.793
48195,4.39,39.152,34.041,26.807,1.345,7.797,0.152,19.257
48201,0.75,45.824,35.031,19.145,1.396,5.603,0.151,14.899
48205,4.96,55.585,23.012,21.403,0.928,7.854,0.138,14.734
48215,2.25,48.292,26.73,24.978,1.285,7.643,0.127,16.116
48217,3.72,39.278,29.54,31.182,1.406,7.335,0.137,21.828
48219,2.99,53.598,23.763,22.639,1.301,7.936,0.136,15.898
48225,4.15,51.373,26.763,21.864,1.204,5.682,0.133,16.242
48231,3.64,27.446,33.287,39.267,1.573,7.121,0.146,30.479
48233,6.12,47.451,30.306,22.243,1.188,7.843,0.151,14.808
48239,1.06,51.321,21.969,26.71,1.887,6.718,0.122,20.61
48249,1.83,58.718,18.897,22.385,1.534,7.4,0.132,15.913
48251,3.72,37.66,30.132,32.208,1.515,7.351,0.143,22.738
48255,4.0,44.826,23.104,31.979,1.747,7.477,0.134,24.246
48279,2.51,59.748,20.564,19.688,1.257,7.829,0.128,13.882
48285,2.36,52.361,21.655,25.984,1.514,6.816,0.135,21.385
48287,3.82,56.742,21.731,21.527,1.064,6.295,0.129,14.8
48291,1.01,45.53,37.988,16.482,1.507,5.217,0.158,11.445
48293,3.83,48.089,24.384,27.527,1.298,6.677,0.135,21.36
48295,4.24,45.705,31.768,22.527,1.325,7.663,0.148,15.695
48297,2.58,41.747,24.935,33.304,1.906,7.633,0.14,25.0
48309,4.54,31.79,33.0,35.21,1.837,7.532,0.139,26.425
48321,0.78,35.772,30.642,33.586,2.44,6.874,0.129,25.717
48325,5.11,42.595,26.962,30.444,2.091,7.492,0.133,20.364
48331,2.85,41.433,28.425,30.296,1.425,7.137,0.142,22.755
48341,5.58,51.188,27.689,21.123,1.219,7.789,0.142,13.727
48349,3.8,40.125,26.651,33.224,1.485,7.033,0.143,25.225
48355,2.19,52.57,20.584,26.846,1.302,7.547,0.12,19.791
48357,3.76,32.107,38.31,29.159,1.57,7.792,0.155,19.513
48369,2.34,44.962,28.192,26.846,1.676,7.88,0.148,19.769
48381,6.2,38.869,32.273,28.897,1.574,7.881,0.151,20.086
48387,2.13,37.534,28.025,34.441,1.337,6.681,0.151,23.579
48391,1.16,51.06,21.465,27.475,1.414,7.19,0.122,19.401
48393,6.07,47.361,29.281,23.358,1.476,7.715,0.147,17.047
48395,3.59,49.197,26.232,24.571,1.241,6.486,0.134,17.021
48421,4.71,48.628,28.27,22.864,1.105,7.698,0.153,16.276
48427,1.87,38.099,36.66,25.241,1.09,7.777,0.137,14.918
48437,3.32,31.645,35.405,32.676,1.72,7.906,0.15,21.771
48451,3.49,30.897,35.177,33.927,2.223,7.918,0.141,22.63
48453,5.72,31.09,33.936,35.343,1.807,7.737,0.14,25.059
48463,6.21,35.493,31.088,33.419,2.468,7.75,0.134,21.771
48469,1.75,53.54,20.586,25.875,1.73,6.844,0.119,19.093
48471,2.95,49.985,20.901,29.114,1.272,6.052,0.127,22.011
48477,3.89,41.455,26.887,31.658,1.485,6.953,0.139,22.833
48481,0.99,45.506,29.554,24.94,1.647,6.335,0.143,17.683
48485,2.77,37.149,36.177,26.674,1.27,7.453,0.149,17.845
48489,1.22,63.973,15.787,20.241,1.151,7.649,0.098,14.144
48491,3.42,25.426,35.796,38.777,1.956,7.535,0.147,31.483
48493,2.55,55.607,21.702,22.691,1.295,7.12,0.128,16.173
49013,21.24,45.819,32.608,21.573,3.169,7.812,0.14,16.74
49047,18.89,46.921,32.232,20.009,1.679,8.36,0.115,12.985
51001,4.88,69.517,20.318,8.567,3.552,5.688,0.098,10.57
51003,15.25,34.134,40.919,24.948,1.276,5.208,0.149,9.751
51005,27.92,37.034,42.412,20.498,1.273,5.241,0.143,7.375
51007,11.17,51.395,26.041,22.564,0.9,5.066,0.145,7.454
51011,11.2,41.237,33.149,25.614,1.213,5.309,0.129,9.561
51015,17.31,38.291,38.566,23.143,1.624,5.41,0.136,10.747
51019,17.83,50.614,27.866,21.519,1.219,5.189,0.138,7.802
51021,27.99,36.871,42.548,20.581,1.627,5.286,0.142,7.928
51023,18.85,38.672,37.155,24.173,1.595,5.322,0.142,10.216
51025,9.63,46.204,29.751,24.045,0.992,5.247,0.142,7.362
51029,14.4,45.605,30.987,23.093,1.042,5.383,0.139,8.788
51033,8.79,62.585,24.565,12.85,2.18,5.32,0.119,8.359
51036,5.13,49.875,32.249,17.877,2.006,5.083,0.139,8.756
51037,9.06,48.032,29.534,22.434,1.019,5.402,0.14,6.916
51041,8.62,60.987,23.126,15.887,1.335,5.152,0.125,6.955
51043,12.77,33.618,43.392,22.99,1.492,5.545,0.149,10.21
51047,11.62,33.558,42.987,23.455,1.167,5.161,0.151,10.635
51049,11.69,55.123,23.88,20.998,1.076,5.649,0.142,8.237
51057,4.49,58.411,27.595,13.894,2.295,5.059,0.133,9.528
51061,10.99,36.714,41.656,21.63,1.145,5.22,0.152,9.454
51065,9.18,40.277,37.113,22.61,1.107,5.298,0.14,7.951
51067,24.32,42.401,34.553,23.045,1.408,5.211,0.143,8.481
51069,16.85,35.128,42.322,22.55,1.392,5.602,0.144,8.094
51073,5.9,63.608,21.879,13.139,2.566,5.172,0.127,9.493
51075,11.39,47.495,28.22,24.285,1.044,5.278,0.143,7.876
51081,5.64,49.839,26.846,23.315,0.955,5.125,0.134,7.718
51083,10.03,44.124,32.774,23.102,0.987,5.547,0.149,7.334
51085,9.57,57.993,23.058,18.949,1.33,5.169,0.128,7.319
51087,5.44,56.171,25.196,18.634,1.429,5.133,0.135,7.366
51093,4.57,60.938,21.768,17.295,3.04,5.016,0.117,11.158
51097,4.89,62.228,21.442,16.329,2.264,5.44,0.126,9.364
51101,4.7,66.07,21.039,12.891,2.103,5.338,0.111,8.352
51105,25.8,31.315,42.495,26.19,1.021,5.538,0.151,8.852
51107,10.62,30.127,48.315,21.557,1.181,5.294,0.152,9.762
51109,9.82,44.276,33.683,22.042,1.345,5.367,0.145,9.142
51111,10.91,46.669,30.29,23.041,1.409,5.371,0.146,8.53
51113,11.88,40.116,37.359,22.525,1.439,5.273,0.15,7.584
51115,3.29,56.663,27.362,15.975,2.93,5.117,0.146,11.517
51117,7.15,41.87,34.942,23.188,1.072,5.632,0.146,7.249
51119,4.79,54.0,30.215,15.785,2.622,4.998,0.131,9.792
51121,17.1,33.023,44.397,22.581,1.51,5.418,0.153,10.932
51127,5.07,57.339,27.333,15.208,3.301,5.064,0.134,11.846
51131,7.26,75.515,16.842,7.643,1.397,5.727,0.081,4.757
51133,5.28,49.562,33.162,17.276,1.762,4.862,0.158,8.54
51135,9.41,54.253,25.855,19.892,1.111,5.405,0.137,6.626
51137,9.42,35.037,40.43,24.533,1.258,5.3,0.153,10.611
51139,23.49,40.199,38.214,21.587,1.575,5.165,0.14,10.177
51141,21.52,44.305,31.999,23.697,2.093,5.218,0.138,9.806
51143,12.73,49.892,28.01,22.098,0.947,5.339,0.131,6.99
51145,8.45,48.036,29.018,22.945,0.942,5.216,0.137,7.299
51147,10.07,48.854,29.112,22.033,1.035,5.416,0.143,7.206
51149,4.6,43.766,35.73,20.503,1.295,5.007,0.138,8.268
51153,10.35,42.789,37.142,20.069,1.82,5.123,0.15,10.216
51157,13.2,45.197,35.257,19.524,1.476,5.112,0.146,7.054
51159,3.06,56.484,28.522,14.83,2.63,4.934,0.138,10.386
51163,25.13,43.417,35.879,20.704,1.338,5.3,0.144,8.109
51165,16.41,37.032,37.072,25.403,1.492,5.453,0.14,10.355
51169,29.88,31.247,42.379,26.374,1.206,5.471,0.139,9.999
51171,19.42,33.685,40.919,25.396,1.473,5.458,0.141,9.975
51173,22.96,33.718,42.099,23.782,1.429,5.463,0.147,8.92
51175,5.05,64.546,20.429,15.024,2.305,5.327,0.123,9.473
51177,10.88,50.744,30.486,18.77,1.2,5.202,0.135,6.933
51179,8.59,52.211,29.212,18.577,1.654,5.082,0.146,8.823
51181,5.06,51.436,29.556,18.437,2.469,5.042,0.14,10.979
51183,5.7,57.575,24.554,17.87,1.602,5.21,0.13,7.93
51191,21.98,31.939,45.577,22.484,1.099,5.419,0.155,8.136
51193,3.8,48.46,36.375,14.999,2.902,5.004,0.145,11.242
51197,20.59,33.367,43.379,23.255,1.551,5.397,0.146,8.192
51550,1.7,58.414,28.273,13.312,8.231,5.036,0.161,18.17
51800,2.47,67.141,20.573,11.703,4.212,5.023,0.12,12.412
51810,2.31,58.578,29.956,11.465,8.99,4.873,0.142,22.599
53001,11.01,40.985,49.941,9.074,1.078,7.655,0.172,9.198
53021,14.67,48.231,44.072,7.697,0.871,7.458,0.162,7.632
53025,11.53,50.764,40.904,8.332,1.249,7.546,0.155,9.738
54003,16.52,30.341,44.478,22.404,3.275,5.911,0.159,14.571
54037,14.29,28.003,48.596,23.354,2.049,5.805,0.163,12.848
54063,23.29,27.177,51.786,21.037,4.186,5.257,0.144,14.025
54065,26.2,38.044,42.875,18.252,4.756,5.264,0.133,15.715
54071,28.74,34.089,42.9,20.481,3.224,5.227,0.128,10.242
54075,23.18,24.928,49.134,19.998,12.478,5.058,0.166,22.219
54077,18.69,29.614,46.885,21.906,5.182,5.037,0.141,12.268
55001,5.3,72.402,18.175,9.286,7.085,5.903,0.145,13.106
55003,9.95,56.171,29.168,8.701,9.676,5.31,0.178,27.353
55005,7.41,41.81,42.872,10.221,6.287,5.769,0.193,17.01
55007,9.72,58.258,23.373,9.372,8.936,5.414,0.167,28.748
55009,6.67,41.969,36.502,19.346,4.873,6.772,0.182,18.412
55011,12.12,44.513,42.476,13.011,3.702,6.045,0.18,14.65
55013,6.9,59.444,22.978,7.739,11.37,5.66,0.171,29.907
55015,5.86,42.383,39.07,18.307,5.504,6.795,0.189,15.389
55017,6.67,43.746,41.288,11.155,4.846,5.872,0.189,15.966
55019,5.0,51.906,36.543,9.966,8.252,5.311,0.184,17.157
55021,8.17,49.334,36.056,14.526,3.849,6.429,0.176,14.121
55023,15.43,36.122,49.218,14.66,1.956,6.158,0.185,12.299
55025,12.08,31.128,50.067,18.698,3.207,6.355,0.201,15.818
55027,7.72,26.929,53.247,19.73,4.634,6.793,0.209,17.33
55029,6.04,56.668,26.112,14.089,8.15,6.717,0.175,22.973
55033,10.77,49.89,38.187,11.923,3.34,5.988,0.174,12.694
55035,7.26,57.539,31.472,10.468,5.796,5.836,0.171,14.987
55039,7.72,26.307,50.875,22.137,4.421,6.662,0.205,18.55
55043,16.65,29.461,52.405,18.133,2.604,6.294,0.193,16.599
55045,9.31,27.091,53.418,19.399,3.126,6.303,0.206,16.254
55047,7.92,45.9,37.694,15.405,5.202,6.57,0.181,14.199
55049,13.69,30.041,52.499,17.46,2.671,6.257,0.193,15.6
55053,6.4,60.689,29.152,10.159,9.918,5.516,0.182,18.445
55055,6.12,40.323,42.214,17.287,5.687,6.718,0.201,17.131
55057,7.65,55.834,32.792,11.374,8.71,5.71,0.183,18.499
55059,6.11,33.6,44.83,19.687,5.571,6.628,0.202,19.382
55061,8.45,40.407,38.51,18.471,4.788,6.75,0.181,19.047
55063,14.21,46.665,40.726,12.609,3.913,6.073,0.177,14.92
55065,12.96,23.047,56.512,20.299,2.881,6.358,0.206,18.03
55067,4.48,43.8,46.222,8.533,12.321,5.536,0.201,23.824
55069,6.71,50.946,40.186,8.108,7.022,5.472,0.177,14.51
55071,6.71,46.219,36.427,17.226,4.671,6.737,0.179,14.552
55073,6.1,44.607,41.268,9.709,5.763,5.703,0.175,16.009
55075,6.79,64.098,23.867,8.237,10.218,5.928,0.161,20.516
55077,6.76,66.589,22.786,10.591,5.827,6.416,0.159,13.325
55079,5.68,30.341,49.179,20.662,5.723,6.722,0.207,19.68
55081,10.84,43.492,43.139,13.369,7.27,5.947,0.195,17.609
55083,7.74,65.682,23.694,8.142,8.99,6.112,0.156,20.719
55087,5.38,41.914,37.74,17.688,6.593,6.583,0.196,21.891
55089,6.97,34.689,44.927,20.096,7.01,6.842,0.207,20.141
55091,12.78,49.154,38.764,12.082,3.887,6.076,0.174,14.641
55093,11.91,40.947,45.435,13.618,1.914,6.163,0.184,11.128
55095,8.03,57.362,27.471,8.583,6.703,5.718,0.164,24.013
55097,4.82,64.794,21.254,6.955,8.89,5.746,0.164,25.609
55099,8.48,46.223,37.754,7.884,9.924,5.4,0.191,32.143
55101,6.09,33.407,45.005,19.651,5.468,6.62,0.203,19.34
55103,14.43,40.122,45.666,14.212,2.955,6.181,0.183,14.129
55105,8.16,38.756,41.779,18.748,4.279,6.452,0.196,17.47
55107,7.04,44.8,38.063,8.157,9.837,5.52,0.191,27.442
55109,8.89,41.792,43.101,13.709,3.336,6.08,0.189,15.431
55111,10.53,43.09,42.227,14.586,4.917,6.07,0.188,14.991
55113,8.81,50.161,33.699,7.491,9.583,5.467,0.182,26.357
55115,6.41,63.132,24.902,8.658,6.94,6.041,0.158,15.947
55117,7.16,36.754,42.066,19.133,7.152,6.797,0.2,20.937
55119,7.56,36.129,47.687,9.182,9.289,5.525,0.207,24.349
55121,11.41,45.218,41.386,13.396,4.882,6.033,0.186,17.173
55123,15.34,32.471,52.488,15.041,2.675,6.201,0.194,14.25
55127,8.01,31.538,49.025,19.253,4.395,6.587,0.205,17.167
55129,8.28,56.084,28.405,6.965,8.955,5.523,0.167,24.083
55131,8.05,34.602,46.928,18.702,4.906,6.795,0.208,15.915
55133,6.68,34.398,46.306,19.415,5.616,6.692,0.202,19.593
55135,6.02,63.283,23.947,11.141,6.277,6.13,0.146,18.149
55137,4.51,70.392,17.782,11.826,9.448,6.091,0.156,16.004
55139,4.67,40.512,39.166,20.242,6.827,6.667,0.191,17.938
55141,3.07,55.514,31.733,9.469,11.661,5.338,0.195,22.501
56031,10.68,58.864,24.643,15.661,1.329,7.729,0.133,10.14
56043,12.63,42.531,31.56,25.66,0.987,7.794,0.15,16.954
