Stage,True_Value,Predicted_Value
V6,185.2,153.83608345920118
V6,174.0,153.1146266268824
V6,186.9,167.65024796428412
V6,146.9,143.37446748320556
V6,180.3,156.32748261257697
V6,129.7,159.1637892823764
V6,153.2,150.34494371124904
V6,85.4,149.21698326701704
V6,165.0,131.31280812621804
V6,88.5,141.18474138792914
V6,172.0,161.608346254008
V6,96.0,157.63063864340992
V6,87.4,122.60509603972024
V6,174.9,165.1651194293771
V6,95.0,162.36530071964285
V6,141.8,132.40723023253392
V6,114.2,128.15457663147262
V6,133.0,144.7937921645908
V6,116.0,135.91234413411257
V6,175.5,158.7125617956315
V6,129.5,156.4268079860948
V6,167.1,173.1097649665872
V6,140.9,150.23783185548552
V6,113.2,145.6395879054197
V6,135.6,129.2664413825122
V6,65.6,126.43456603441378
V6,159.8,164.8895612981808
V6,153.6,154.39073082712758
V6,166.5,152.10073275688362
V6,175.2,152.19808665954614
V6,164.3,154.344858156552
V6,103.2,148.87659894789013
V6,155.6,161.97760044409893
V6,95.5,153.9484525984635
V6,171.9,167.60362825758793
V6,112.1,160.77450189763414
V6,182.3,171.39862676426367
V6,114.1,163.19720219241768
V6,201.2,174.33937474236146
V6,114.9,169.33758525081427
V6,141.3,141.69618052376825
V6,91.4,137.21530174236614
V6,174.2,158.86817727665624
V6,107.0,156.68211976657227
V6,183.7,158.49642416167387
V6,129.2,158.160618970724
V6,177.0,156.3326997940036
V6,102.2,152.41860802718335
V6,102.9,137.05687364169833
V6,141.6,125.76209030293798
V6,149.4,128.64064729016724
V6,114.8,131.25692630570586
V6,170.2,157.687614340245
V6,113.5,158.27142015631824
V6,167.9,151.46364232969873
V6,118.9,151.9449945543255
V6,184.4,184.25298851426538
V6,189.9,172.82154205691376
V6,177.5,177.818016610297
V6,191.0,167.378950212949
V6,178.6,179.73182338568773
V6,180.3,172.11481726825443
V6,183.0,188.45191524736853
V6,194.2,173.70870960710695
V6,189.2,178.18206018240167
V6,199.5,168.96359084799576
V6,191.5,184.5197361293582
V6,201.5,175.73430958851557
V6,192.3,179.108133917193
V6,178.0,173.02648428035153
V6,191.9,181.0096028189284
V6,185.5,172.6163460335238
V6,191.2,180.27501412650403
V6,193.6,173.74935268947903
V6,186.0,174.28103930024972
V6,192.2,181.37089711038328
V6,190.0,171.80797545430843
V6,192.2,178.51900004673345
V6,199.7,168.00246854193773
V6,164.6,175.9101416787781
V6,185.6,161.0717202794818
V6,189.5,178.38600927816557
V6,191.7,168.78613246227366
V6,188.2,183.3336861675366
V6,204.2,172.722222440591
V6,185.9,182.22677621824616
V6,191.3,169.91404954601782
V6,186.7,174.97672824230557
V6,212.3,167.85891149020694
V6,156.3,176.76276917107535
V6,202.5,162.29022506095663
V6,148.4,148.3421868763102
V6,146.6,156.2034508344475
V6,138.1,137.72082716762188
V6,79.4,73.79965607198604
V6,94.5,116.47513783911114
V6,81.3,94.44463546086664
V6,152.0,144.44071571771823
V6,139.3,142.4221196534476
V6,194.7,158.652926460782
V6,186.9,170.41272165079894
V6,114.8,151.41578731412153
V6,131.6,130.87453123871714
V6,187.8,159.17342243874498
V6,114.1,138.7444141415645
V6,88.6,86.47038210020432
V6,59.9,78.31895100720209
V6,169.5,186.11818856264213
V6,189.4,173.50743575047028
V6,194.5,164.25236780510605
V6,179.6,168.07682436235578
V6,191.6,157.6663142738314
V6,177.7,164.3192659438695
V6,185.5,165.9545092213757
V6,165.2,168.05023698861285
V6,180.6,179.42549487012099
V6,177.4,175.32404878619013
V6,171.3,153.15444959157338
V6,132.3,154.23821028337034
V6,168.9,148.3061430453406
V6,71.5,148.30862637654832
V6,178.2,168.53321662734118
V6,138.3,162.56280097852496
V6,172.7,148.84298090728467
V6,168.5,185.66313689229278
V6,182.1,171.90978208988992
V6,166.7,164.67640261477632
V6,128.3,160.39837585586034
V6,187.9,177.57916261273652
V6,169.5,169.53055561838505
V6,81.7,109.24563784834062
V6,44.7,109.86906889413486
V6,131.0,119.80911866878203
V6,130.6,121.41071754205286
V6,179.5,185.29167342375052
V6,181.5,172.5617298276088
V6,185.7,179.9118717701587
V6,194.5,186.5389776568701
V6,212.7,189.83360343555032
V6,212.8,194.0853406026827
V6,192.4,181.3657964275301
V6,177.5,189.56621561522837
V6,223.5,192.78123191781685
V6,240.8,196.14822658264518
V6,197.4,176.42160515386502
V6,229.5,197.64559725033718
V6,239.2,201.8674015462787
V6,215.8,191.28897241430514
V6,218.2,196.39705688988352
V6,216.8,194.84818897987492
V6,204.6,192.4080931641554
V6,208.0,191.14463107496167
V6,178.3,180.7468040579783
V6,173.0,179.09021568230258
V6,156.6,187.33482728144838
V6,197.6,175.86570883402456
V6,227.6,195.6097089837782
V6,194.3,186.59971297441047
V6,198.2,181.38519625552325
V6,206.6,185.40594264098814
V6,226.3,190.24373990986618
V6,222.8,195.61019763313809
V6,211.6,194.51426390884316
V6,225.3,195.45092483042754
V6,208.5,195.65083360040347
V6,222.6,194.22904327276802
V6,184.8,177.95018973279304
V6,185.4,176.6674282400479
V6,186.0,193.07820811906217
V6,217.5,186.93990585044878
V6,223.3,193.21474744543767
V6,173.7,175.9347367884406
V6,170.6,159.8531875699354
V6,201.2,187.60688872815732
V6,208.4,194.64402799109462
V6,203.6,190.94388588497475
V6,229.1,192.6594997595623
V6,204.2,192.35235601292192
V6,228.2,198.6815103252053
V6,229.7,190.93044421502137
V6,223.5,191.15228867879165
V6,216.5,189.3562081473775
V6,213.8,191.08023559157473
V6,165.2,175.13784267602415
V6,194.2,161.64858680100124
V6,191.8,184.66577451336448
V6,155.7,160.40030487735123
V6,156.7,158.56470261205354
V6,201.9,188.8850822955669
V6,193.7,189.14644096227255
V6,211.2,190.14466674268206
V6,212.2,197.0631981573059
V6,209.1,188.8608669104441
V6,233.7,192.97075702312475
V6,207.5,193.5096213208459
V6,206.2,193.38389693554103
V6,219.0,193.19332208866484
V6,238.2,202.34016909142804
V6,192.9,172.1965855047285
V6,164.7,179.48049256426978
V6,199.7,195.63504043326475
V6,225.0,193.8800330239386
V6,186.3,178.69130531934357
V6,194.5,172.9312278025944
V6,207.7,192.08115308126517
V6,220.1,193.69428829533248
V6,231.4,194.9474103563322
V6,211.1,197.12039232417942
V6,234.5,200.47206677203343
V6,224.2,192.8572097674138
V6,223.3,198.4313170263893
V6,246.7,199.26047424931733
V6,225.3,198.60099444879373
V6,243.8,198.6701488239029
V6,199.3,192.9403474472934
V6,206.4,194.13392297785037
V6,189.3,189.80487341032577
V6,199.9,187.63218899101744
V6,157.8,183.69426719531467
V6,183.1,172.15240748417935
V6,208.1,189.07588525271154
V6,174.9,177.2948546331939
V6,214.4,194.1553890473069
V6,241.7,198.94013340121714
V6,226.6,192.58660088808176
V6,154.0,169.92706708588125
V6,182.5,164.26572834441686
V6,202.6,195.02230717508172
V6,205.0,192.36035221933884
V6,200.2,194.11035494269007
V6,228.5,193.9868924819921
V6,220.5,193.6640225440442
V6,216.8,195.5867862813373
V6,235.1,198.27099879982865
V6,220.0,194.00152983203438
V6,218.4,201.13932688952502
V6,165.2,163.6995455077901
V6,223.2,196.34985482525587
V6,241.1,198.75515117489954
V6,161.7,183.21154651398643
V6,181.0,159.25320138819157
V6,213.7,190.02990620901323
V6,161.7,171.21429315374408
V6,172.8,162.8746717077298
V6,218.9,189.36842584530805
V6,174.0,183.0192096253072
V6,188.0,177.91466023509798
V6,170.3,186.62628572105012
V6,221.1,198.19658662627143
V6,248.2,201.11202546045905
V6,188.8,177.66121230620186
V6,196.3,187.62758668451568
V6,200.7,188.5694533630874
V6,196.6,195.1494922462448
V6,234.1,194.13494465462344
V6,225.3,198.23481751746158
V6,217.0,194.72964878870147
V6,220.4,199.48743993482327
V6,222.0,194.01081171672527
V6,235.3,199.32526037822674
V6,142.3,168.75804176095568
V6,204.2,194.98606404135035
V6,218.0,191.45492561973606
V6,184.1,178.42255484953114
V6,183.2,172.81903178892765
V6,178.6,182.48543935884504
V6,191.2,180.04692911837134
V6,185.1,181.39840635726378
V6,181.9,180.0494906075054
V6,171.0,182.0102033337505
V6,175.7,172.6536110106914
V6,201.3,192.35841595772544
V6,230.2,192.5109093174684
V6,195.2,191.59118370354358
V6,194.2,189.24879982500653
V6,170.3,173.08359648731633
V6,144.9,155.32705701962593
V6,190.4,189.53864282944468
V6,210.9,191.01260852899674
V6,223.2,196.21703165062104
V6,202.8,181.33825244146243
V6,196.8,185.22303429649213
V6,190.4,181.19636698175773
V6,194.0,184.0515916496318
V6,195.0,185.41321159751863
V6,198.7,181.80349947038263
V6,222.2,191.14520807965252
V6,229.7,195.09659310508425
V6,200.3,183.55951913628343
V6,207.2,188.86026128879683
V6,209.9,192.6905150875499
V6,188.9,177.02110974640144
V6,172.9,168.3911892166378
V6,194.3,183.031596789175
V6,186.3,184.79212436944408
V6,234.4,191.01070275062168
V6,213.2,195.53189404249525
V6,213.9,187.25952440871004
V6,195.5,187.07845761064013
V6,189.1,162.10846036784432
V6,183.2,165.28377514177635
V6,221.9,193.64873623651283
V6,219.5,189.20213451137784
V6,191.4,183.46456958646388
V6,194.8,183.83875775239358
V6,181.7,178.43509006783376
V6,179.3,176.39828979993536
V6,208.0,185.90024815206183
V6,205.3,185.4285898106013
V6,198.4,177.53642973979674
V6,196.3,179.07532334070584
V6,202.5,187.4937368609065
V6,199.0,183.7253811417035
V6,219.2,187.44222293336463
V6,205.8,177.1259017257423
V6,206.0,187.32909933429232
V6,206.9,181.07075060827347
V6,197.1,184.49890058304004
V6,188.3,179.91918469834906
V6,167.3,170.5023746764843
V6,222.0,191.79129970480193
V6,207.3,191.88901779342928
V6,197.4,184.4313447689278
V6,215.6,191.4815315635948
V6,214.5,192.90635930522689
V6,211.7,183.2829166880299
V6,188.4,189.63076669580275
V6,200.1,178.72310996378616
V6,198.7,177.62999352118226
V6,173.8,185.03978924624414
V6,182.9,171.57013684889083
V6,169.7,166.09228987305704
V6,191.9,172.65545157177294
V6,181.9,171.8077087452204
V6,224.4,177.2319407918127
V6,197.2,184.73006256737088
V6,202.0,187.42848121142072
V6,207.1,183.17862750162436
V6,198.0,182.91088651915763
V6,184.1,184.39115872784276
V6,182.4,165.15789079426014
V6,181.2,168.6561427438292
V6,195.9,188.30978284408587
V6,177.4,171.1189624915989
V6,184.8,174.55038630484353
V6,207.6,189.23017413715263
V6,220.7,189.55800622232573
V6,191.1,175.26164886437442
V6,196.9,178.19176363975834
V6,173.4,180.3601710000911
V6,202.0,181.22023822851153
V6,182.4,187.66217118487387
V6,182.6,165.37702934790101
V6,191.7,164.01946112261663
V6,220.4,195.48844989731785
V6,200.0,186.67958386884519
V6,199.3,185.48088748984128
V6,219.3,183.07587483868483
V6,201.1,190.04511260656818
V6,195.3,183.2013804799994
V6,180.4,183.6340116431289
V6,139.6,155.38540066623943
V6,191.8,172.9532220161943
V6,163.9,177.33445893436635
V6,201.7,183.27100968730363
V6,198.8,188.29322088808618
V6,203.1,181.49099453226728
V6,197.1,173.56011621999306
V6,174.0,179.04096008639235
V6,202.3,189.96347557585787
V6,190.6,187.1144405270678
V6,193.2,183.85556320937886
V6,204.8,185.5188821134847
V6,180.9,171.77371696112309
V6,175.3,172.39914302469398
V6,221.5,191.38309851069965
V6,213.3,189.25729762194317
V6,184.1,167.88843405837187
V6,181.4,173.41017680763696
V6,192.6,182.38782509005495
V6,185.1,174.4193471833104
V6,200.6,188.8545355800971
V6,207.2,182.0229167713154
V6,189.0,168.28364122908806
V6,162.3,174.36605278044
V6,182.8,167.01049788060422
V6,191.0,173.21986203705052
V6,199.2,178.71007091978257
V6,201.4,180.83168146605067
V6,181.0,171.7500880633026
V6,222.4,187.51899083485128
V6,220.0,193.37813083818276
V6,208.8,186.94140213480244
V6,218.6,191.71704634139397
V6,221.8,192.05687440736136
V6,200.3,188.33587173769808
V6,186.4,187.5346126590686
V6,191.7,176.8967187789477
V6,198.8,177.56394375795264
V6,193.4,183.59595917685522
V6,206.8,185.5725593901929
V6,175.7,187.3346830569053
V6,194.8,175.62664227953485
V6,194.2,180.71625735812069
V6,206.0,183.0598579928533
V6,205.6,186.48591752525166
V6,201.1,191.8351587646485
V6,197.7,182.67698103484128
V6,181.9,179.25054100819642
V6,175.1,178.8032979826796
V6,183.9,191.86132865229573
V6,216.3,187.4205700075242
V6,172.8,150.38126887269544
V6,197.6,186.9909204156377
V6,224.2,192.28392891038686
V6,199.7,188.23131732378963
V6,238.6,190.54826790401773
V6,226.5,185.3704945018552
V6,217.6,192.52122038512977
V6,199.9,185.27894206103477
V6,205.9,189.64992425826972
V6,190.7,184.4069276232446
V6,220.8,187.84740735639878
V6,212.0,182.7473374508366
V6,183.1,188.0066874438407
V6,209.8,187.00914180278988
V6,201.6,184.82483278956977
V6,228.8,190.54635726987186
V6,196.7,189.91357671159483
V6,240.9,191.80919554758862
V6,205.7,188.99921982313055
V6,236.2,195.58385085580142
V6,211.7,186.0003288221261
V6,207.1,195.85454595528302
V6,198.9,192.7953683539269
V6,206.5,189.30851767464418
V6,203.9,181.71041909156068
V6,176.1,188.2522287355665
V6,201.1,189.27480309464272
V6,220.2,191.90854164687434
V6,198.0,191.69897419145946
V6,235.9,196.3316201577343
V6,187.9,192.9448763740344
V6,214.2,193.35116154355
V6,210.9,182.68018784653938
V6,179.8,154.25662013697428
V6,194.9,176.17042063407737
V6,205.3,150.12113052101424
V6,172.2,182.63882702489585
V6,198.9,190.86115239111902
V6,219.5,193.09423545824535
V6,207.9,180.25805943098413
V6,221.8,194.13391723937508
V6,201.3,181.9789302437437
V6,160.8,187.73974114393909
V6,199.5,192.22321013116945
V6,221.7,194.27392843553466
V6,205.9,186.66438567284968
V6,201.2,192.93393629043362
V6,191.8,191.5898992877187
V6,210.1,188.5120086508307
V6,210.5,188.82037565180627
V6,204.9,192.66727494171116
V6,211.0,183.99326735767937
V6,231.0,195.0688101174724
V6,208.0,189.35208323263845
V6,223.1,193.1199248092162
V6,212.9,187.39624587152113
V6,215.5,184.02548931433395
V6,212.3,193.00739417825093
V6,204.9,190.21113122871668
V6,203.1,190.99686781351176
V6,213.3,189.2141170869004
V6,190.3,169.29232463781452
V6,195.1,168.76146869259293
V6,213.7,188.3793802571908
V6,183.9,193.94654573947304
V6,212.5,187.46143548092232
V6,205.8,183.628939585895
V6,205.7,189.97105509941346
V6,198.0,190.3226932257904
V6,221.5,195.32194535028296
V6,213.5,185.16061365087324
V6,219.2,194.35665002484632
V6,189.6,189.13885399829994
V6,227.5,191.9990850845102
V6,218.0,188.87137398252028
V6,195.1,170.41850192730564
V6,203.7,185.6519211554373
V6,203.1,182.73732253885674
V6,223.1,190.55116165116914
V6,190.7,188.2506554322174
V6,233.3,191.14584695858622
V6,211.6,171.33979188758371
V6,203.7,170.84809120726163
V6,223.3,189.84020023390576
V6,179.5,188.03955202323516
V6,230.1,186.65402315865228
V6,173.9,151.43353353347575
V6,200.2,186.7807871002545
V6,198.8,194.99747001700158
V6,202.0,173.85286277743086
V6,214.9,182.09963252027342
V6,222.9,193.33598506613322
V6,203.7,173.6408395558527
V6,218.1,186.05715624266995
V6,216.3,189.76166703431534
V6,222.2,194.43932022747373
V6,204.3,181.13652748619322
V6,210.9,192.73748689317424
V6,171.8,195.11857079602203
V6,212.8,187.62771399443176
V6,165.4,174.5370065147451
V6,192.0,181.9343694633046
V6,181.1,151.30633585436703
V6,191.7,173.5843696747409
V6,206.2,183.24841813247428
V6,215.8,193.80391168830886
V6,211.9,185.88201992208997
V6,220.4,195.7018625219276
V6,212.7,187.09531025172964
V6,199.0,194.27338312043702
V6,203.7,183.5605041810092
V6,206.6,180.0391582788105
V6,209.1,193.45080189633333
V6,211.7,183.14851309214575
V6,182.3,190.22015029272146
V6,205.7,181.33228736651546
V6,195.6,196.01721035498034
V6,218.1,183.91887741875738
V6,203.0,192.25158131326688
V6,206.4,179.97078241071927
V6,218.0,190.03634095074733
V6,198.5,183.56575809787756
V6,204.9,182.99940897618148
V6,223.0,189.8206465518277
V6,199.1,187.67028412615613
V6,229.1,193.5642800935431
V6,210.1,188.9857587327103
V6,234.2,198.18224000977773
V6,196.0,191.62547090766478
V6,211.4,190.41707774363067
V6,211.4,183.4627919144913
V6,215.5,189.6796810023656
V6,197.4,187.95384506794358
V6,192.9,165.58216859382827
V6,192.7,185.27872024684595
V6,217.0,165.94063976309718
V6,189.3,158.81018826584022
V6,202.9,167.97081987476562
V6,199.2,159.46715397045472
V6,188.3,180.7386144928782
V6,212.8,185.2626628954706
V6,211.6,194.23712791354632
V6,211.3,190.31003029108575
V6,182.6,193.09889696944037
V6,195.3,191.02004995910295
V6,212.1,190.95793726990016
V6,168.3,185.9165542237444
V6,206.4,187.71932118250723
V6,187.6,195.54050424593274
V6,198.6,189.91782320699292
V6,202.5,184.56670320255253
V6,96.7,112.31851079350429
V6,127.9,123.76548497137166
V6,183.2,153.44576592998055
V6,195.9,181.0579238925918
V6,125.8,146.31189558957934
V6,116.0,110.27534099479438
V6,114.0,130.7834929975823
V6,188.6,183.56572190941642
V6,202.0,188.96175795479047
V6,97.0,113.58851198792725
V6,115.7,122.87840637576569
V6,110.1,121.97053797897146
V6,162.6,129.87918394572668
V6,92.2,97.78913187352396
V6,118.5,115.7355900317558
V6,112.7,127.12567772196111
V6,69.5,116.34068569621996
V6,114.7,129.50622261172896
V6,91.8,107.36116650556274
V6,128.9,127.91465492322462
V6,110.9,105.9052533000648
V6,111.7,118.16739535737615
V6,104.9,120.75993138306505
V6,133.0,129.897098298688
V6,131.8,122.22803054991171
V6,175.5,147.89075539886304
V6,157.3,168.9914998228527
V6,149.9,163.84601669566968
V6,98.9,110.15238637036886
V6,89.2,111.19415544338882
V6,179.0,141.09104330977053
V6,124.4,149.27640271489776
V6,157.9,157.48817917209877
V6,57.6,94.18976427108544
V6,73.9,88.57721387961368
V6,63.5,100.45378260495806
V6,78.3,94.5528758081677
V6,150.4,188.99634250865444
V6,227.0,172.59716576652568
V6,203.7,186.11070256996732
V6,157.2,186.10460574580588
V6,70.8,93.23646842555013
V6,184.5,178.9575353753614
V6,195.4,180.61287283680838
V6,170.5,170.82701494636038
V6,185.3,155.26529499316155
V6,136.0,145.11238466444252
V6,168.4,144.9712673654722
V6,139.8,169.62243928321143
V6,94.8,113.63228415161927
V6,105.6,119.41773403740935
V6,65.9,104.22421357118212
V6,161.4,129.71583123529126
V6,186.4,161.7202381695001
V6,93.7,103.53176019908778
V6,133.0,120.26361296353488
V6,133.4,117.49333406407742
V6,90.6,98.2380678065787
V6,135.7,112.45449891868027
V6,135.8,151.70416073595325
V6,211.1,189.36549300099918
V6,165.0,189.93254473759316
V6,137.0,121.32538566545512
V6,155.9,144.6000606189623
V6,61.5,98.3151762874999
V6,80.5,111.8010744406385
V6,111.1,132.40290565719903
V6,83.8,109.37183869933735
V6,149.1,120.76579097072843
V6,191.5,180.45195398977654
V6,86.7,110.78148887545663
V6,98.6,122.50120422669053
V6,101.1,113.39263354701168
V6,181.2,180.1669487246503
V6,160.0,179.02489252112122
V6,104.1,107.76741269409354
V6,81.4,92.24396805788405
V6,186.7,151.0033014507802
V6,172.2,164.89794005703249
V6,141.9,117.15230633509213
V6,143.5,150.35228432424736
V6,148.7,161.14543788221698
V6,71.3,91.88039887962998
V6,103.2,100.1597329075216
V6,116.9,118.76846734250688
V6,132.1,139.50394192026135
V6,151.7,138.51265508340526
V6,181.1,189.62015306304207
V6,137.9,144.6419604856422
V6,176.9,145.0775934851424
V6,97.9,133.64896076493096
V6,112.9,109.03749362306448
V6,90.9,113.5833479897165
V6,150.0,179.41347892755482
V6,189.0,173.2991183082635
V6,120.5,99.3446683956621
V6,82.8,107.78345349471414
V6,97.8,125.57991873408501
V6,163.1,139.24741242879907
V6,75.7,110.75183100338177
V6,78.5,91.95509230611626
V6,101.3,112.22159953462025
V6,107.2,125.58621836069786
V6,204.0,179.07210499744698
V6,188.8,170.09859837407396
V6,193.7,170.1106635939372
V6,196.7,163.55964239164268
V6,196.8,170.03967779697922
V6,197.6,176.518960094513
V6,197.9,165.4048848156921
V6,174.8,170.0193919177595
V6,194.9,170.60810176326174
V6,170.3,183.5423230105851
V6,187.3,164.84864674664166
V6,189.5,176.6570121631506
V6,166.1,159.6510125036407
V6,140.7,154.44161510701667
V6,181.0,172.12972400754526
V6,190.6,163.33677992492812
V6,184.3,159.87044435870095
V6,168.2,171.89493852324975
V6,164.9,155.49854218206013
V6,195.8,167.93774868548897
V6,173.6,186.436791224184
V6,181.1,169.8578070735873
V6,164.6,169.6264015196013
V6,166.2,154.8998374649467
V6,127.9,152.56072258454128
V6,201.0,171.19052300270172
V6,198.2,165.13054399395358
V6,129.0,165.38389012932305
V6,181.9,175.88570828641633
V6,188.5,163.72393163288768
V6,125.7,151.4051783693534
V6,188.4,189.55454917848357
V6,177.0,167.6199855936249
V6,153.9,166.5272484896361
V6,180.0,174.06088975085834
V6,183.9,158.97516622856529
V6,202.5,173.37824264727166
V6,140.3,167.7499676109575
V6,196.2,181.77990700579824
V6,157.3,172.63616419208935
V6,181.7,176.15638800052102
V6,191.6,159.66850965706485
V6,200.2,176.96872353824105
V6,186.1,165.90984071618297
V6,208.9,180.75830656764552
V6,196.7,172.32843036940045
V6,136.2,170.85526123187958
V6,216.9,186.60332294906135
V6,180.5,177.51810311966358
V6,159.3,172.67412014252088
V6,172.9,155.5388663626736
V6,142.2,149.04334239278796
V6,153.5,138.43207414686367
V6,187.7,176.5237974484233
V6,182.1,167.3837253018326
V6,182.8,184.0154357405779
V6,178.0,177.15001154552652
V6,192.6,168.95369948528656
V6,179.8,179.60744561710723
V6,196.9,172.05854745853776
V6,175.1,171.92552420536254
V6,181.6,164.5559368600456
V6,185.3,180.3481734603115
V6,192.0,172.30232453178218
V6,126.5,152.36615009201293
V6,160.6,134.80352296790517
V6,182.2,175.09807077806548
V6,180.6,166.63945342970914
V6,164.5,162.79735408922377
V6,168.3,142.6117172959063
V6,129.8,151.25439534308984
V6,137.9,134.4472136764297
V6,172.4,182.34249259254233
V6,188.7,171.96303436009975
V6,158.0,171.89455009154892
V6,183.4,156.48776585693133
V6,181.4,177.76785524085065
V6,197.4,167.92160179454163
V6,130.9,144.45183389555393
V6,163.0,127.72141385424277
V6,188.8,175.3454051786755
V6,187.9,168.97498443582776
V6,160.1,150.69607079656217
V6,85.2,157.937638695571
V6,161.7,153.75628374821378
V6,162.7,159.6840408661071
V6,144.2,146.9268097857983
V6,70.5,147.46365408241536
V6,178.3,166.37181728575914
V6,132.9,165.97044593621285
V6,127.0,158.4792750798831
V6,140.7,156.84556169165907
V6,179.6,162.16265301921672
V6,152.0,164.7323188727605
V6,70.1,150.34950527392982
V6,190.5,165.67443107678434
V6,158.3,169.44283426631492
V6,119.7,152.33363698891185
V6,121.3,153.17341633816412
V6,117.9,146.00467360811933
V6,114.5,144.3857505815131
V6,185.1,156.6407510072296
V6,162.3,161.8095286583719
V6,180.8,161.6527617981165
V6,189.1,152.91888024707805
V6,171.4,160.9259143835145
V6,170.2,162.52014234811435
V6,129.9,164.10017097778783
V6,129.2,148.70665636187272
V6,127.6,150.90694505897295
V6,155.8,147.49347969613217
V6,159.7,160.22945998204864
V6,161.4,161.40186268126982
V6,176.1,163.2938896919745
V6,177.5,168.67653203244166
V6,160.4,136.1194047496788
V6,153.5,148.61798231561755
V6,158.5,155.52922443956726
V6,165.8,156.6381981961261
V6,158.6,160.8645944133725
V6,205.9,163.0307366546599
V6,177.5,165.86428918790483
V6,199.9,169.35209777095105
V6,168.9,165.06961671361972
V6,148.3,164.48144875608676
V6,163.1,164.22992606037351
V6,156.3,162.08247724312818
V6,170.3,164.38600386492521
V6,119.2,136.06959761027335
V6,115.1,134.59480437098983
V6,146.3,141.82920789766467
V6,125.0,146.21238532320402
V6,164.7,162.9078482451189
V6,209.4,165.53676279814792
V6,123.1,127.09398992113168
V6,157.3,148.0439990533996
V6,165.3,158.87376792718837
V6,152.6,146.042625981639
V6,187.2,149.1620713296194
V6,126.9,138.89827889980944
V6,142.6,140.76769807107888
V6,168.6,167.2687981480654
V6,199.3,168.23689361133336
V6,160.7,167.49796775911096
V6,188.5,169.10402362336742
V6,193.3,173.58657772897635
V6,209.8,180.70692769165936
V6,180.2,160.09833826677178
V6,189.0,168.29074280336596
V6,175.0,170.267562109523
V6,205.8,171.39619370899058
V6,151.7,154.28856439157755
V6,190.7,155.21314441905548
V6,164.8,158.30416735922515
V6,170.4,165.0337562713959
V6,178.4,160.52005942572265
V6,170.1,159.77373757228372
V6,169.1,167.2870099123163
V6,98.8,123.86023334500753
V6,81.2,119.48537516218032
V6,191.5,172.82084864129786
V6,180.4,180.37247712420523
V6,160.9,151.48281737442062
V6,181.7,161.42822432910236
V6,174.6,156.9960591210425
V6,166.1,166.52596032800983
V6,153.0,156.02417755921408
V6,152.2,155.75385195070166
V6,131.2,141.27683002730893
V6,168.6,142.64218546914452
V6,133.6,121.9622973466897
V6,77.3,129.8592228751373
V6,177.9,167.12160772417118
V6,188.8,170.26668688291906
V6,150.8,153.40390467709793
V6,192.5,169.12919352164477
V6,183.2,180.18299244664112
V6,153.7,159.28892329011666
V6,181.9,160.39061957902953
V6,138.6,154.58369196472458
V6,166.8,152.60973563034818
V6,157.3,155.11968409797026
V6,152.7,155.60641954495102
V6,160.2,145.89373639125753
V6,160.1,155.43285580879265
V6,151.5,148.4185446198352
V6,131.3,152.7864166668992
V6,161.0,152.334971441086
V6,165.8,155.0232234774333
V6,154.4,117.57727093759668
V6,180.5,166.9038299611019
V6,118.0,130.00795998133447
V6,124.2,134.4724136404607
V6,178.5,167.3248727502378
V6,186.8,173.9317100836654
V6,167.3,155.86548971193884
V6,178.9,165.45033726767878
V6,123.0,150.11348634607282
V6,184.6,170.05621128642701
V6,199.1,178.15305307433357
V6,164.8,152.89596962013164
V6,189.2,162.22280395758781
V6,181.7,167.9638351165519
V6,200.6,174.50115058258555
V6,186.8,156.32424637935628
V6,183.2,171.1352783224932
V6,159.1,128.40204863729122
V6,154.4,148.14149738816576
V6,129.9,140.2217489021881
V6,153.2,140.38264780190758
V6,167.7,166.60156038027392
V6,159.9,170.6254116337614
V6,164.6,175.0730829731079
V6,186.5,169.33758569376778
V6,180.6,175.40759379685935
V6,172.6,180.75555969210046
V6,199.2,191.08401550763173
V6,173.4,192.25679778050448
V6,193.2,183.70690690320725
V6,169.5,189.0424682168314
V6,192.2,185.49049823649025
V6,162.5,185.23049969819274
V6,194.9,182.1061725165462
V6,155.4,171.75936373771094
V6,148.4,165.2710479796556
V6,157.9,175.58578187502516
V6,202.6,184.9534165886413
V6,175.8,190.48154004868934
V6,128.3,150.22439518030146
V6,157.3,144.17602848843464
V6,183.1,188.45855042759126
V6,183.3,185.3798876267299
V6,189.6,196.71424593904305
V6,196.2,192.11288097224764
V6,183.0,193.2102365092019
V6,218.0,188.0492278432151
V6,182.7,195.20496550422766
V6,174.6,188.9717214162553
V6,195.9,195.85970708881786
V6,195.9,193.6870381942231
V6,187.4,180.3082491298529
V6,174.3,182.8517163880824
V6,177.0,186.01796523050126
V6,206.5,183.91963793110654
V6,154.8,165.03684721577042
V6,161.1,161.75023389086067
V6,204.7,184.57438616447186
V6,163.3,189.69405578920117
V6,178.7,185.65752068380957
V6,193.3,191.9884667665953
V6,163.1,189.80774436261345
V6,176.1,181.3115407314342
V6,177.4,185.3960342121348
V6,154.7,183.99304917879493
V6,183.0,156.4332625033894
V6,169.5,168.40797426519745
V6,163.8,148.45548166787785
V6,153.0,154.81077991917982
V6,192.9,179.2582630471934
V6,137.4,158.83426218459115
V6,150.8,152.9961197613659
V6,145.0,172.44897643592344
V6,174.9,161.14130483668697
V6,170.1,192.89472546853005
V6,210.8,186.48158921270996
V6,196.1,189.90466135397662
V6,188.0,191.04349419851152
V6,198.7,181.8304072269941
V6,180.2,189.34919227074357
V6,153.0,162.24133636610458
V6,174.8,193.97054596437917
V6,196.7,185.94311395280758
V6,157.9,169.09998833754588
V6,161.9,175.52583919286647
V6,151.9,160.1524058226718
V6,151.6,157.2191458568492
V6,161.8,168.81315171973182
V6,189.4,179.02169868090874
V6,146.9,150.1017361878572
V6,157.0,154.6546677620325
V6,179.5,174.1881269789895
V6,186.1,180.74455596056643
V6,170.8,149.9600074598536
V6,152.9,159.17260604649115
V6,176.0,181.27506633135926
V6,170.0,183.85938313983883
V6,208.3,184.72568400128273
V6,172.6,190.7421112588474
V6,194.6,193.62165790704407
V6,158.5,190.20250890110623
V6,191.9,186.03420478177293
V6,175.3,186.81996284777335
V6,173.2,176.46636200840837
V6,163.1,175.2443711006916
V6,182.7,189.03816984297316
V6,149.9,185.6380455590373
V6,187.3,177.02243202860183
V6,186.8,182.52082272034772
V6,189.9,194.02107291298444
V6,169.2,189.8937211976346
V6,195.3,178.91179231819882
V6,185.1,184.9682517858058
V6,197.0,182.26979039509163
V6,179.8,187.54331179106157
V6,148.3,162.84574523131704
V6,146.9,160.0189634967129
V6,187.5,170.15690035492304
V6,152.4,165.0515193053249
V6,147.2,163.73353910900659
V6,201.6,194.066047996432
V6,166.3,190.69976914634026
V6,194.6,180.79737359666052
V6,161.6,183.33986986269537
V6,209.3,187.80721160283667
V6,164.2,192.41604212406452
V6,142.5,161.8750248805064
V6,173.2,166.9244206874368
V6,197.8,190.4663684013182
V6,216.0,192.2731090472698
V6,180.6,180.99417991608803
V6,179.1,180.94826624168263
V6,180.1,182.33515627973654
V6,202.9,173.6101917064122
V6,135.9,159.44920391557082
V6,184.2,177.57689754421082
V6,157.0,169.66765794507623
V6,152.1,151.76485093086006
V6,153.7,170.57900019696228
V6,164.1,160.20141655001112
V6,186.8,182.95589407106803
V6,136.7,165.0576871913086
V6,167.7,150.19455730444614
V6,184.0,181.94308575346525
V6,200.0,173.38633188997798
V6,186.4,184.83320779928553
V6,202.5,176.31420233905536
V6,146.2,145.24169889713616
V6,130.5,140.0837251946528
V6,195.1,187.03008875462058
V6,202.8,179.44614904135597
V6,172.9,157.7062663273195
V6,182.5,174.53913691316478
V6,153.9,161.73789758638912
V6,158.0,150.6179577653446
V6,116.1,149.40750923627652
V6,167.5,169.9337750541697
V6,164.4,167.77413777974664
V6,167.9,158.18772360017005
V6,118.5,140.57390405403072
V6,158.1,162.52177175797922
V6,145.3,153.98222431258316
V6,190.1,189.92414251337465
V6,213.3,178.73204525268676
V6,198.8,187.48292239554675
V6,209.5,181.35029741552887
V6,185.0,184.4731357884056
V6,201.5,172.74697583630348
V6,145.9,155.85172479306982
V6,176.4,170.74448916027484
V6,193.3,160.90207680115367
V6,144.8,148.32951631709417
V6,147.9,137.10436289032316
V6,185.2,173.96632866894277
V6,197.5,169.19728970538628
V6,201.2,185.65512575431597
V6,203.3,181.47268070343142
V6,171.1,163.1934962227001
V6,182.2,177.55411381759578
V6,191.0,170.30303350809612
V6,115.3,152.66859308619863
V6,195.6,169.97227495709018
V6,149.0,121.35807936542311
V6,176.1,151.76940039659488
V6,143.6,144.42209935208382
V6,193.4,160.3390835754654
V6,175.2,171.50761204907627
V6,189.4,184.07402730177301
V6,148.7,154.57182421333505
V6,170.1,163.9363239802655
V6,189.9,164.4230431505107
V6,140.0,173.80711525369236
V6,165.0,153.05768486702794
V6,154.8,165.57485683195648
V6,195.0,174.77574067287333
V6,194.9,185.68859700298506
V6,189.1,165.04487451301554
V6,182.8,184.80550389066153
V6,130.8,149.77807195188578
V6,171.9,154.31140696809757
V6,131.8,136.57526052330644
V6,124.1,127.53394638406515
V6,182.4,166.0070113343981
V6,190.4,147.39826791937696
V6,164.0,184.7810087751811
V6,172.3,166.63914670570665
V6,131.5,146.63118054706038
V6,154.5,154.73508983291342
V6,113.5,136.64459234318412
V6,160.0,155.34689421100907
V6,156.1,151.5771749455605
V6,162.4,168.41704901847478
V6,123.6,133.0494729642473
V6,149.1,130.69686712276996
V6,186.7,147.29307922392178
V6,154.2,180.5736495605791
V6,118.1,148.4970745787519
V6,129.3,136.5726304909384
V6,192.4,152.99972801784085
V6,130.9,150.64278799888498
V6,176.7,169.27240995850553
V6,212.2,187.38007522851814
V6,111.7,131.20984532134779
V6,147.7,144.34734940964938
V6,181.4,170.6896723984664
V6,159.2,141.4729575090549
V6,178.8,162.97065132783553
V6,157.2,157.0245687680527
V6,142.7,170.68350687416944
V6,182.3,169.23400972896525
V6,75.9,116.77480687317068
V6,119.2,129.44634213206658
V6,124.9,159.15633036325588
V6,186.5,170.9543132004167
V6,157.2,143.26517369971236
V6,177.3,180.5908683206334
V6,184.1,159.85256002798658
V6,113.9,135.25730035057882
V6,166.8,145.65412933106145
V6,82.0,142.5937906216281
V6,177.0,155.6287260438143
V6,139.6,154.83091068679815
V6,186.4,181.9645408492907
V6,170.6,168.62373281008587
V6,113.3,140.53198964133182
V6,188.8,181.7561320685923
V6,199.0,171.16772583174122
V6,133.1,164.06903090798164
V6,168.6,150.9982824047697
V6,121.3,140.04157693698704
V6,166.7,165.60537783686567
V6,175.4,179.27970382049793
V6,142.3,144.78158458621823
V6,97.2,155.10843630189004
V6,198.2,159.69420948691908
V6,105.2,152.61275756806555
V6,200.7,159.95613532263178
V6,173.0,165.3950414847813
V6,165.9,172.09346022553683
V6,184.8,172.6067935523634
V6,79.8,120.26216053084126
V6,154.2,130.98799019894548
V6,148.7,172.93020819258305
V6,139.3,164.7244844413063
V6,223.1,188.97715378191447
V6,191.6,173.29588684240213
V6,178.8,180.32516177931964
V6,195.5,164.0588477076387
V6,105.4,165.90014401006073
V6,195.5,164.08905136653755
V6,173.4,178.24596176444396
V6,181.8,165.6712283912161
V6,147.2,142.0584967838946
V6,166.7,155.40149107353392
V6,143.5,164.91386214270472
V6,144.1,163.62088550011498
V6,170.4,155.4780265111394
V6,186.8,174.87535850992128
V6,204.5,191.08599363772151
V6,219.4,195.35014908634219
V6,160.3,156.91316751777288
V6,164.5,156.86184078873163
V6,171.5,122.4932476213305
V6,151.2,159.5459251458629
V6,211.9,187.7276115421556
V6,223.2,191.10636901363628
V6,196.4,180.55128958566146
V6,206.2,189.5370777777497
V6,174.3,171.93023544524
V6,194.4,184.19551450413041
V6,187.0,171.68260000229566
V6,188.8,186.9201328772191
V6,195.7,158.05136269191172
V6,191.0,185.59232273652972
V6,196.9,173.01414912455078
V6,180.7,191.1637159157243
V6,164.8,166.9588833075622
V6,168.8,165.64818013014718
V6,118.0,98.63796675509761
V6,193.7,175.47256978562228
V6,207.3,191.27685488415887
V6,173.8,172.99542796239191
V6,199.3,185.90687807217546
V6,164.8,173.3342195352599
V6,199.3,184.301782574793
V6,206.9,188.440722939207
V6,196.7,169.23857204150966
V6,234.5,190.74313766305426
V6,212.0,195.7863137255764
V6,114.0,105.65712504569939
V6,198.2,170.79544427099853
V6,165.6,169.85178247793638
V6,192.4,177.85745389030828
V6,155.3,166.2818046883679
V6,171.5,151.92048640031865
V6,186.6,183.23229039491764
V6,211.4,193.679613231427
V6,196.8,171.1183288493732
V6,185.7,188.41532733513176
V6,116.8,143.55189692727828
V6,162.9,141.5571182269169
V6,164.6,148.69446055376852
V6,192.9,178.4341343893012
V6,203.0,184.73459428466265
V6,206.6,182.06997571897995
V6,193.4,182.79995855481357
V6,214.9,185.49697026893932
V6,214.7,193.0895204525604
V6,218.9,191.73075785993618
V6,224.1,197.45883998396292
V6,191.7,181.71192543640575
V6,172.1,187.9065099867068
V6,132.5,153.53424542454945
V6,165.9,147.82190995180935
V6,109.6,142.18644813776032
V6,129.2,113.49086887557249
V6,223.7,190.51726179008267
V6,216.6,168.60648556664432
V6,202.2,189.77317209966373
V6,140.8,173.8294628496427
V6,152.1,172.68739802064016
V6,173.6,142.23991746071005
V6,163.9,166.29431422398673
V6,202.8,189.34880852408546
V6,197.8,193.1119759485925
V6,169.9,186.39624343848436
V6,167.0,164.73768623823702
V6,180.3,179.13542793116054
V6,139.6,143.1905314415602
V6,164.5,165.28854023447082
V6,189.7,174.7244080850183
V6,213.7,177.98102336105939
V6,201.2,187.72430425596926
V6,175.0,171.69633354756033
V6,173.1,166.32884070990153
V6,171.9,165.6131709959011
V6,189.9,165.9871593796227
V6,173.8,153.9240548360435
V6,159.0,168.9463885066654
V6,227.2,195.57335831362727
V6,198.9,198.2984252235196
V6,207.4,177.7782780532701
V6,196.4,193.99999312289398
V6,190.3,188.7096316304986
V6,206.2,190.1853875621465
V6,194.8,171.03982840785312
V6,157.6,164.43076672905883
V6,169.2,178.44185416431208
V6,182.4,166.61432156231297
V6,199.0,184.03230832479227
V6,191.3,167.74127616227065
V6,186.5,168.43373085769127
V6,160.5,170.22236594866882
V6,198.2,176.5727054698507
V6,198.5,188.76499217821612
V6,161.5,170.2787775666975
V6,163.2,157.2579754608955
V6,192.5,175.03782128592275
V6,166.6,176.50205444137936
V6,185.1,183.67294780598786
V6,210.1,186.1351125765006
V6,211.5,192.17301475593956
V6,155.3,162.1179321728784
V6,176.6,174.89485397914348
V6,160.3,156.2261850621461
V6,191.4,179.37418155015726
V6,147.3,153.5724751883134
V6,169.5,166.50408367566624
V6,139.9,131.36026383279525
V6,165.3,144.4235309858231
V6,147.1,154.6366047678283
V6,140.0,147.71836843050573
V6,166.1,148.0339369087897
V6,182.2,161.9552411687743
V6,173.1,149.50548002898847
V6,127.9,140.04155511620866
V6,132.8,143.43379598233378
V6,145.0,139.41264841908534
V6,150.1,149.39432374183062
V6,166.9,142.95351594216945
V6,161.0,144.92202916041407
V6,150.8,154.33700709427825
V6,138.9,133.92217340343754
V6,137.6,142.89836786629334
V6,172.0,157.68903852933624
V6,183.5,166.05680597702838
V6,152.5,142.70728717413138
V6,141.5,151.35238154426014
V6,159.8,141.1202029186303
V6,148.8,150.6770802009045
V6,132.6,144.54512673287928
V6,145.9,146.66136219337415
V6,170.6,162.0945121227515
V6,191.0,168.10634772299133
V6,149.3,140.3660713470953
V6,156.5,150.3021529248894
V6,174.1,158.21490449274484
V6,192.6,167.45690984434518
V6,149.2,146.12924195058042
V6,150.8,155.02152397283086
V6,157.3,150.23213424235777
V6,162.2,156.10411946014298
V6,149.5,149.47334192720143
V6,163.6,155.97383741969304
V6,152.6,155.08999709184718
V6,177.4,162.01219207732458
V6,185.5,169.12776674329245
V6,176.5,172.82025159503667
V6,137.3,145.6313163174817
V6,165.6,148.80807880070728
V6,159.9,145.63398255540554
V6,147.9,154.64042355809255
V6,153.9,144.65356534714635
V6,178.8,154.18542423534174
V6,159.0,143.14416248646003
V6,163.4,152.47321452396096
V6,173.9,147.2426746704059
V6,150.9,140.96587530030254
V6,169.7,146.23260469168116
V6,140.6,129.59872595483958
V6,155.1,138.26129362093715
V6,149.6,141.34155249299573
V6,133.2,137.40113289464784
V6,147.2,145.52502997492684
V6,134.1,149.70835274456027
V6,161.3,154.02151204005153
V6,175.8,160.8259386573382
V6,142.4,161.91180790230695
V6,185.6,160.10712784736114
V6,166.2,148.9018401002965
V6,176.1,159.76730849012884
V6,143.3,130.23656836830426
V6,42.8,136.7641896667487
V6,134.7,137.12286657938972
V6,59.8,137.47279141268467
V6,111.6,121.35715232452502
V6,155.6,149.82087325607654
V6,85.6,146.2881417978151
V6,143.6,138.3079109533246
V6,107.5,134.2686577939316
V6,145.6,126.75114682997403
V6,62.0,121.82480734926892
V6,144.1,139.01844073308055
V6,79.1,133.57837352534943
V6,147.7,143.85708650318708
V6,116.0,149.81189176711598
V6,142.4,126.40958613266355
V6,62.1,132.51434402566767
V6,175.6,149.00673399634573
V6,175.1,165.7099692381006
V6,133.4,162.12754011130997
V6,124.0,117.35787329712059
V6,156.5,142.96103172692565
V6,101.0,147.12932936475687
V6,117.4,127.61634689039072
V6,61.9,127.3593880043797
V6,151.8,153.9715999079199
V6,138.4,145.28157038077197
V6,141.8,124.79142547992119
V6,74.6,130.75895795008748
V6,128.2,131.661534980469
V6,63.9,119.4106451099336
V6,138.0,132.04140791672918
V6,67.4,127.62697264773705
V6,160.3,154.20404163500493
V6,167.0,152.06465725142078
V6,128.5,124.36713727892729
V6,63.2,128.85961022280827
V6,129.0,136.60337447618093
V6,109.7,138.18370261401625
V6,60.6,132.26961009144756
V6,122.9,123.07453783253551
V6,30.8,122.01454300193727
V6,123.5,125.08973522459729
V6,74.1,123.13881007069307
V6,103.1,125.37119825448586
V6,130.1,138.5919063589598
V6,126.5,120.85214615729535
V6,152.4,126.68715264267935
V6,54.8,130.1546786750306
V6,141.7,121.7426830559395
V6,50.0,128.73623956391557
V6,157.4,124.39562235793552
V6,43.2,130.44462478435165
V6,180.9,149.98345742520112
V6,129.9,132.1479145900958
V6,156.4,137.75774703593243
V6,138.0,121.24137933639466
V6,32.0,121.36864897062564
V6,159.9,128.53391926009184
V6,87.9,119.32765145735637
V6,26.2,112.26758711427837
V6,152.4,137.76973416327385
V6,114.4,137.94094406847535
V6,127.6,121.98301810750087
V6,62.3,120.73843698473206
V6,99.6,120.21861621903798
V6,54.7,114.9162830095178
V6,119.0,126.03425651971804
V6,50.6,123.5557139437233
V6,123.3,130.91306102281737
V6,51.3,127.7141286195058
V6,129.7,125.07254474886861
V6,45.3,119.84575262207663
V6,141.8,135.8297096637107
V6,145.9,146.66484412455898
V6,117.3,146.59426592490968
V6,178.0,169.85169529662363
V6,176.7,166.36755440807354
V6,169.5,154.25867288116424
V6,131.9,155.63833700464434
V6,107.8,119.77178650289531
V6,61.7,116.86952358589532
V6,124.4,125.79713564599949
V6,48.3,121.46460387681869
V6,115.0,129.0805735201803
V6,48.9,126.55847966308974
V6,157.5,126.48297009557056
V6,69.8,135.61631909165442
V6,137.2,122.87593757770145
V6,45.8,126.83705968423827
V6,136.0,132.392910154016
V6,72.3,137.25495725245406
V6,97.0,121.44698901738872
V6,158.9,128.08654575037968
V6,51.9,130.05812418630757
V6,76.6,122.59818990671621
V6,120.4,127.03066395106349
V6,133.2,132.06126121367996
V6,67.1,134.970748549996
V6,174.3,154.37992503066528
V6,95.2,158.64237093259453
V6,166.0,156.39650399646675
V6,177.8,160.33626631852314
V6,136.6,126.86501415860101
V6,88.8,130.15231798993196
V6,109.0,111.86125003920918
V6,52.9,114.42817735463501
V6,108.3,116.78385140939008
V6,172.7,156.59195753241596
V6,133.3,157.72643270996298
V6,134.9,127.06605492897737
V6,65.9,124.98662220743995
V6,180.3,155.6791454500299
V6,123.4,160.82756746052706
V6,127.7,123.88164568400191
V6,54.6,121.14410314123708
V6,155.0,145.82562202703062
V6,59.6,149.4998041927399
V6,96.9,99.0078793289336
V6,87.5,94.13458902045642
V6,143.1,145.0400597558209
V6,166.1,148.70069874349494
V6,101.5,134.4095930015361
V6,143.1,130.73946620388784
V6,104.9,90.12890372578967
V6,65.9,105.21532756307002
V6,113.3,119.75260134795798
V6,135.6,120.39566201681679
V6,112.0,90.9393347971644
V6,138.7,118.08673002917412
V6,127.2,130.23619259502982
V6,161.3,164.2239640495734
V6,171.3,169.72805234563018
V6,140.5,120.33568703675827
V6,167.5,150.88665840280743
V6,163.0,167.83030237278655
V6,109.5,104.2848250112089
V6,94.9,113.26342322344934
V6,146.5,128.3686397863683
V6,154.8,138.5044233225344
V6,144.8,115.89202572465958
V6,129.0,136.13801645490213
V6,154.6,139.72418705354755
V6,158.9,146.66023674929065
V6,134.3,152.4620788529096
V6,155.6,155.43163985395128
V6,125.9,95.85256199269648
V6,147.5,148.82667790216294
V6,159.0,151.67077911682236
V6,116.9,99.68007763661564
V6,127.0,128.1288096075598
V6,144.0,133.98203024310965
V6,161.9,144.46049858234417
V6,139.3,120.31990532321716
V6,146.8,136.94763723373708
V6,107.9,111.59699555100488
V6,129.5,118.87119349348606
V6,140.6,110.0070949438825
V6,139.1,132.33355002337316
V6,118.4,121.6089694290574
V6,110.1,130.54652337202478
V6,117.1,131.7761186004873
V6,64.5,118.97142484642517
V6,104.2,110.55427199769753
V6,120.1,135.4860936556775
V6,131.6,135.6731464410037
V6,122.1,148.06151536724423
V6,149.0,148.1877317940707
V6,106.0,113.1308846482103
V6,132.6,119.08768538053074
V6,104.7,139.24724907273458
V6,176.2,173.32876557695863
V6,186.5,175.62310504803324
V6,118.9,115.2398282270944
V6,165.1,166.099219303009
V6,172.2,175.04036775992375
V6,119.3,98.16744650450343
V6,160.3,168.05130037577638
V6,176.2,171.81673567519556
V6,122.3,126.12505599351283
V6,139.6,129.04668336378285
V6,106.2,86.17222828951229
V6,69.6,97.88190007050997
V6,112.5,101.46033675735725
V6,85.6,110.73233842579569
V6,151.2,158.6305521572037
V6,162.1,163.94171044120898
V6,153.9,137.75867498720066
V6,155.5,152.0448288428908
V6,153.1,162.05191043282392
V6,168.3,167.0889145891304
V6,124.9,146.83385765369613
V6,148.6,147.5767182225795
V6,121.5,115.93632109837519
V6,115.4,120.58414752108169
V6,155.7,136.14888851802533
V6,158.5,147.5618685353143
V6,190.3,186.27045317247521
V6,193.9,184.5526482067739
V6,179.7,159.83211843729873
V6,172.1,167.04064954524307
V6,195.9,157.20236665821113
V6,149.0,170.49089149576426
V6,194.4,185.19554454502904
V6,194.2,184.18560027334593
V6,210.7,181.77921733334205
V6,159.8,177.58315955794941
V6,194.4,171.80723876530442
V6,176.1,178.15952896865645
V6,153.7,138.45021579116593
V6,117.0,144.08163175174656
V6,203.3,186.62792884624807
V6,180.3,184.1980029031913
V6,194.7,188.71434834969025
V6,200.4,182.71962633218237
V6,222.1,192.64047718864333
V6,207.6,189.9902330873515
V6,181.1,158.01676961999473
V6,154.7,162.0797618342081
V6,182.7,164.05327297288258
V6,147.5,168.7897865929889
V6,205.1,192.38369970824922
V6,202.2,185.55006017404907
V6,210.4,187.3077723631582
V6,172.1,170.85800713541823
V6,171.9,172.7164794034482
V6,193.7,177.66602442007036
V6,182.7,179.7695026942221
V6,190.4,174.7997515221116
V6,193.0,177.0594879744831
V6,193.6,184.57591268248478
V6,157.3,181.62934516456198
V6,209.8,184.78460951122935
V6,161.1,186.05413822431683
V6,200.5,181.16284870474485
V6,180.3,184.2045189112528
V6,180.1,160.21055739322793
V6,119.8,162.13082502618778
V6,179.5,157.93655864122707
V6,154.7,164.22104929934858
V6,214.4,190.0723536206794
V6,180.6,188.16053879680828
V6,170.5,153.96725359490162
V6,137.9,158.70130777510042
V6,188.8,180.37150759990627
V6,175.1,179.22091421545434
V6,199.4,183.21368435375805
V6,197.9,185.50071334712703
V6,205.3,181.68246145516872
V6,142.6,181.1885093170077
V6,175.5,158.26422219222258
V6,160.2,164.19562378104683
V6,199.4,171.79110691380822
V6,183.9,182.28461045710907
V6,144.5,158.48081928537792
V6,161.9,149.51006064404993
V6,86.5,150.42661061254677
V6,183.5,175.18120818605246
V6,189.7,176.4706095363124
V6,185.4,177.67239650365775
V6,183.2,178.50035899697627
V6,179.1,177.90388147092088
V6,192.7,170.82046547434743
V6,200.4,180.36219835092544
V6,183.4,183.70273239934028
V6,203.1,187.01919170340565
V6,178.7,184.59290264370412
V6,189.6,155.7801116569152
V6,170.7,165.6784290608798
V6,187.9,164.21878551551532
V6,90.5,156.91694905192432
V6,204.7,185.98529407915674
V6,200.7,181.0919401429309
V6,93.5,146.80721461516222
V6,198.6,170.480994877015
V6,178.9,180.92171253852393
V6,173.8,155.86973252404195
V6,136.7,159.71222734546944
V6,181.8,171.11691822389895
V6,150.5,173.2389068779692
V6,162.0,149.77937102442644
V6,193.6,174.19626990968447
V6,160.9,181.18745857046218
V6,184.0,180.52487648895806
V6,182.3,179.96768932577888
V6,201.5,181.58054979089454
V6,134.2,182.29304541798172
V6,178.9,172.88022009381075
V6,128.7,171.0991885394626
V6,180.9,160.52800681953835
V6,178.7,166.84868426386362
V6,210.9,184.0622084466967
V6,197.6,185.75345257884894
V6,199.9,179.99763794492256
V6,183.7,183.82630103902284
V6,179.4,177.48601651538513
V6,176.3,173.11519232296706
V6,205.9,178.82696727839442
V6,145.3,181.99510322260954
V6,190.3,170.76068874729575
V6,153.8,169.8179023742896
V6,199.1,179.08495650713806
V6,180.8,181.59023891572292
V6,202.2,184.74162753217007
V6,171.7,187.26472481016495
V6,194.9,159.52802023637793
V6,163.5,170.62056212765847
V6,207.0,167.84055738429007
V6,178.8,178.3643961831136
V6,183.3,155.42382745053902
V6,139.6,164.3772497891817
V6,205.0,180.18703412553612
V6,170.6,182.87193963682137
V6,196.0,183.46930899298056
V6,209.4,177.47367724351574
V6,187.2,182.26968695389715
V6,173.9,164.17557311240654
V6,116.4,164.6648361302679
V6,193.6,165.51723066352963
V6,176.8,172.62177001753383
V6,218.6,177.67685075532364
V6,183.5,188.37813260607646
V6,199.3,184.91698900127335
V6,173.9,181.7125851342382
V6,41.4,98.95713668368205
V6,105.6,140.87750208382963
V6,82.2,91.72627077710767
V6,28.2,97.35775700058036
V6,110.0,110.37208162259762
V6,47.0,109.22704893352297
V6,68.3,114.43948210504067
V6,90.8,89.732256292828
V6,48.2,96.06240135758864
V6,109.9,143.74667281624713
V6,106.0,112.70020142562696
V6,82.7,120.02200795121064
V6,224.4,182.59370655248244
V6,50.0,85.56124848959954
V6,109.6,110.94272460698632
V6,81.2,113.33348426623562
V6,148.2,142.27414240764105
V6,131.1,149.44902307779836
V6,158.2,144.21034709565265
V6,128.6,148.23715290714165
V6,162.0,145.3189815175202
V6,115.2,149.23583295189133
V6,156.9,148.16217559109592
V6,86.6,150.41160347844635
V6,167.9,149.99331701519995
V6,148.9,160.81745829201944
V6,193.0,157.04873284562933
V6,161.1,165.17320040210853
V6,159.7,132.70851583299256
V6,109.6,148.24397262142043
V6,126.4,148.25534815970659
V6,152.1,136.92385995510193
V6,127.1,143.2725663559333
V6,165.3,148.12637414002543
V6,145.2,150.20385004215026
V6,175.4,180.16287115588827
V6,153.1,173.29459511907262
V6,164.3,145.08231046120338
V6,130.9,149.47662151199532
V6,171.2,143.20728391852882
V6,165.6,154.4510401433497
V6,142.4,130.7861089890013
V6,133.4,140.57602974618456
V6,158.9,147.46074540171182
V6,136.1,156.49668011328112
V6,158.2,148.00731356018338
V6,127.6,157.0214853629178
V6,152.4,132.82133654992552
V6,125.8,142.6877594253611
V6,135.6,151.86902940531886
V6,136.2,151.08113372175546
V6,140.5,129.96585956797782
V6,76.1,133.82553671442608
V6,153.8,160.32801009467184
V6,124.4,156.39808660227294
V6,132.2,138.99823384753122
V6,96.7,136.71674177942964
V6,158.7,135.5281106630835
V6,125.3,143.7241452076688
V6,151.0,147.26234545386458
V6,140.9,149.9628164078784
V6,153.2,136.08333469451756
V6,117.5,143.67055694281837
V6,182.2,176.70218097543275
V6,166.3,176.58957069621977
V6,166.3,159.1289789672803
V6,152.2,158.61963185119203
V6,160.9,144.12527414113237
V6,139.9,156.31913526490501
V6,144.0,134.00589390631566
V6,124.3,145.87578241118027
V6,140.1,134.93149628431024
V6,158.6,141.55084328328746
V6,145.8,157.11802331540684
V6,161.9,136.78657710065784
V6,123.8,149.721649140365
V6,150.5,135.06994496679528
V6,155.6,145.37953198819736
V6,154.2,142.1940987537262
V6,141.0,153.39328410264054
V6,164.8,134.8596021774296
V6,152.4,148.59550922298496
V6,157.0,129.2127048502467
V6,122.2,140.16310419466072
V6,122.6,133.2327700571094
V6,131.2,138.92327027623858
V6,156.8,127.2968184246398
V6,132.9,141.2868554319376
V6,144.3,144.24535062291125
V6,119.3,145.74220544117105
V6,154.2,126.06745505170633
V6,140.3,139.23365599359238
V6,178.2,135.05910250319488
V6,176.0,151.81342007939836
V6,142.0,137.1139634161276
V6,153.4,144.99045186870623
V6,143.6,140.56012246101614
V6,93.5,143.73104930210312
V6,133.2,122.17741700583252
V6,154.4,158.23207989017232
V6,145.4,162.59881381885768
V6,166.3,132.46489402618667
V6,125.0,140.98168390222114
V6,123.2,107.7316243992116
V6,69.8,111.6500911338567
V6,173.6,146.6579536489865
V6,148.8,150.85245445573588
V6,173.4,146.64074466290438
V6,141.9,150.27514008594133
V6,147.0,124.36217588053242
V6,84.3,125.38971713490508
V6,162.1,129.5953036191509
V6,74.0,136.10694371838628
V6,158.7,118.02812557503042
V6,84.8,121.32894655886177
V6,45.0,100.36702151697365
V6,131.5,123.280260479795
V6,60.0,120.52248463001317
V6,155.3,133.8419099183997
V6,132.7,136.8610530375447
V6,147.3,130.507077250224
V6,62.4,129.1965872979514
V6,156.5,152.4548071921386
V6,113.4,147.93386828571397
V6,160.8,141.0924417847502
V6,64.8,139.7473774239618
V6,169.9,129.70384432109154
V6,68.2,139.81841463147643
V6,112.2,115.92941368434376
V6,52.4,115.22242196094503
V6,155.0,145.70447042380795
V6,130.2,143.92178718140272
V6,159.8,146.6421579671057
V6,120.7,148.06416445265384
V6,123.5,114.59673447602667
V6,55.0,111.61096767520218
V6,124.6,117.14327770256925
V6,158.5,142.6766031802969
V6,157.9,111.13051652746655
V6,165.7,157.20966260731012
V6,164.7,176.92181205408087
V6,194.7,181.1372220833322
V6,175.6,158.04220751464226
V6,186.7,175.2566881714186
V6,140.5,122.24939570013873
V6,161.4,123.90015435939975
V6,153.8,144.38686881554008
V6,133.6,114.11701129580864
V6,154.6,144.19783546577554
V6,164.7,164.89810315631004
V6,189.8,178.0660899240222
V6,175.6,148.24298926013688
V6,169.2,174.44673128054964
V6,125.3,95.0139936413782
V6,167.9,162.48444060648828
V6,150.2,123.6598499268824
V6,141.3,158.45382257068863
V6,149.4,134.16326509487885
V6,158.3,154.52579572963066
V6,141.3,129.81162538967433
V6,125.2,135.73243325248646
V6,143.1,168.50672300540356
V6,179.5,171.53206666724716
V6,74.3,89.45028475201337
V6,175.8,176.43021740842153
V6,151.7,123.90693764294276
V6,150.3,159.18144602391604
V6,135.8,106.39647449170786
V6,152.2,130.63432430576165
V6,141.2,116.3931225294379
V6,161.7,150.21949424610273
V6,152.5,149.0019374689716
V6,168.6,172.10874936464276
V6,131.1,100.88517745749245
V6,96.1,126.52830216119584
V6,148.6,133.33223801449057
V6,177.4,154.17900392067702
V6,158.7,131.1921478632589
V6,158.9,151.54609483912566
V6,161.3,168.75302823371308
V6,180.9,173.54096142623033
V6,138.7,129.584998097626
V6,158.0,153.73916194424172
V6,150.1,166.26484705301584
V6,180.3,173.2963123820614
V6,171.3,159.1397038114067
V6,134.0,121.73223465543322
V6,155.2,141.24180597261372
V6,158.0,141.46071236620966
V6,156.2,166.20303794217608
V6,177.9,157.855580079373
V6,181.0,179.3830834525766
V6,176.4,132.5571871040836
V6,179.8,170.6180023073225
V6,178.1,164.189011214592
V6,96.6,155.12343023816402
V6,171.5,169.416187742303
V6,173.6,175.96412096159324
V6,92.2,159.9784711250989
V6,166.2,167.567705957493
V6,170.1,154.47607044919184
V6,162.5,162.54147835776106
V6,154.2,149.62315083411167
V6,188.4,181.9294410717958
V6,112.1,169.9138142770198
V6,165.9,168.7889758557686
V6,81.7,157.2134562513682
V6,161.0,166.86368832371636
V6,191.8,157.11923491587498
V6,194.2,173.54007132862884
V6,118.0,168.22848772481672
V6,162.3,170.327446681105
V6,165.9,156.4968245570455
V6,192.5,180.31804962930426
V6,100.6,172.31961900068023
V6,169.7,161.28751654880472
V6,134.2,156.81700960916487
V6,160.6,160.7488519977079
V6,152.7,153.40562063747183
V6,179.8,164.75053740541642
V6,178.9,155.85626861764067
V6,153.1,161.57381430962897
V6,169.2,177.37327839468213
V6,174.9,156.2315216515039
V6,166.7,173.55038132729328
V6,183.0,158.18315706567563
V6,191.6,168.79000653577398
V6,94.2,164.70653105755366
V6,183.3,175.9452898856584
V6,102.8,167.61601401285603
V6,158.1,168.23888828425135
V6,110.8,158.44806117400094
V6,158.2,166.04896943592118
V6,177.8,172.57755270424673
V6,184.0,160.56928600616234
V6,177.1,171.42523378022116
V6,167.4,159.12818834723672
V6,195.5,166.69811611071358
V6,182.4,170.97035354881763
V6,193.0,172.44002221566166
V6,175.4,172.44326117223218
V6,168.0,159.58328513546664
V6,184.2,169.0610740977667
V6,186.6,155.92376041033157
V6,179.3,172.95038101351017
V6,86.5,160.47984099323142
V6,163.4,162.64273910553862
V6,182.9,153.73512208514316
V6,160.8,154.32213236983716
V6,196.5,169.33078469231302
V6,168.2,173.21028953956184
V6,200.8,179.36707952205956
V6,117.3,170.87008802850758
V6,167.8,158.32987812334642
V6,100.5,156.27395831718806
V6,158.4,170.6325078235448
V6,182.8,151.77581039769245
V6,41.8,79.18020672534247
V6,102.3,101.39059477362937
V6,54.6,102.61249019224525
V6,93.3,96.91028987092362
V6,68.3,82.12582646426415
V6,131.3,102.39159800220789
V6,113.1,114.62249526392863
V6,83.8,98.6478327114276
V6,78.1,99.18999141130601
V6,127.4,153.3898742796984
V6,159.3,146.9977846323801
V6,173.2,161.65053360100154
V6,142.0,170.8974835677241
V6,111.1,99.0637834231525
V6,85.2,89.06676357353263
V6,92.4,95.23460881904542
V6,75.0,96.46301151213166
V6,115.9,104.7842283921193
V6,89.9,99.16736500536494
V6,93.6,99.83035618334719
V6,111.9,100.86615557442997
V6,114.5,115.25325250483473
V6,110.2,119.74551817625338
V6,123.9,101.07791577586804
V6,94.5,96.82842823238731
V6,102.3,95.74813530800836
V6,86.0,96.3677731872539
V6,69.1,81.18264719856035
V6,119.0,129.2419615234207
V6,96.6,108.6483606367348
V6,120.7,103.38693507194718
V6,80.9,105.76810430769129
V6,114.1,106.39228395225715
V6,116.5,101.88866237878162
V6,101.7,96.3408319298788
V6,100.5,89.40074024784407
V6,107.8,104.2702511671316
V6,83.6,103.45352879334054
V6,128.8,108.65205647581661
V6,103.2,111.97434191429056
V6,98.6,109.33549762609962
V6,95.2,103.44122791887219
V6,114.6,101.8997903183222
V6,111.6,101.6429865399054
V6,93.8,105.57323190854372
V6,178.0,179.79631274433638
V6,194.5,181.497055703406
V6,193.7,186.9356627250973
V6,113.9,127.04501568628596
V6,100.3,95.93711246879894
V6,94.7,114.1947756445273
V6,117.4,103.6641521383153
V6,103.8,98.0129539746596
V6,131.4,116.08878831560476
V6,130.2,121.00999671654449
V6,81.3,77.49459453211108
V6,101.6,101.801021872917
V6,94.3,99.2587722153963
V6,142.5,148.11958459340946
V6,65.2,145.27509671417607
V6,145.0,167.5038079184655
V6,107.6,156.66719169941558
V6,150.2,159.50421260791856
V6,178.8,152.03624237416003
V6,70.0,154.78179928033404
V6,162.4,156.69575659523167
V6,137.5,151.66482703949396
V6,137.3,130.15434392394738
V6,148.1,159.25327910778867
V6,108.0,149.77205911840025
V6,170.8,156.2717458423237
V6,78.9,155.50568491956858
V6,166.3,161.80571814272946
V6,120.0,157.60650075105517
V6,165.8,139.5711340838649
V6,104.4,152.6545080485825
V6,64.7,144.0127730125895
V6,130.4,154.7318243034736
V6,139.3,142.39791151816343
V6,164.0,152.6593152307711
V6,150.0,127.88017630862771
V6,146.6,164.0226400094967
V6,101.5,157.3879744284175
V6,124.2,147.90644799306477
V6,185.2,160.33118371291408
V6,84.0,153.7645927320442
V6,179.2,150.91585699885326
V6,139.1,157.9412464735648
V6,171.2,160.35290621039874
V6,127.4,159.9533107649377
V6,85.2,153.36733521547046
V6,184.0,166.9687649833764
V6,119.9,163.30627901004152
V6,69.9,144.3702601588253
V6,52.6,131.77314927438073
V6,180.0,159.30027567155796
V6,101.5,159.48388803303558
V6,113.0,165.11627138542485
V6,103.3,150.7796439048771
V6,91.2,162.2259192695494
V6,126.6,145.90488826198998
V6,155.1,150.25846085491978
V6,139.1,146.43748535697247
V6,159.1,164.95019332742197
V6,93.5,159.06461408797753
V6,177.8,157.2708368093042
V6,139.5,132.59351154780515
V6,127.1,128.36329347088127
V6,214.1,195.40979664685466
V6,235.6,197.03654798769452
V6,230.0,199.1323654840861
V6,150.4,170.455549206427
V6,160.0,167.72590917866927
V6,122.9,130.94105430213148
V6,175.6,171.01004277650725
V6,186.2,176.63681415441647
V6,168.8,176.5122231002711
V6,124.3,148.22749405558994
V6,124.3,142.03866302376193
V6,172.9,176.04478709811752
V6,135.3,172.15656627473498
V6,167.1,173.2685117199824
V6,181.0,170.84674526652935
V6,149.4,159.2075040703712
V6,135.3,158.81066076735178
V6,185.1,186.1720581063472
V6,201.1,181.01110626126493
V6,154.5,175.13492159561892
V6,178.3,167.8575106571561
V6,196.9,191.9531801363048
V6,195.2,189.17125627580725
V6,199.9,190.25720903822838
V6,177.8,188.15187626739433
V6,165.1,159.07264544932468
V6,117.7,158.3904416421895
V6,182.9,180.6608424062568
V6,167.8,180.22413388184117
V6,169.0,168.20214175873951
V6,192.5,185.37452598245847
V6,180.1,184.87496984032464
V6,207.8,188.34002363499664
V6,202.5,194.3220835225231
V6,185.2,187.49836477511639
V6,187.8,188.22828779274246
V6,195.5,186.81417787298383
V6,203.5,187.45042207671764
V6,160.5,168.70696441537788
V6,182.3,165.5711883058091
V6,180.8,183.9987008025863
V6,169.3,179.3305354831361
V6,142.3,164.35507030235172
V6,141.0,159.21107618877852
V6,182.5,175.9669223805182
V6,182.3,180.3089584670606
V6,167.0,168.41270824635353
V6,166.2,165.59165002458738
V6,162.7,169.4332742365982
V6,176.7,170.63473803769529
V6,210.0,191.10044136651354
V6,214.0,196.96403223942622
V6,149.1,155.7910546939454
V6,123.6,153.90961293792336
V6,146.8,152.98597785358078
V6,115.4,150.87064852769421
V6,171.8,172.5883055372438
V6,161.7,168.7970249354834
V6,153.8,160.2328997438623
V6,149.1,158.77143403971917
V6,161.6,150.59658818543966
V6,144.9,156.24346416575463
V6,159.1,152.56555021513657
V6,126.0,153.79061201356802
V6,197.3,183.02461034020854
V6,157.5,164.1866495008551
V6,182.9,164.75627689132207
V6,168.7,157.83489125937248
V6,159.6,158.9023546867584
V6,163.1,175.32078594197094
V6,158.0,170.1612535105942
V6,182.3,171.98808788883403
V6,154.4,173.5583513206219
V6,182.9,177.15026175532256
V6,167.4,177.50587759715916
V6,200.0,185.11056143275482
V6,174.5,187.17541865436777
V6,145.3,167.8607983694675
V6,161.0,163.8015344702084
V6,149.6,169.99279218488837
V6,159.5,160.22474323090105
V6,134.6,137.70748883244062
V6,150.7,139.0579348340415
V6,191.5,173.38085015943267
V6,189.6,182.17807963819354
V6,148.8,168.762659544108
V6,179.7,164.7265635075176
V6,187.2,188.14726859147635
V6,186.4,189.6457702049579
V6,155.6,157.97801238532466
V6,132.1,154.31170209024543
V6,182.3,177.40419103019798
V6,177.5,182.13809997229612
V6,158.6,173.71257081802054
V6,155.3,169.7581270533894
V6,133.0,155.07488471204044
V6,156.4,151.63984959518194
V6,165.1,166.92461311137615
V6,183.0,170.25784649500565
V6,143.4,174.76744750375616
V6,167.1,161.81144568431108
V6,113.4,162.4841013258369
V6,147.1,172.89010160517245
V6,166.7,167.472870133548
V6,140.0,171.8541474418692
V6,177.9,167.78715990719766
V6,192.4,185.15360303200663
V6,197.7,188.53209520392485
V6,132.6,168.27816587610886
V6,153.0,155.85281890087433
V6,164.4,172.02124444667112
V6,157.4,171.45569483576438
V6,172.4,177.98562180946672
V6,179.4,174.38182081498536
V6,162.4,167.123678462298
V6,140.8,162.18117267384582
V6,179.7,170.8126171659562
V6,143.2,168.05852652326345
V6,176.1,167.86737794553503
V6,148.6,170.36402638711508
V6,157.0,163.74936926717567
V6,128.6,157.93783138546615
V12,185.2,146.62021734983327
V12,174.0,146.91071035640843
V12,186.9,168.52044720462064
V12,146.9,141.15517314319402
V12,180.3,157.51644271242736
V12,129.7,154.90718842047121
V12,153.2,150.38998810039837
V12,85.4,136.8222485489588
V12,165.0,132.85995889364258
V12,88.5,125.69637397428473
V12,172.0,164.4439331383739
V12,96.0,159.77152354145082
V12,87.4,106.28848721042951
V12,174.9,165.4579271602747
V12,95.0,162.07041700498047
V12,141.8,133.25839428786034
V12,114.2,119.91110271075424
V12,133.0,145.52769356534301
V12,116.0,122.00353816856968
V12,175.5,159.47261189477769
V12,129.5,155.45707755836668
V12,167.1,169.9861190241379
V12,140.9,148.13675283955882
V12,113.2,130.7499815536314
V12,135.6,124.41317262181947
V12,65.6,104.49145253596186
V12,159.8,164.5558141666411
V12,153.6,149.335870060237
V12,166.5,147.43747540210035
V12,175.2,144.18758870438833
V12,164.3,147.15083092199293
V12,103.2,144.81593368145113
V12,155.6,161.9927444060385
V12,95.5,154.0284303710516
V12,171.9,168.46297394549106
V12,112.1,164.35917161874278
V12,182.3,166.0679144793079
V12,114.1,166.576020829884
V12,201.2,171.15183245247076
V12,114.9,175.1124035017781
V12,141.3,139.5698945080999
V12,91.4,125.8125344939442
V12,174.2,153.31475064944232
V12,107.0,154.7628093365651
V12,183.7,151.59584777330485
V12,129.2,149.1789971972149
V12,177.0,150.84052503775752
V12,102.2,151.80182130678114
V12,102.9,140.87628150497426
V12,141.6,109.47195447427008
V12,149.4,121.45005690271836
V12,114.8,113.3068231261592
V12,170.2,157.6069055137861
V12,113.5,153.01212849911363
V12,167.9,152.30748216320637
V12,118.9,143.38499083050854
V12,184.4,187.94834871583316
V12,189.9,178.56686030239732
V12,177.5,176.79016760610136
V12,191.0,169.0437745613192
V12,178.6,179.90345343532377
V12,180.3,174.1603062410172
V12,183.0,190.47058306929665
V12,194.2,179.68986286811017
V12,189.2,178.42110322177683
V12,199.5,173.18939613662744
V12,191.5,186.7742438443387
V12,201.5,181.18018115532368
V12,192.3,180.93728836859202
V12,178.0,178.49816150202753
V12,191.9,182.60541534554528
V12,185.5,177.5459656716118
V12,191.2,183.46304644604658
V12,193.6,180.1870530861681
V12,186.0,178.16504594177297
V12,192.2,184.14164821136885
V12,190.0,177.8555063866728
V12,192.2,181.36449994291726
V12,199.7,177.07211612679356
V12,164.6,175.61168629989777
V12,185.6,164.25418618004528
V12,189.5,178.28213923301251
V12,191.7,174.30249455225763
V12,188.2,185.58804004549975
V12,204.2,178.01402280456915
V12,185.9,183.80914669782612
V12,191.3,175.87451051118552
V12,186.7,177.9452677184173
V12,212.3,173.49614304280456
V12,156.3,178.96260177650544
V12,202.5,164.1473658255371
V12,148.4,140.5318219423079
V12,146.6,157.6357923616101
V12,138.1,150.5152909293678
V12,79.4,85.32618449221714
V12,94.5,114.68234693461528
V12,81.3,88.27394457701115
V12,152.0,145.96391807934293
V12,139.3,138.45275629510508
V12,194.7,159.00519668712982
V12,186.9,174.79744805011762
V12,114.8,149.29121909320978
V12,131.6,127.5183804890899
V12,187.8,161.97365824777557
V12,114.1,137.11327861608558
V12,88.6,88.31110199777405
V12,59.9,70.40869387992757
V12,169.5,184.80041643394543
V12,189.4,176.8133173958234
V12,194.5,160.89091439588037
V12,179.6,173.24930343943964
V12,191.6,145.61261819889
V12,177.7,169.7396582824166
V12,185.5,168.13503085727578
V12,165.2,171.1525106879128
V12,180.6,185.92672836458576
V12,177.4,171.88461163800608
V12,171.3,155.34343232754873
V12,132.3,144.6343531309999
V12,168.9,148.98496653975693
V12,71.5,145.11066067646965
V12,178.2,172.86226506120732
V12,138.3,159.26516753908476
V12,172.7,152.15583883970797
V12,168.5,188.154971419074
V12,182.1,170.91312463323433
V12,166.7,168.14070817389697
V12,128.3,146.59599604221896
V12,187.9,180.71005667623803
V12,169.5,168.58573401308806
V12,81.7,109.65956077166344
V12,44.7,91.4092059645618
V12,131.0,122.81189726007668
V12,130.6,98.82286844635976
V12,179.5,190.48464120519503
V12,181.5,172.32013884481555
V12,185.7,170.25262794574834
V12,194.5,181.82202070744702
V12,212.7,185.72819348056083
V12,212.8,193.63243750970918
V12,192.4,172.91535360175857
V12,177.5,191.6529309239153
V12,223.5,190.11604365598373
V12,240.8,196.79937162147837
V12,197.4,170.67372287303365
V12,229.5,193.31919663589196
V12,239.2,201.07365068494215
V12,215.8,191.6798599135469
V12,218.2,187.77614041060775
V12,216.8,194.07122614561465
V12,204.6,192.45129593719096
V12,208.0,193.24219353941103
V12,178.3,174.46616708556348
V12,173.0,178.11886942747878
V12,156.6,179.16257105517548
V12,197.6,175.87700048768951
V12,227.6,197.12839137174205
V12,194.3,186.04389550641065
V12,198.2,186.4841470250343
V12,206.6,183.4812229054162
V12,226.3,191.9418486542342
V12,222.8,192.27068853125274
V12,211.6,193.0478457099074
V12,225.3,196.48897351279564
V12,208.5,193.31368297970005
V12,222.6,196.83519450707692
V12,184.8,171.8697083401848
V12,185.4,180.6837097539032
V12,186.0,192.08448809026135
V12,217.5,187.86854348510084
V12,223.3,183.59361195035922
V12,173.7,165.6678652033595
V12,170.6,165.63062670564125
V12,201.2,180.96830849741696
V12,208.4,193.8429754769889
V12,203.6,188.41992225484307
V12,229.1,196.10226288321596
V12,204.2,190.03688577923376
V12,228.2,201.56669559334534
V12,229.7,188.77257336087956
V12,223.5,188.49858546508452
V12,216.5,181.86089007379965
V12,213.8,196.34393364929903
V12,165.2,164.28028663648564
V12,194.2,166.53921653457616
V12,191.8,182.32201364694407
V12,155.7,143.230117884316
V12,156.7,160.28391222808898
V12,201.9,186.99107852135464
V12,193.7,191.4238681835946
V12,211.2,185.59762227739705
V12,212.2,196.04730790384232
V12,209.1,183.66779758330946
V12,233.7,197.53330186588715
V12,207.5,190.38725042764014
V12,206.2,190.76467770814673
V12,219.0,189.6256641173306
V12,238.2,202.0840920771965
V12,192.9,164.10118591944706
V12,164.7,178.66555172789663
V12,199.7,191.20525101599358
V12,225.0,194.064731876413
V12,186.3,179.8682069206422
V12,194.5,179.51626538058525
V12,207.7,187.42798429657603
V12,220.1,185.08234009286863
V12,231.4,199.64402885589183
V12,211.1,193.74694498276983
V12,234.5,202.63434963708215
V12,224.2,190.69263130490418
V12,223.3,189.7306240372872
V12,246.7,202.05084655211152
V12,225.3,196.14045207541608
V12,243.8,205.467303332057
V12,199.3,190.80271530957353
V12,206.4,196.2375518362195
V12,189.3,188.53797216915055
V12,199.9,188.23144303943698
V12,157.8,176.50428149109283
V12,183.1,172.05878436105962
V12,208.1,185.80732014243293
V12,174.9,170.32880524172882
V12,214.4,191.87261698331466
V12,241.7,201.7907228858861
V12,226.6,187.5679971764041
V12,154.0,158.2254538325415
V12,182.5,166.44547706156106
V12,202.6,193.7435917545314
V12,205.0,195.27859589524144
V12,200.2,193.51312357377418
V12,228.5,201.1509073645373
V12,220.5,190.92075390398082
V12,216.8,189.45654798733662
V12,235.1,200.98957428094553
V12,220.0,191.00751309540567
V12,218.4,202.8590564803261
V12,165.2,146.44033960643472
V12,223.2,194.54433068749648
V12,241.1,203.08174964589028
V12,161.7,177.1065340794954
V12,181.0,168.55124469781717
V12,213.7,183.41877975605433
V12,161.7,154.62455020677547
V12,172.8,165.04631261482126
V12,218.9,188.15852883005016
V12,174.0,174.81273614756543
V12,188.0,179.38734470426095
V12,170.3,183.12273884497256
V12,221.1,196.47396277936696
V12,248.2,207.39047650928822
V12,188.8,169.0019671389727
V12,196.3,186.25245634793447
V12,200.7,194.15761995453101
V12,196.6,192.09173816048425
V12,234.1,192.78629145347983
V12,225.3,202.20968685813173
V12,217.0,190.39938227689652
V12,220.4,197.52763873189434
V12,222.0,189.52444678400568
V12,235.3,199.2604706297441
V12,142.3,152.3390654683726
V12,204.2,188.00908124721778
V12,218.0,193.43674989593288
V12,184.1,175.06709617461917
V12,183.2,179.5416999018564
V12,178.6,171.88067620106122
V12,191.2,180.30831606034107
V12,185.1,173.7124948975701
V12,181.9,182.03191059208086
V12,171.0,177.1560567469356
V12,175.7,178.3582811642073
V12,201.3,191.56915376732138
V12,230.2,192.47324399961883
V12,195.2,186.5955571951555
V12,194.2,191.40196928295376
V12,170.3,164.7277082678805
V12,144.9,162.09573594370963
V12,190.4,185.0560277626363
V12,210.9,190.44147283084044
V12,223.2,188.35122246553306
V12,202.8,179.87141147313298
V12,196.8,185.29460187264647
V12,190.4,176.78531532321273
V12,194.0,183.38525061034483
V12,195.0,182.83731835532188
V12,198.7,186.57265978767987
V12,222.2,186.37553356640976
V12,229.7,203.2789165377824
V12,200.3,180.75129247238982
V12,207.2,187.33419332535556
V12,209.9,197.30103163437852
V12,188.9,168.99705413400864
V12,172.9,173.42378860974304
V12,194.3,180.87362377412188
V12,186.3,189.57650594539487
V12,234.4,190.25291051935716
V12,213.2,197.0303536625914
V12,213.9,190.46983136836838
V12,195.5,192.44017176703528
V12,189.1,149.36668352518728
V12,183.2,169.6470957371907
V12,221.9,192.76327802377745
V12,219.5,193.84090000430376
V12,191.4,179.8242114125831
V12,194.8,187.96338581983653
V12,181.7,175.81167204703706
V12,179.3,180.9102323497102
V12,208.0,181.9945293017206
V12,205.3,195.9949131875112
V12,198.4,173.871350059877
V12,196.3,185.9903494425081
V12,202.5,187.6050447053782
V12,199.0,190.15267842552709
V12,219.2,186.09772484847218
V12,205.8,173.0276491115278
V12,206.0,190.51032199989663
V12,206.9,174.5815126512805
V12,197.1,189.8872494342396
V12,188.3,168.33013523080893
V12,167.3,174.2324450158149
V12,222.0,188.42221323549688
V12,207.3,197.63909688327988
V12,197.4,180.80862541868532
V12,215.6,191.9378526815387
V12,214.5,195.70398579624535
V12,211.7,177.4475983676951
V12,188.4,189.93583652235705
V12,200.1,173.27957693394166
V12,198.7,176.74286722327787
V12,173.8,185.33664689183541
V12,182.9,165.11061979755712
V12,169.7,169.10236834467804
V12,191.9,166.98391394542196
V12,181.9,175.03339729311716
V12,224.4,174.30777315411837
V12,197.2,189.0465965943339
V12,202.0,189.21983124689427
V12,207.1,190.09447999706137
V12,198.0,181.87497929447537
V12,184.1,188.45233145863514
V12,182.4,155.8916426774391
V12,181.2,171.9800038183657
V12,195.9,190.05860153501476
V12,177.4,174.97770908710976
V12,184.8,174.90894450360108
V12,207.6,186.99868970229983
V12,220.7,193.86693212603143
V12,191.1,178.4689242310397
V12,196.9,181.29760258553594
V12,173.4,186.25474680259163
V12,202.0,178.00109516066323
V12,182.4,190.03809545517132
V12,182.6,154.6515291311766
V12,191.7,167.09727044465592
V12,220.4,202.5910320496238
V12,200.0,187.12670743311836
V12,199.3,189.70381761287706
V12,219.3,180.5898591377251
V12,201.1,193.15211672923635
V12,195.3,180.5715348004191
V12,180.4,187.4680617725615
V12,139.6,159.41487896432614
V12,191.8,166.089581854627
V12,163.9,180.9781657347262
V12,201.7,183.67969134917163
V12,198.8,188.25503371105188
V12,203.1,190.6506250813963
V12,197.1,169.11004906108846
V12,174.0,187.712039298381
V12,202.3,186.425035930915
V12,190.6,191.45395673263437
V12,193.2,182.49997557444706
V12,204.8,190.1189621573468
V12,180.9,162.54962296043337
V12,175.3,175.1988533159869
V12,221.5,188.4254075824087
V12,213.3,195.1694260598573
V12,184.1,163.88086112705113
V12,181.4,174.82021742498404
V12,192.6,177.05047455989006
V12,185.1,180.1167184127743
V12,200.6,187.3105948435355
V12,207.2,187.78343416854494
V12,189.0,176.10218741812128
V12,162.3,176.99030546683517
V12,182.8,164.26840493762438
V12,191.0,175.83333543038793
V12,199.2,176.65650441309475
V12,201.4,187.04483234366788
V12,181.0,165.73723463653596
V12,222.4,185.24655900213855
V12,220.0,200.7483744567263
V12,208.8,189.28079496490517
V12,218.6,196.05379862217615
V12,221.8,190.3964258469963
V12,200.3,195.2332605862486
V12,186.4,186.56274543014882
V12,191.7,182.66803117870342
V12,198.8,168.67814317326358
V12,193.4,187.1870608525496
V12,206.8,183.28400758604388
V12,175.7,188.76791938693432
V12,194.8,169.8511074833865
V12,194.2,179.2003459174936
V12,206.0,190.22881398400327
V12,205.6,188.00115810909992
V12,201.1,191.985191238974
V12,197.7,180.02680810734083
V12,181.9,175.53262149596873
V12,175.1,179.8640198368601
V12,183.9,187.12275825843244
V12,216.3,186.06054239316606
V12,172.8,139.95825604403944
V12,197.6,185.50138241613462
V12,224.2,194.18005535986526
V12,199.7,189.5486770219098
V12,238.6,193.814539851449
V12,226.5,189.32414555663578
V12,217.6,191.1484742681925
V12,199.9,191.88859667173597
V12,205.9,188.85334462881417
V12,190.7,187.68094273706566
V12,220.8,189.81395038582366
V12,212.0,189.2612029008315
V12,183.1,192.55059532505305
V12,209.8,187.63984302512478
V12,201.6,193.6037771655557
V12,228.8,194.66712250318278
V12,196.7,193.06383321448732
V12,240.9,195.34151570382207
V12,205.7,187.83942638937862
V12,236.2,197.1283667152852
V12,211.7,191.64918891042123
V12,207.1,194.0005073452381
V12,198.9,198.70687255189566
V12,206.5,186.96376311808098
V12,203.9,190.96716964818503
V12,176.1,182.08235739938078
V12,201.1,187.64473495363566
V12,220.2,193.55484146211006
V12,198.0,187.8779231863838
V12,235.9,194.86853512157768
V12,187.9,195.30917420833572
V12,214.2,194.76387814267176
V12,210.9,183.7356297064165
V12,179.8,139.71895326403032
V12,194.9,172.26256344627618
V12,205.3,145.479448008111
V12,172.2,179.5438100786864
V12,198.9,190.541113043483
V12,219.5,196.98250825269696
V12,207.9,170.49714793876808
V12,221.8,193.27664060200505
V12,201.3,191.52677539425304
V12,160.8,177.6722267572332
V12,199.5,188.14122249313613
V12,221.7,195.85908191667514
V12,205.9,188.94599434766357
V12,201.2,191.77099942886264
V12,191.8,196.5153182413054
V12,210.1,186.20787122513053
V12,210.5,194.44901230291296
V12,204.9,191.80281629742558
V12,211.0,182.31045708583807
V12,231.0,200.47634148319932
V12,208.0,194.30222168491096
V12,223.1,195.95799093568266
V12,212.9,191.63566630594457
V12,215.5,190.1359697021981
V12,212.3,188.54006287426316
V12,204.9,199.17460382798043
V12,203.1,186.9540538102653
V12,213.3,193.32097056645975
V12,190.3,166.13301433591562
V12,195.1,156.47325303328472
V12,213.7,186.07449850436296
V12,183.9,199.80207270922347
V12,212.5,184.69217405888534
V12,205.8,191.808214380646
V12,205.7,188.38002072332168
V12,198.0,196.48315895679687
V12,221.5,196.47745769692423
V12,213.5,182.48824204324234
V12,219.2,196.6197815718959
V12,189.6,181.52502164633705
V12,227.5,192.85800297578342
V12,218.0,193.84626648202905
V12,195.1,163.48053584721617
V12,203.7,183.69141717633394
V12,203.1,179.27548671964018
V12,223.1,191.35187391427675
V12,190.7,186.97646013890574
V12,233.3,193.83300210385292
V12,211.6,170.28916454443652
V12,203.7,159.23057523003135
V12,223.3,187.96224444619452
V12,179.5,188.9472364405179
V12,230.1,189.8060849354772
V12,173.9,143.32220041914164
V12,200.2,194.01787227736494
V12,198.8,184.12286965778327
V12,202.0,173.43247032656618
V12,214.9,184.1871958660988
V12,222.9,196.01213939747493
V12,203.7,178.10608990527805
V12,218.1,186.2044295556889
V12,216.3,196.38225634726294
V12,222.2,198.211415865653
V12,204.3,179.58097711719302
V12,210.9,197.00439469537747
V12,171.8,200.6121132193672
V12,212.8,186.52318411299018
V12,165.4,176.80524740112872
V12,192.0,182.29513234714128
V12,181.1,150.63429683414915
V12,191.7,170.1313854018813
V12,206.2,178.78447687762724
V12,215.8,198.93030077982812
V12,211.9,183.4677019515853
V12,220.4,197.74627569382653
V12,212.7,198.40401746442944
V12,199.0,188.57765320806217
V12,203.7,194.463727897928
V12,206.6,173.92888359946284
V12,209.1,195.46022475418147
V12,211.7,191.57295627858855
V12,182.3,187.06693976028143
V12,205.7,187.7904400235805
V12,195.6,194.57123876032853
V12,218.1,192.52672584350904
V12,203.0,194.7814575774157
V12,206.4,181.85421008033808
V12,218.0,189.8964497397912
V12,198.5,181.25885158713987
V12,204.9,183.57662742226995
V12,223.0,192.83186805404932
V12,199.1,195.09660378815414
V12,229.1,195.6981726186041
V12,210.1,186.23094478830382
V12,234.2,199.03142189793402
V12,196.0,191.67304469337122
V12,211.4,198.50356546277337
V12,211.4,188.74386700393083
V12,215.5,188.58425647863527
V12,197.4,188.53589820168594
V12,192.9,158.00085556102883
V12,192.7,183.18382507508505
V12,217.0,160.22911410929947
V12,189.3,146.96559479800956
V12,202.9,165.4830524475146
V12,199.2,164.75541584746043
V12,188.3,174.99039676858285
V12,212.8,193.99246500429552
V12,211.6,193.1038905281166
V12,211.3,200.2046097102238
V12,182.6,187.95372384216967
V12,195.3,192.37805729148715
V12,212.1,187.87803016675792
V12,168.3,191.649736708605
V12,206.4,187.37035989443308
V12,187.6,200.2806287597474
V12,198.6,186.93424551416905
V12,202.5,190.72811508877044
V12,96.7,98.4299012819905
V12,127.9,113.95639621987581
V12,183.2,150.19942769601278
V12,195.9,175.1805614824151
V12,125.8,161.47529812258276
V12,116.0,97.85469289204252
V12,114.0,120.34804006941489
V12,188.6,176.8862092154072
V12,202.0,187.3809788148289
V12,97.0,117.27157207756807
V12,115.7,120.36740647128977
V12,110.1,129.23672801936343
V12,162.6,134.0856025918455
V12,92.2,87.5023194828823
V12,118.5,102.7983379224469
V12,112.7,124.62364280211388
V12,69.5,137.60742416079788
V12,114.7,126.30550847129203
V12,91.8,99.17679784137295
V12,128.9,123.77773892676066
V12,110.9,108.65191906639082
V12,111.7,101.50373957460911
V12,104.9,132.6569854576587
V12,133.0,123.96794398873496
V12,131.8,106.80323510691811
V12,175.5,143.93675851679478
V12,157.3,177.98800651099253
V12,149.9,174.1972785936931
V12,98.9,97.35573245101074
V12,89.2,109.68374858278005
V12,179.0,136.98195244909107
V12,124.4,161.2884706597937
V12,157.9,153.6078848454605
V12,57.6,103.52713497265584
V12,73.9,85.95902320566083
V12,63.5,104.36961533062637
V12,78.3,89.45231684644986
V12,150.4,184.08797949849279
V12,227.0,170.88665109627243
V12,203.7,187.81072818334215
V12,157.2,192.5831468639439
V12,70.8,97.77715125509476
V12,184.5,176.82856193083518
V12,195.4,186.1152010474424
V12,170.5,165.69941280081053
V12,185.3,144.11179911591978
V12,136.0,155.6022444031853
V12,168.4,138.2204739866522
V12,139.8,176.464681465881
V12,94.8,91.2513372776786
V12,105.6,91.8433536024777
V12,65.9,112.687227258436
V12,161.4,116.14049438532227
V12,186.4,155.57321334453096
V12,93.7,97.67832099708427
V12,133.0,122.23877628097087
V12,133.4,119.17407027395285
V12,90.6,105.99066854638225
V12,135.7,114.72147667087003
V12,135.8,141.38708322274394
V12,211.1,193.18747298482288
V12,165.0,197.90285410232556
V12,137.0,104.01771649223436
V12,155.9,139.79552921818694
V12,61.5,116.01968753209434
V12,80.5,109.4562693449969
V12,111.1,111.93159338739821
V12,83.8,114.00583999010605
V12,149.1,124.20021657940018
V12,191.5,180.02874348949848
V12,86.7,95.58412462771886
V12,98.6,102.40026353336377
V12,101.1,95.5447875934318
V12,181.2,184.60207107434596
V12,160.0,183.77002281167114
V12,104.1,97.90400196064326
V12,81.4,88.71839723865352
V12,186.7,162.90273900295202
V12,172.2,166.68568878183171
V12,141.9,121.1670132304637
V12,143.5,153.84214369826236
V12,148.7,158.89079497902344
V12,71.3,101.74767782954709
V12,103.2,114.8167999823074
V12,116.9,117.08943846902609
V12,132.1,151.30294695228184
V12,151.7,132.44303452471306
V12,181.1,191.46395026077434
V12,137.9,132.13534324966994
V12,176.9,157.23243884926876
V12,97.9,132.8681628732996
V12,112.9,104.65938428752696
V12,90.9,132.36801701238284
V12,150.0,176.07264281972812
V12,189.0,175.60818742263015
V12,120.5,109.88071315822265
V12,82.8,96.20466122902332
V12,97.8,121.03176541916643
V12,163.1,139.55440447172924
V12,75.7,113.53343629468101
V12,78.5,92.13536405953661
V12,101.3,99.16138073431753
V12,107.2,107.41879915922279
V12,204.0,173.30222201650298
V12,188.8,177.9012092832651
V12,193.7,164.28727987332707
V12,196.7,172.01937760092756
V12,196.8,158.09874193988955
V12,197.6,175.9234433073425
V12,197.9,175.40524877138998
V12,174.8,164.5073654862169
V12,194.9,164.31458920285613
V12,170.3,177.99459913702378
V12,187.3,174.2254692329868
V12,189.5,167.49922377446248
V12,166.1,147.20863389378852
V12,140.7,156.24425204783034
V12,181.0,173.2091263174865
V12,190.6,164.9726634648639
V12,184.3,169.7787268007803
V12,168.2,157.3476021382527
V12,164.9,162.00864534602547
V12,195.8,157.5355096112097
V12,173.6,186.440659645444
V12,181.1,179.55574591856228
V12,164.6,160.28244282601872
V12,166.2,144.1447020238062
V12,127.9,153.67301771303906
V12,201.0,159.15995438384329
V12,198.2,154.42006725893526
V12,129.0,171.15619560870323
V12,181.9,165.47719964941325
V12,188.5,170.69434319284645
V12,125.7,149.23290278100993
V12,188.4,189.31444371078737
V12,177.0,178.15434623331439
V12,153.9,170.69341892705262
V12,180.0,168.12787010836303
V12,183.9,163.3713786516501
V12,202.5,164.7217058040573
V12,140.3,172.96789240337208
V12,196.2,176.34610996412326
V12,157.3,176.94524238551458
V12,181.7,174.72739485876068
V12,191.6,165.96699441301698
V12,200.2,173.14239886490526
V12,186.1,174.71382259479677
V12,208.9,176.466905389774
V12,196.7,179.55158167739822
V12,136.2,178.62614878914502
V12,216.9,187.0641180874764
V12,180.5,184.55159848862337
V12,159.3,161.98762557816463
V12,172.9,153.6881494240308
V12,142.2,148.31724289747757
V12,153.5,135.1471743207344
V12,187.7,173.1350440435616
V12,182.1,169.14284341526042
V12,182.8,181.16471403349624
V12,178.0,175.94506168342335
V12,192.6,170.3747203150548
V12,179.8,174.78891757711173
V12,196.9,171.8956587731159
V12,175.1,170.5135307216548
V12,181.6,163.4354385991008
V12,185.3,181.60757370641815
V12,192.0,173.33805035938718
V12,126.5,141.30359886034944
V12,160.6,136.1630142777194
V12,182.2,169.37381762395864
V12,180.6,167.10094044433873
V12,164.5,149.98354554578822
V12,168.3,141.42084288374468
V12,129.8,141.9753520425487
V12,137.9,133.36222969274985
V12,172.4,181.63171528666237
V12,188.7,171.13755729948022
V12,158.0,160.37131349480092
V12,183.4,154.9356753923612
V12,181.4,173.47809012326653
V12,197.4,170.05338122051435
V12,130.9,133.784496371979
V12,163.0,122.27086124623659
V12,188.8,171.54005738603257
V12,187.9,169.64544547517337
V12,160.1,134.12240463959893
V12,85.2,157.32995507187417
V12,161.7,138.95412508979075
V12,162.7,161.31133321256453
V12,144.2,126.4278987383597
V12,70.5,131.69969206630924
V12,178.3,164.83892256557462
V12,132.9,168.95480354811005
V12,127.0,143.7506512679545
V12,140.7,151.4215548256845
V12,179.6,150.3981876197032
V12,152.0,169.63953659984452
V12,70.1,136.31312156277113
V12,190.5,162.87097377707758
V12,158.3,172.08169684678495
V12,119.7,134.59741310632137
V12,121.3,143.3392992580559
V12,117.9,136.1666782111101
V12,114.5,140.80077401299556
V12,185.1,146.48911415829164
V12,162.3,166.0417804449658
V12,180.8,153.1711861147247
V12,189.1,151.37860460401296
V12,171.4,155.94333253827705
V12,170.2,150.60716090146954
V12,129.9,162.91381880082903
V12,129.2,128.61896034249685
V12,127.6,140.68098692184645
V12,155.8,144.89655040408113
V12,159.7,159.3633041244544
V12,161.4,155.40955036202996
V12,176.1,161.9205469342186
V12,177.5,173.5287154158837
V12,160.4,135.65757572951603
V12,153.5,151.21779307599348
V12,158.5,159.23441677890253
V12,165.8,161.05204836752344
V12,158.6,159.464293647694
V12,205.9,167.79214342023016
V12,177.5,167.65402071676482
V12,199.9,174.26878950817488
V12,168.9,160.4295101120175
V12,148.3,156.04588871212772
V12,163.1,164.70883727710577
V12,156.3,159.62598294273278
V12,170.3,167.1517577568347
V12,119.2,131.73049040996145
V12,115.1,131.09313180362042
V12,146.3,138.8123469793376
V12,125.0,146.1469475107037
V12,164.7,161.28614222356896
V12,209.4,169.70138888648376
V12,123.1,122.38813383062814
V12,157.3,148.70683410072576
V12,165.3,161.95151125291108
V12,152.6,145.34011300583384
V12,187.2,155.4269834524497
V12,126.9,132.19961834866754
V12,142.6,138.42561574253887
V12,168.6,167.97739135772918
V12,199.3,176.99206118624278
V12,160.7,164.96149884511306
V12,188.5,172.9541424631334
V12,193.3,173.75050823242213
V12,209.8,183.31464076741364
V12,180.2,162.06926490603493
V12,189.0,173.5782316757019
V12,175.0,170.95451103387447
V12,205.8,176.02321870703264
V12,151.7,150.6540828591138
V12,190.7,160.53482335866906
V12,164.8,153.3522839802096
V12,170.4,168.27963254734797
V12,178.4,159.53901448256596
V12,170.1,164.28031905527862
V12,169.1,170.26053114885372
V12,98.8,115.9161891559386
V12,81.2,121.1759787552828
V12,191.5,169.34895215437177
V12,180.4,184.1937012216239
V12,160.9,153.5373337010327
V12,181.7,164.891426649555
V12,174.6,160.50882955173364
V12,166.1,169.3827413593527
V12,153.0,154.05951390211092
V12,152.2,158.67333493801317
V12,131.2,134.6744264383589
V12,168.6,145.33954459260713
V12,133.6,118.00816180419099
V12,77.3,126.50599250625089
V12,177.9,167.6130042098716
V12,188.8,177.72366199817887
V12,150.8,159.4897198047033
V12,192.5,167.43284604505223
V12,183.2,183.75355005796735
V12,153.7,160.69361537918041
V12,181.9,166.59395874092755
V12,138.6,152.31327053576783
V12,166.8,150.5737765602593
V12,157.3,152.91867201645894
V12,152.7,161.45356140905363
V12,160.2,146.81302897182348
V12,160.1,157.12212328479225
V12,151.5,142.79120758366025
V12,131.3,150.75896087547852
V12,161.0,154.13575374041164
V12,165.8,161.2485691318585
V12,154.4,112.4418745495901
V12,180.5,166.5175149004737
V12,118.0,128.4859817978689
V12,124.2,131.43423433697913
V12,178.5,170.7730364070227
V12,186.8,176.8052351643858
V12,167.3,163.27773299368397
V12,178.9,168.3321360757361
V12,123.0,141.0981188098078
V12,184.6,174.91770062490264
V12,199.1,183.8900514019567
V12,164.8,153.46887230398139
V12,189.2,163.79752030756862
V12,181.7,172.08761780731717
V12,200.6,180.57054871812434
V12,186.8,154.7741298226107
V12,183.2,174.02168642479086
V12,159.1,124.9563760961127
V12,154.4,144.8365106132609
V12,129.9,130.70210558090375
V12,153.2,131.7507191758064
V12,167.7,173.94926859173003
V12,159.9,160.94969761853773
V12,164.6,173.00697224292838
V12,186.5,164.08457052346768
V12,180.6,183.79369046056527
V12,172.6,174.60262308143916
V12,199.2,198.5956284918061
V12,173.4,182.53932567764568
V12,193.2,193.6631721542106
V12,169.5,179.22504297065774
V12,192.2,191.69697042911065
V12,162.5,176.87798074578703
V12,194.9,190.30135920022758
V12,155.4,167.5168418440681
V12,148.4,160.67020091236193
V12,157.9,168.0730431729576
V12,202.6,194.75705043273643
V12,175.8,181.03740178972026
V12,128.3,140.77758075788404
V12,157.3,138.09693806024075
V12,183.1,193.4156551402027
V12,183.3,180.23033523488982
V12,189.6,202.47895318572625
V12,196.2,185.0050560495564
V12,183.0,195.47588913596474
V12,218.0,187.37132773541225
V12,182.7,199.06738977369372
V12,174.6,183.85341599299858
V12,195.9,201.11869872605467
V12,195.9,188.1669116816303
V12,187.4,187.3218148463552
V12,174.3,179.7982598975225
V12,177.0,181.84184701372018
V12,206.5,182.10028587537678
V12,154.8,158.46471457391627
V12,161.1,153.78844262819695
V12,204.7,194.98734910869766
V12,163.3,180.0283044156212
V12,178.7,178.3371665509219
V12,193.3,198.8478477234834
V12,163.1,180.94324737254587
V12,176.1,174.07765630291777
V12,177.4,194.64937418062655
V12,154.7,173.51861339484068
V12,183.0,158.81833256249945
V12,169.5,159.23832551748657
V12,163.8,148.5353508941458
V12,153.0,146.96445108206316
V12,192.9,186.69584398080735
V12,137.4,150.47084295162733
V12,150.8,149.2021017052359
V12,145.0,170.66882877475106
V12,174.9,158.57558015229483
V12,170.1,199.74607435869655
V12,210.8,183.68704661263467
V12,196.1,199.50011906372254
V12,188.0,181.21778922687935
V12,198.7,192.06254780759465
V12,180.2,179.0376014193048
V12,153.0,152.24108619896302
V12,174.8,196.2993811647946
V12,196.7,183.27710480574302
V12,157.9,177.49124940479288
V12,161.9,168.11184928469075
V12,151.9,155.67076995955688
V12,151.6,155.58901690601297
V12,161.8,178.44184152737054
V12,189.4,167.80406018864866
V12,146.9,150.14767452850023
V12,157.0,145.92458305960884
V12,179.5,185.49414910653886
V12,186.1,177.70448063675454
V12,170.8,149.4464648740455
V12,152.9,151.0159953740068
V12,176.0,190.02979954661475
V12,170.0,173.54514818368483
V12,208.3,196.63939121733824
V12,172.6,182.14109221104698
V12,194.6,199.4135203966768
V12,158.5,184.9135349953011
V12,191.9,190.94932257907516
V12,175.3,178.46424113919812
V12,173.2,179.97627261346176
V12,163.1,171.44819955038665
V12,182.7,198.14257966368217
V12,149.9,175.37733947037964
V12,187.3,182.25881472702176
V12,186.8,178.9270374882135
V12,189.9,200.27864771316692
V12,169.2,181.9234336943818
V12,195.3,187.74566497633566
V12,185.1,185.22966495867277
V12,197.0,190.4453882774074
V12,179.8,186.7339847604921
V12,148.3,165.1958304216453
V12,146.9,155.6055634133916
V12,187.5,177.72791043326825
V12,152.4,169.88448594843086
V12,147.2,158.4117957755419
V12,201.6,200.18472531414665
V12,166.3,182.3021914335556
V12,194.6,183.14571690271964
V12,161.6,175.70391911372297
V12,209.3,196.5564760962529
V12,164.2,183.6731446037579
V12,142.5,170.54809828982735
V12,173.2,156.12370288625954
V12,197.8,188.56666294267205
V12,216.0,189.45729846638363
V12,180.6,185.66079602091474
V12,179.1,190.03071988414683
V12,180.1,185.08776497735363
V12,202.9,178.7579840665897
V12,135.9,159.58386199108804
V12,184.2,175.20973712460383
V12,157.0,172.9926797385108
V12,152.1,147.65625436482028
V12,153.7,165.3930600359843
V12,164.1,158.53592563657725
V12,186.8,184.95569464973437
V12,136.7,154.83689733384472
V12,167.7,149.63836887668285
V12,184.0,181.80665203969198
V12,200.0,177.11556471612158
V12,186.4,183.72025565156846
V12,202.5,180.15773633993336
V12,146.2,141.25683683755983
V12,130.5,134.69183694427133
V12,195.1,188.1999268732513
V12,202.8,184.3012285725212
V12,172.9,156.16785227452232
V12,182.5,170.18296953743004
V12,153.9,163.38549650878454
V12,158.0,147.74022236930466
V12,116.1,140.72307782423795
V12,167.5,167.42160395998246
V12,164.4,168.2140208027953
V12,167.9,154.41800795992583
V12,118.5,134.34957477048232
V12,158.1,156.25908067116865
V12,145.3,155.185379200201
V12,190.1,190.8536083486047
V12,213.3,184.05249208388773
V12,198.8,189.04507821484634
V12,209.5,186.8882864569065
V12,185.0,184.379954393432
V12,201.5,177.44928911798445
V12,145.9,156.22886973363714
V12,176.4,169.97134794194443
V12,193.3,164.17626860776272
V12,144.8,143.5669427857685
V12,147.9,134.43503267921557
V12,185.2,168.92976610601065
V12,197.5,172.00690690952223
V12,201.2,188.28767559448835
V12,203.3,186.90855420844042
V12,171.1,158.6241660787232
V12,182.2,173.59397654904663
V12,191.0,171.0119032869119
V12,115.3,141.8878023004847
V12,195.6,164.38035837118383
V12,149.0,112.03716447409228
V12,176.1,138.8856541872151
V12,143.6,130.83462446561032
V12,193.4,158.17090311254944
V12,175.2,163.75185742313727
V12,189.4,183.26658683289435
V12,148.7,136.40054918162605
V12,170.1,159.219370438304
V12,189.9,161.51816422152277
V12,140.0,164.3435201481797
V12,165.0,160.27248250791166
V12,154.8,158.14208109326003
V12,195.0,175.36144339075656
V12,194.9,184.10606831536373
V12,189.1,151.70883298715586
V12,182.8,182.006965540582
V12,130.8,127.54099024343695
V12,171.9,151.99269982942994
V12,131.8,124.4663142284954
V12,124.1,103.80444680685744
V12,182.4,160.17939273065497
V12,190.4,134.11502209204178
V12,164.0,183.35072821868323
V12,172.3,171.45971799189118
V12,131.5,125.57511794919267
V12,154.5,153.63144119810494
V12,113.5,112.76152741618799
V12,160.0,140.78590606141464
V12,156.1,142.33666269800068
V12,162.4,163.82522462830525
V12,123.6,114.1060186211665
V12,149.1,115.78215698435551
V12,186.7,133.97931170101785
V12,154.2,178.78719065405824
V12,118.1,125.43182685413868
V12,129.3,121.10561328886192
V12,192.4,150.71406453390833
V12,130.9,133.14027906595933
V12,176.7,163.23748002978252
V12,212.2,188.44407143136218
V12,111.7,124.93017129378917
V12,147.7,123.06044101711505
V12,181.4,161.9757373376977
V12,159.2,121.28616671362344
V12,178.8,157.80620453978383
V12,157.2,139.32143372007414
V12,142.7,162.2486360777003
V12,182.3,164.27112614192606
V12,75.9,95.83695116024438
V12,119.2,122.06589325696412
V12,124.9,146.83527462264104
V12,186.5,159.74868295078232
V12,157.2,140.10209515355288
V12,177.3,177.31957498757762
V12,184.1,169.31457022087093
V12,113.9,113.2352243076397
V12,166.8,144.88067204529122
V12,82.0,123.18902107169184
V12,177.0,144.12703484382456
V12,139.6,135.70806384199287
V12,186.4,182.18837506590467
V12,170.6,175.83604494498252
V12,113.3,117.49399213990091
V12,188.8,184.0320298310922
V12,199.0,179.8680340620628
V12,133.1,147.120357584866
V12,168.6,154.88090726519235
V12,121.3,119.28258349471491
V12,166.7,159.00849111466275
V12,175.4,177.0369508888088
V12,142.3,120.87410149792194
V12,97.2,140.3222631662037
V12,198.2,151.62380144777762
V12,105.2,136.1260109175836
V12,200.7,153.43805267844348
V12,173.0,157.22378672112364
V12,165.9,161.11787187256442
V12,184.8,172.64128394468457
V12,79.8,103.98133057465924
V12,154.2,133.19099886786867
V12,148.7,153.89369274775245
V12,139.3,146.8157851086527
V12,223.1,192.57355360951124
V12,191.6,167.98004960312448
V12,178.8,177.39106186736362
V12,195.5,172.59315873120272
V12,105.4,154.3081726507027
V12,195.5,155.8640991463213
V12,173.4,173.36229263020482
V12,181.8,171.48267647860072
V12,147.2,124.73540705184267
V12,166.7,149.12813082508333
V12,143.5,150.40848013294692
V12,144.1,160.79952652036255
V12,170.4,145.54483868865117
V12,186.8,172.08238286644976
V12,204.5,199.90970650550037
V12,219.4,200.66379599900807
V12,160.3,156.7318762378636
V12,164.5,156.87719541010568
V12,171.5,116.81402374057105
V12,151.2,157.1204464765294
V12,211.9,190.84026850363705
V12,223.2,191.14533569269938
V12,196.4,185.92020920097804
V12,206.2,193.765177270044
V12,174.3,172.82874818024953
V12,194.4,185.60512142605717
V12,187.0,174.31450318171682
V12,188.8,188.8816474612319
V12,195.7,157.1808186637402
V12,191.0,187.2995449398155
V12,196.9,177.49136186063376
V12,180.7,188.54800837393185
V12,164.8,167.14378475672734
V12,168.8,163.79707363922662
V12,118.0,94.89081633321135
V12,193.7,184.21339759971536
V12,207.3,194.58562131491186
V12,173.8,177.13187608452662
V12,199.3,186.0557880235143
V12,164.8,180.1056804233066
V12,199.3,186.44441962546955
V12,206.9,189.48458871921306
V12,196.7,175.75824082584546
V12,234.5,191.92085901961116
V12,212.0,197.233015045204
V12,114.0,101.57040734891717
V12,198.2,174.9924421486455
V12,165.6,170.15444815111755
V12,192.4,179.2028140164096
V12,155.3,164.16823329473766
V12,171.5,151.53842242647528
V12,186.6,190.68111813925344
V12,211.4,196.80162002767008
V12,196.8,179.2287605070708
V12,185.7,188.5406296595945
V12,116.8,143.5418432565498
V12,162.9,132.54532715248993
V12,164.6,141.1198360727417
V12,192.9,180.51030244271743
V12,203.0,186.6598665504678
V12,206.6,181.7009336643814
V12,193.4,189.01994000584003
V12,214.9,194.26465718542556
V12,214.7,199.78842256436445
V12,218.9,201.91457878264924
V12,224.1,203.9979012782264
V12,191.7,184.8274589642005
V12,172.1,189.5123116735069
V12,132.5,152.17282163003767
V12,165.9,134.71279814429957
V12,109.6,140.34890235762657
V12,129.2,111.68321234266621
V12,223.7,195.00921750519964
V12,216.6,177.71657483160615
V12,202.2,190.28310380917574
V12,140.8,172.1771073972459
V12,152.1,174.7857437632261
V12,173.6,127.55311507779484
V12,163.9,167.28569892698897
V12,202.8,196.2988277770437
V12,197.8,198.0668439984687
V12,169.9,186.2264566446732
V12,167.0,163.75632043401654
V12,180.3,176.58115037286933
V12,139.6,137.6314148492575
V12,164.5,163.9991483251256
V12,189.7,173.86658741946195
V12,213.7,179.11611097963456
V12,201.2,185.68284752352898
V12,175.0,175.81910741724406
V12,173.1,164.89013394625067
V12,171.9,166.5293883753996
V12,189.9,160.73591386989403
V12,173.8,146.48567474992316
V12,159.0,168.9736657300891
V12,227.2,200.42219011630405
V12,198.9,204.286768081638
V12,207.4,185.5276096149652
V12,196.4,196.24209616673545
V12,190.3,197.46233052260317
V12,206.2,192.83306319848862
V12,194.8,163.78684786514026
V12,157.6,160.5794978014083
V12,169.2,181.44169976026214
V12,182.4,167.6801720422185
V12,199.0,185.98480105382447
V12,191.3,168.5867536727524
V12,186.5,168.13942454524076
V12,160.5,167.57909586285103
V12,198.2,179.7560768813836
V12,198.5,190.28139352178718
V12,161.5,172.13635791849245
V12,163.2,164.14608388297725
V12,192.5,172.95097444132955
V12,166.6,184.18307560866768
V12,185.1,186.52875484511145
V12,210.1,187.44818810193465
V12,211.5,195.57859233256661
V12,155.3,160.37465457893396
V12,176.6,174.99857547044166
V12,160.3,164.126693236954
V12,191.4,176.6682723160481
V12,147.3,171.5663272492088
V12,169.5,164.3981883516177
V12,139.9,134.2400213836251
V12,165.3,147.14209518982562
V12,147.1,151.5049065014014
V12,140.0,149.62449984837264
V12,166.1,148.41493560744883
V12,182.2,160.47341136721073
V12,173.1,151.6670245721017
V12,127.9,143.6696331176268
V12,132.8,137.6010187666927
V12,145.0,140.0722460110644
V12,150.1,145.47679772507064
V12,166.9,150.913245113282
V12,161.0,146.39378013416965
V12,150.8,153.9732341197007
V12,138.9,133.6861624956452
V12,137.6,138.68028383903285
V12,172.0,159.99944791295445
V12,183.5,170.33699992657313
V12,152.5,143.5026715289381
V12,141.5,146.9810098427502
V12,159.8,143.25038019329997
V12,148.8,148.91782365175726
V12,132.6,146.3712103727107
V12,145.9,142.67661470497413
V12,170.6,166.4541000785885
V12,191.0,172.55301601937464
V12,149.3,142.07396914667137
V12,156.5,145.5638621729589
V12,174.1,162.90950338489637
V12,192.6,170.83071536958568
V12,149.2,146.36106567790662
V12,150.8,151.2871898079045
V12,157.3,150.7963424519794
V12,162.2,153.66048504147554
V12,149.5,154.21472805875752
V12,163.6,153.3791409769757
V12,152.6,159.88547565915545
V12,177.4,162.64443930973408
V12,185.5,169.54362227165308
V12,176.5,174.55765047113627
V12,137.3,149.8774039831538
V12,165.6,143.52286190289988
V12,159.9,149.77244961190536
V12,147.9,153.11787801921696
V12,153.9,145.15972226651618
V12,178.8,150.47672623764177
V12,159.0,145.83616289820182
V12,163.4,152.16844060668643
V12,173.9,155.96632482741956
V12,150.9,144.35325873068643
V12,169.7,147.9197401974677
V12,140.6,121.07258723439946
V12,155.1,130.80596547336532
V12,149.6,143.09404344861824
V12,133.2,138.12772835787592
V12,147.2,138.20423002771142
V12,134.1,149.56032816233736
V12,161.3,161.3684588692578
V12,175.8,161.03902845582462
V12,142.4,163.81455825315612
V12,185.6,164.45785619025753
V12,166.2,155.32673971264458
V12,176.1,162.21907752951233
V12,143.3,122.01101367690435
V12,42.8,127.48743044180856
V12,134.7,140.75829611891456
V12,59.8,131.04043018084712
V12,111.6,112.128573216692
V12,155.6,140.17693532296587
V12,85.6,123.24644435334338
V12,143.6,118.78379592493474
V12,107.5,108.87371571298632
V12,145.6,120.54071674830752
V12,62.0,94.88917812173096
V12,144.1,140.39302085718785
V12,79.1,114.7668516227996
V12,147.7,148.3526468379494
V12,116.0,144.72178423198125
V12,142.4,123.89358576116854
V12,62.1,124.53564039110536
V12,175.6,153.1950674192179
V12,175.1,165.56421215704677
V12,133.4,158.02497172672773
V12,124.0,106.02949639027301
V12,156.5,144.8719694467854
V12,101.0,142.82924048773884
V12,117.4,113.85917956951877
V12,61.9,113.66721088332018
V12,151.8,140.85940321721904
V12,138.4,129.37867920445885
V12,141.8,121.77068779023062
V12,74.6,122.27721029553211
V12,128.2,129.85374852716612
V12,63.9,90.15850330119892
V12,138.0,128.90247070035423
V12,67.4,96.9210486262074
V12,160.3,152.99498246510802
V12,167.0,143.5458167001736
V12,128.5,117.17666261887271
V12,63.2,117.74105514048685
V12,129.0,136.283314273075
V12,109.7,129.83209358603693
V12,60.6,100.47450816856716
V12,122.9,109.12407207250988
V12,30.8,104.10374872065142
V12,123.5,105.02161326018367
V12,74.1,92.99901222246531
V12,103.1,97.40416520815506
V12,130.1,125.41427472038826
V12,126.5,105.30967314849286
V12,152.4,114.28124787292855
V12,54.8,99.11730780050397
V12,141.7,113.73317556754469
V12,50.0,119.62733338416695
V12,157.4,107.4554095296916
V12,43.2,107.73678342433124
V12,180.9,151.24970731390377
V12,129.9,116.14715821461834
V12,156.4,137.17294677854932
V12,138.0,99.04518932866162
V12,32.0,91.69996888926607
V12,159.9,121.22512949959068
V12,87.9,102.00254589429218
V12,26.2,95.07198408740197
V12,152.4,125.25203363869686
V12,114.4,109.20546067175775
V12,127.6,98.61652000606557
V12,62.3,92.01396232087023
V12,99.6,107.80659282595511
V12,54.7,100.88861501722867
V12,119.0,107.49821952662526
V12,50.6,97.00752540807392
V12,123.3,113.32507150081
V12,51.3,103.29864788893393
V12,129.7,125.52106361430305
V12,45.3,95.83443392429305
V12,141.8,131.44785213797013
V12,145.9,151.49345851309388
V12,117.3,125.34761165167136
V12,178.0,168.11543247325895
V12,176.7,163.89538201305294
V12,169.5,149.86918286716363
V12,131.9,145.190243080452
V12,107.8,103.34956571471864
V12,61.7,102.22014188421026
V12,124.4,109.74881768399202
V12,48.3,87.43154584630096
V12,115.0,119.23434467911649
V12,48.9,116.39419330423044
V12,157.5,127.3148367634486
V12,69.8,113.74984437568602
V12,137.2,115.56414538703164
V12,45.8,116.41324026753324
V12,136.0,130.792528299514
V12,72.3,125.6649630050073
V12,97.0,118.51929884862591
V12,158.9,114.66102816482409
V12,51.9,98.25890241441408
V12,76.6,101.44213529194889
V12,120.4,117.83978955401669
V12,133.2,129.14364463077155
V12,67.1,128.93113900696096
V12,174.3,161.86770827519612
V12,95.2,160.7647252256298
V12,166.0,156.20036310242256
V12,177.8,160.82635816696288
V12,136.6,122.23515553940435
V12,88.8,118.48048523982123
V12,109.0,87.80592005882227
V12,52.9,93.28668289904903
V12,108.3,91.9748351990439
V12,172.7,147.14967860213548
V12,133.3,148.81260259872096
V12,134.9,109.97339831042409
V12,65.9,92.36885871680734
V12,180.3,158.6795839615327
V12,123.4,164.56613942348906
V12,127.7,102.5989650077891
V12,54.6,86.97806524963164
V12,155.0,146.24820573742733
V12,59.6,147.4450493738466
V12,96.9,78.77297121760387
V12,87.5,87.63212803642253
V12,143.1,140.99784300814164
V12,166.1,141.5672507919574
V12,101.5,131.49296270811635
V12,143.1,121.03199498751823
V12,104.9,75.76807255160091
V12,65.9,98.33228591343595
V12,113.3,109.68197534572221
V12,135.6,113.12927253469721
V12,112.0,83.28772437631227
V12,138.7,104.59663241766935
V12,127.2,118.77362936910279
V12,161.3,168.93125095173752
V12,171.3,159.2374558267228
V12,140.5,108.81065953529668
V12,167.5,149.90131635505827
V12,163.0,158.23131925963236
V12,109.5,87.91704255643218
V12,94.9,105.11741465645414
V12,146.5,121.78973488592035
V12,154.8,128.0949169609063
V12,144.8,101.52982849950945
V12,129.0,124.43457842214181
V12,154.6,132.0486330348476
V12,158.9,135.86131896212075
V12,134.3,152.22251481959606
V12,155.6,143.5008392204022
V12,125.9,79.8778950375077
V12,147.5,141.8870733749312
V12,159.0,140.87214679054884
V12,116.9,88.9779863142349
V12,127.0,117.19177890014274
V12,144.0,125.97134631369521
V12,161.9,139.30437061787006
V12,139.3,106.0787626195343
V12,146.8,125.36502043557033
V12,107.9,103.03687718299372
V12,129.5,107.87674942350489
V12,140.6,88.7393794525506
V12,139.1,115.3558004805903
V12,118.4,110.71863306525525
V12,110.1,118.99489117719855
V12,117.1,123.18139868300133
V12,64.5,106.43472346581466
V12,104.2,105.98362371433207
V12,120.1,126.39748746601434
V12,131.6,124.07335471032333
V12,122.1,140.7101739363627
V12,149.0,139.99620222386608
V12,106.0,108.04991915287555
V12,132.6,109.43809982693693
V12,104.7,132.11064441947866
V12,176.2,175.51204718132567
V12,186.5,167.86429646975483
V12,118.9,109.7108216354491
V12,165.1,168.90149549874064
V12,172.2,164.94959633115323
V12,119.3,94.49229006900381
V12,160.3,164.59242031001452
V12,176.2,160.57953629034924
V12,122.3,118.81347435330721
V12,139.6,121.03707943795388
V12,106.2,76.96507152003328
V12,69.6,91.88940987691797
V12,112.5,87.84516330029189
V12,85.6,105.89514601935964
V12,151.2,159.25166728507625
V12,162.1,151.9162955091268
V12,153.9,130.93650707846422
V12,155.5,141.74101033849973
V12,153.1,164.57451597031454
V12,168.3,155.91619705247365
V12,124.9,139.240126082378
V12,148.6,136.713231652379
V12,121.5,105.11198098337012
V12,115.4,111.48669601411783
V12,155.7,131.53142124469557
V12,158.5,137.65991700138602
V12,190.3,185.26555346132622
V12,193.9,185.30048957003703
V12,179.7,161.91286645297112
V12,172.1,171.453702969223
V12,195.9,154.4366643007826
V12,149.0,169.94278260952845
V12,194.4,185.18694109093386
V12,194.2,185.583186621531
V12,210.7,179.86401318856764
V12,159.8,185.70462395505936
V12,194.4,166.15841637972994
V12,176.1,183.3952621692993
V12,153.7,127.45954811190913
V12,117.0,139.0113695103405
V12,203.3,185.04684168254153
V12,180.3,188.55878755157875
V12,194.7,188.39778434682512
V12,200.4,189.03016303202003
V12,222.1,194.65276101371913
V12,207.6,195.48071656328426
V12,181.1,152.28110242377912
V12,154.7,162.88044294416085
V12,182.7,158.91149775312687
V12,147.5,171.6611973776022
V12,205.1,192.0805492994309
V12,202.2,190.72811915074465
V12,210.4,186.66501138740824
V12,172.1,166.05043102052812
V12,171.9,170.21262036168994
V12,193.7,174.55226839886086
V12,182.7,184.41368717053058
V12,190.4,175.85411680986255
V12,193.0,179.29208029044682
V12,193.6,183.43329718092116
V12,157.3,186.1964596929632
V12,209.8,184.89255445986566
V12,161.1,191.37880346653859
V12,200.5,181.66563982675694
V12,180.3,185.25414014304857
V12,180.1,155.89815579529255
V12,119.8,163.7226165574754
V12,179.5,157.596340547262
V12,154.7,166.30431496886806
V12,214.4,191.48120969092983
V12,180.6,194.308416120572
V12,170.5,143.98762071315352
V12,137.9,158.67762245678406
V12,188.8,177.93132080863336
V12,175.1,178.2960468735556
V12,199.4,182.6683208543007
V12,197.9,184.77611815950794
V12,205.3,180.2525556094329
V12,142.6,186.07026726776206
V12,175.5,151.3000788380714
V12,160.2,163.97678564610442
V12,199.4,169.64271670149043
V12,183.9,184.90036611290404
V12,144.5,151.11693655636432
V12,161.9,140.36116794295842
V12,86.5,148.7867607761284
V12,183.5,172.82236701485928
V12,189.7,179.70635007336617
V12,185.4,176.28024323296205
V12,183.2,176.03134983875046
V12,179.1,178.97984892219074
V12,192.7,171.7631102330305
V12,200.4,180.60276268113137
V12,183.4,186.5133072087243
V12,203.1,185.76505377976108
V12,178.7,189.77497334474134
V12,189.6,149.18582804516683
V12,170.7,167.89801790738437
V12,187.9,160.43238777976276
V12,90.5,155.26864193725712
V12,204.7,185.69970523352873
V12,200.7,179.58390872671913
V12,93.5,141.76772569116835
V12,198.6,168.50881188080396
V12,178.9,184.34523892363012
V12,173.8,151.37538605698336
V12,136.7,155.0563390860731
V12,181.8,167.5960116346241
V12,150.5,174.30707665361027
V12,162.0,148.32052072154377
V12,193.6,171.58368432480742
V12,160.9,180.36700682572842
V12,184.0,176.4388302534895
V12,182.3,177.0527823332654
V12,201.5,180.36624080650586
V12,134.2,185.89616788559692
V12,178.9,169.1969119000113
V12,128.7,173.10684613212908
V12,180.9,154.9281183956567
V12,178.7,166.58010174883933
V12,210.9,178.86930878657756
V12,197.6,191.23952889323186
V12,199.9,178.94803311834164
V12,183.7,182.29681666347116
V12,179.4,175.84268338277155
V12,176.3,176.84634326815475
V12,205.9,177.73197545656575
V12,145.3,186.05781609646968
V12,190.3,169.3267141109332
V12,153.8,173.8175644868632
V12,199.1,178.55933230198696
V12,180.8,183.40154527474294
V12,202.2,182.6692103979606
V12,171.7,188.83017625601002
V12,194.9,152.17332988486316
V12,163.5,172.89716597802808
V12,207.0,169.3785755864622
V12,178.8,183.8380289868687
V12,183.3,145.0874661137306
V12,139.6,164.26491044801
V12,205.0,179.0832279604466
V12,170.6,187.62050423422707
V12,196.0,180.2812489272087
V12,209.4,174.17521932807472
V12,187.2,188.60664947168158
V12,173.9,160.14463242332437
V12,116.4,166.12952842720645
V12,193.6,160.0941067330397
V12,176.8,176.3117177448774
V12,218.6,173.06534511239886
V12,183.5,187.32403391093843
V12,199.3,184.3262134456422
V12,173.9,184.9622906094779
V12,41.4,90.31184525217247
V12,105.6,121.90967635189074
V12,82.2,98.6338783401927
V12,28.2,84.45597494223439
V12,110.0,112.35573376576608
V12,47.0,94.31461006581156
V12,68.3,87.9295424462992
V12,90.8,93.60315583554657
V12,48.2,80.18492907066982
V12,109.9,136.94158485013864
V12,106.0,92.65027105894728
V12,82.7,93.80316399694385
V12,224.4,184.16184901542863
V12,50.0,79.93786298287034
V12,109.6,92.32111322123328
V12,81.2,93.65674260278018
V12,148.2,121.64342448318344
V12,131.1,145.74060782078845
V12,158.2,136.9479836850083
V12,128.6,145.4908563331046
V12,162.0,136.6450293969436
V12,115.2,145.1334263658995
V12,156.9,137.14244219174788
V12,86.6,147.50175013687902
V12,167.9,136.48122793265551
V12,148.9,156.98479499687286
V12,193.0,148.19559945398635
V12,161.1,166.89454370343861
V12,159.7,120.67472513016001
V12,109.6,141.77778859430393
V12,126.4,145.97421970076275
V12,152.1,128.88717862449144
V12,127.1,137.78179750397075
V12,165.3,135.55418896516215
V12,145.2,148.90161940859414
V12,175.4,175.25099362956044
V12,153.1,176.50715100219182
V12,164.3,136.07077790618743
V12,130.9,148.3798782986345
V12,171.2,133.54060127165744
V12,165.6,153.7117630017055
V12,142.4,124.36694721565934
V12,133.4,132.1167700761943
V12,158.9,146.87801263712893
V12,136.1,157.2390739771791
V12,158.2,131.14396830939094
V12,127.6,154.7906334722937
V12,152.4,116.03151124752331
V12,125.8,136.51794923540152
V12,135.6,151.35368813050246
V12,136.2,152.07012425545759
V12,140.5,123.75723941206057
V12,76.1,124.71752230479288
V12,153.8,144.70026286574415
V12,124.4,154.0095354554292
V12,132.2,124.23685929668036
V12,96.7,129.87557469585806
V12,158.7,120.27221754222073
V12,125.3,140.02906761343988
V12,151.0,138.51314538577697
V12,140.9,147.17856882467123
V12,153.2,127.13416698515064
V12,117.5,140.2619449374948
V12,182.2,166.12356920886117
V12,166.3,181.21262031153142
V12,166.3,154.47476671846448
V12,152.2,158.45090462381765
V12,160.9,133.97466370267628
V12,139.9,152.97830975219782
V12,144.0,128.14321770722592
V12,124.3,138.08392804036208
V12,140.1,129.7358399058704
V12,158.6,137.8750156894643
V12,145.8,158.64814417166724
V12,161.9,120.00965191934695
V12,123.8,141.7885725626875
V12,150.5,123.36177389625243
V12,155.6,139.48484677637535
V12,154.2,138.3647084539586
V12,141.0,149.39373479167116
V12,164.8,125.43168862871
V12,152.4,144.3685783384999
V12,157.0,113.49908493306486
V12,122.2,133.45498318786406
V12,122.6,120.27851611037914
V12,131.2,125.87235304958006
V12,156.8,116.61363929497145
V12,132.9,135.71517363396538
V12,144.3,131.34509799328745
V12,119.3,138.5973651259334
V12,154.2,126.65540487468958
V12,140.3,137.56248902901726
V12,178.2,124.99474142231229
V12,176.0,150.37614108666494
V12,142.0,135.64274884813221
V12,153.4,144.08869641165057
V12,143.6,132.43625118582668
V12,93.5,139.60565066158358
V12,133.2,122.0592577188771
V12,154.4,143.7740955315508
V12,145.4,163.7258596030398
V12,166.3,138.79754638403023
V12,125.0,123.46180437171945
V12,123.2,110.73607753877286
V12,69.8,85.90428113080978
V12,173.6,150.8243524140967
V12,148.8,136.8364618987781
V12,173.4,150.1937610748781
V12,141.9,135.70871897518026
V12,147.0,124.93989947588253
V12,84.3,106.98837417128225
V12,162.1,132.99164965451553
V12,74.0,114.34189689485402
V12,158.7,123.93713301127549
V12,84.8,102.48244114295406
V12,45.0,80.6516044376979
V12,131.5,124.09433415649694
V12,60.0,94.93664472381104
V12,155.3,138.66573513646583
V12,132.7,115.18698878668746
V12,147.3,130.114925324117
V12,62.4,102.37006474755238
V12,156.5,159.4105865689194
V12,113.4,138.08395464477553
V12,160.8,143.9484552518958
V12,64.8,120.54025171008276
V12,169.9,131.8390327099668
V12,68.2,122.88638478484802
V12,112.2,114.09454006134149
V12,52.4,98.14165309626645
V12,155.0,149.25576785628925
V12,130.2,126.97520572352397
V12,159.8,152.0880170489533
V12,120.7,137.3243244021914
V12,123.5,118.80236372632174
V12,55.0,84.2976438080592
V12,124.6,111.09086404884113
V12,158.5,137.92047094404347
V12,157.9,112.51253418219922
V12,165.7,149.63916098929997
V12,164.7,184.30036654815348
V12,194.7,170.94517639164746
V12,175.6,156.04487632820155
V12,186.7,166.2165671171281
V12,140.5,124.93715108513562
V12,161.4,112.55150159058331
V12,153.8,134.7577068750556
V12,133.6,112.20078952225083
V12,154.6,141.17999783280433
V12,164.7,165.9899511521513
V12,189.8,165.26231483371024
V12,175.6,156.73977389041812
V12,169.2,166.2931282276897
V12,125.3,85.42987926903183
V12,167.9,152.69576559886937
V12,150.2,125.74093609627799
V12,141.3,151.30222553051212
V12,149.4,120.71761658626392
V12,158.3,142.94695228041343
V12,141.3,131.98283727126068
V12,125.2,131.50067778447763
V12,143.1,176.72487108529506
V12,179.5,161.82740029995435
V12,74.3,78.81923179413447
V12,175.8,179.3510935702484
V12,151.7,119.84236602686515
V12,150.3,149.97328485362112
V12,135.8,98.26333112911445
V12,152.2,124.05365989641076
V12,141.2,109.01480995524278
V12,161.7,143.84048872180327
V12,152.5,152.59838423622358
V12,168.6,159.01172856478507
V12,131.1,92.65376615153556
V12,96.1,119.5513458671617
V12,148.6,137.4548195472187
V12,177.4,145.14390304475458
V12,158.7,117.27742454352658
V12,158.9,141.49833079560912
V12,161.3,163.38494397237343
V12,180.9,167.25866975545216
V12,138.7,132.34708323182855
V12,158.0,143.8801469779725
V12,150.1,171.93718074092413
V12,180.3,165.75432406188025
V12,171.3,159.09443973860243
V12,134.0,118.61264318474534
V12,155.2,135.88367926520627
V12,158.0,147.07556526838638
V12,156.2,156.30275575703172
V12,177.9,163.13475500390456
V12,181.0,174.40588962524976
V12,176.4,139.40257897291696
V12,179.8,162.33618237234708
V12,178.1,158.6762594773985
V12,96.6,159.93632527384835
V12,171.5,165.52538433478182
V12,173.6,173.6140918829989
V12,92.2,162.40113134722543
V12,166.2,165.9247538620263
V12,170.1,157.98191262231842
V12,162.5,157.67964533785036
V12,154.2,152.88456342223822
V12,188.4,184.14361104745538
V12,112.1,175.97149935980468
V12,165.9,168.08848886277235
V12,81.7,158.13203554510136
V12,161.0,164.11438333418278
V12,191.8,163.45382683425296
V12,194.2,172.6791112766162
V12,118.0,173.19555001189056
V12,162.3,166.44569090888606
V12,165.9,159.6005201691146
V12,192.5,181.09862145470228
V12,100.6,180.13171090552584
V12,169.7,161.86014605803888
V12,134.2,158.5583245842771
V12,160.6,157.57486207098754
V12,152.7,153.95028749796725
V12,179.8,153.45294837619824
V12,178.9,164.086722989323
V12,153.1,165.883119036263
V12,169.2,174.7417987014167
V12,174.9,163.49642504965996
V12,166.7,174.17594858892494
V12,183.0,162.91946171739215
V12,191.6,171.42914791579005
V12,94.2,170.2443934918006
V12,183.3,176.4704998625602
V12,102.8,173.98159565544577
V12,158.1,169.55077297827074
V12,110.8,158.3647262608951
V12,158.2,160.03775812123922
V12,177.8,170.8933427497202
V12,184.0,166.03910270595924
V12,177.1,170.02380386623025
V12,167.4,164.47302154033744
V12,195.5,163.75758752392125
V12,182.4,169.20579576485036
V12,193.0,164.96486099196966
V12,175.4,170.8226323323449
V12,168.0,167.03390001457677
V12,184.2,164.73713945087866
V12,186.6,162.03821329840932
V12,179.3,170.14323731702297
V12,86.5,164.90567423657487
V12,163.4,162.74237721206873
V12,182.9,139.2240117783715
V12,160.8,155.07156820125013
V12,196.5,165.49331536062283
V12,168.2,174.76597724092855
V12,200.8,181.97794527961855
V12,117.3,177.1536167072438
V12,167.8,163.03451224759442
V12,100.5,156.79070509780024
V12,158.4,168.39513527627167
V12,182.8,158.73767961758116
V12,41.8,69.63169529449324
V12,102.3,84.38691077640999
V12,54.6,95.66478956552889
V12,93.3,84.20653079474594
V12,68.3,77.32220663124596
V12,131.3,90.21682298652055
V12,113.1,112.40747311748403
V12,83.8,91.84523625901318
V12,78.1,90.97609669922522
V12,127.4,154.56005852124594
V12,159.3,152.02851686436816
V12,173.2,163.13623314127375
V12,142.0,173.95866512595774
V12,111.1,85.0605017906199
V12,85.2,81.10892755015288
V12,92.4,96.60013011220155
V12,75.0,90.99514124554909
V12,115.9,101.67162853411125
V12,89.9,96.04827603729692
V12,93.6,90.03974853006056
V12,111.9,95.21533812453801
V12,114.5,100.36039816832981
V12,110.2,121.0854842785402
V12,123.9,94.30703596221757
V12,94.5,92.85123143637811
V12,102.3,96.75524771124799
V12,86.0,86.1248777834191
V12,69.1,76.53743588978148
V12,119.0,128.5535295931476
V12,96.6,93.27510984563074
V12,120.7,104.57654347003358
V12,80.9,100.4800154831512
V12,114.1,93.76174364849533
V12,116.5,108.90765325768143
V12,101.7,86.99170991032284
V12,100.5,86.44632494151162
V12,107.8,89.87007882449089
V12,83.6,98.70262086645005
V12,128.8,96.43632522870038
V12,103.2,112.42392072614916
V12,98.6,110.20916627777278
V12,95.2,90.52926746413593
V12,114.6,99.71765089571304
V12,111.6,101.27951850235767
V12,93.8,99.48524307424168
V12,178.0,182.56364792215982
V12,194.5,181.12862871076933
V12,193.7,189.2178373477946
V12,113.9,114.05709953927102
V12,100.3,90.71971877307476
V12,94.7,122.95906267307005
V12,117.4,90.51367863379164
V12,103.8,101.61569485134287
V12,131.4,106.05615989230294
V12,130.2,121.26167309112424
V12,81.3,75.1255281739412
V12,101.6,83.3283893808937
V12,94.3,95.65023724364187
V12,142.5,138.22232378071237
V12,65.2,133.70353842915534
V12,145.0,163.87487082771293
V12,107.6,152.64513981238895
V12,150.2,157.5756002889835
V12,178.8,139.31861791024892
V12,70.0,152.05920534398908
V12,162.4,150.85729489208967
V12,137.5,140.2105971648372
V12,137.3,118.9843136945958
V12,148.1,147.08718353201218
V12,108.0,144.13067998256872
V12,170.8,147.54639845625525
V12,78.9,147.15826594404322
V12,166.3,151.9814907162707
V12,120.0,155.37609754506093
V12,165.8,136.58020675179543
V12,104.4,137.68463354574033
V12,64.7,128.5444829364554
V12,130.4,154.84641927517356
V12,139.3,135.08475232185253
V12,164.0,146.31086830920964
V12,150.0,119.51516511169098
V12,146.6,155.94086205749275
V12,101.5,152.87314962371786
V12,124.2,140.14913423238647
V12,185.2,156.64415188181772
V12,84.0,143.1898836134952
V12,179.2,155.31335836370943
V12,139.1,151.13975463183252
V12,171.2,159.40695677983143
V12,127.4,154.98002625578147
V12,85.2,150.87285120847028
V12,184.0,161.1471696314894
V12,119.9,165.91971267121428
V12,69.9,128.1006642690241
V12,52.6,111.07795967431906
V12,180.0,150.2039688213548
V12,101.5,153.9209601775792
V12,113.0,155.62837101494694
V12,103.3,141.96988274634018
V12,91.2,153.54820382042723
V12,126.6,133.33103604962594
V12,155.1,138.07945614652962
V12,139.1,135.26334461780525
V12,159.1,153.8339732133279
V12,93.5,151.58561427994965
V12,177.8,147.33820912325498
V12,139.5,118.74182093486624
V12,127.1,105.56230598882748
V12,214.1,198.64486076341228
V12,235.6,203.78237634941422
V12,230.0,202.45806996310398
V12,150.4,163.89490368659952
V12,160.0,157.8172370236844
V12,122.9,121.5687000810148
V12,175.6,171.5856283750872
V12,186.2,173.37180866600022
V12,168.8,171.96356685192097
V12,124.3,136.4215767024633
V12,124.3,144.94829302068737
V12,172.9,175.99695321766237
V12,135.3,172.1969162456163
V12,167.1,168.02766176851208
V12,181.0,161.81954389042224
V12,149.4,150.30521927384075
V12,135.3,151.62451317656772
V12,185.1,184.04204668775094
V12,201.1,181.2716517851021
V12,154.5,170.71413356249656
V12,178.3,162.40325199672043
V12,196.9,187.30400546469093
V12,195.2,186.51600918458115
V12,199.9,190.80275569074382
V12,177.8,190.6201946717509
V12,165.1,161.73198299670554
V12,117.7,156.9962103430566
V12,182.9,179.82034363113445
V12,167.8,171.5070883674752
V12,169.0,166.75685280231255
V12,192.5,187.53991632535246
V12,180.1,185.98110686567432
V12,207.8,184.5332881417518
V12,202.5,195.00679255641722
V12,185.2,182.7010923444196
V12,187.8,188.14430538141477
V12,195.5,183.32501945524902
V12,203.5,184.00588084809607
V12,160.5,167.4151339725486
V12,182.3,159.29426193193802
V12,180.8,184.59720764291504
V12,169.3,180.486898579
V12,142.3,162.12457780191562
V12,141.0,155.61322314437749
V12,182.5,175.23658301651642
V12,182.3,181.1399495293829
V12,167.0,170.12397865861305
V12,166.2,164.16393092382984
V12,162.7,167.2137216970973
V12,176.7,165.18572589421893
V12,210.0,185.91321815397885
V12,214.0,195.54704186997424
V12,149.1,147.59159761087244
V12,123.6,150.65669672693951
V12,146.8,145.586198370012
V12,115.4,148.62483753983065
V12,171.8,174.44578131151886
V12,161.7,167.8639485321678
V12,153.8,153.32322395024818
V12,149.1,154.15568936542024
V12,161.6,152.90228958076202
V12,144.9,152.68857525023552
V12,159.1,144.8377088550471
V12,126.0,153.9391955596491
V12,197.3,181.79163651809787
V12,157.5,156.83339703995227
V12,182.9,159.27815120232867
V12,168.7,159.74683462454917
V12,159.6,156.5695138340658
V12,163.1,174.68626919854407
V12,158.0,165.93438698764325
V12,182.3,170.44548365117313
V12,154.4,171.5406383387383
V12,182.9,173.08739256962514
V12,167.4,174.17125417491044
V12,200.0,185.48105230473286
V12,174.5,182.47393678137024
V12,145.3,161.38100376858964
V12,161.0,158.6335749863971
V12,149.6,169.2811076160055
V12,159.5,156.78096501762224
V12,134.6,130.50066275346018
V12,150.7,136.0495538023589
V12,191.5,172.392687987219
V12,189.6,182.66533786838158
V12,148.8,163.4485177560522
V12,179.7,157.50754783235567
V12,187.2,184.2204787211133
V12,186.4,190.68141649031077
V12,155.6,148.5379070834916
V12,132.1,142.56030356265188
V12,182.3,175.4446611909183
V12,177.5,174.4728433518067
V12,158.6,169.16836440350653
V12,155.3,166.53642038497034
V12,133.0,144.57785875428772
V12,156.4,143.61638534726228
V12,165.1,164.56054465492969
V12,183.0,170.37402347401758
V12,143.4,174.49420981152815
V12,167.1,154.55169301785986
V12,113.4,155.35481894143558
V12,147.1,169.01247730109725
V12,166.7,159.31999738741905
V12,140.0,165.81635740868458
V12,177.9,159.89160418640375
V12,192.4,181.4157651653791
V12,197.7,188.996387782913
V12,132.6,161.08199270754272
V12,153.0,153.19399369525829
V12,164.4,172.42380905626288
V12,157.4,168.83042857785225
V12,172.4,177.6548085402315
V12,179.4,172.7965957561814
V12,162.4,166.02827348772195
V12,140.8,161.1120108870913
V12,179.7,172.27966054475124
V12,143.2,169.80280218931313
V12,176.1,167.39778905211932
V12,148.6,167.6785759467229
V12,157.0,160.89257551825938
V12,128.6,151.16490062861646
R1,185.2,139.4265364597604
R1,174.0,141.5764186964499
R1,186.9,168.18113135932248
R1,146.9,139.7151476910454
R1,180.3,164.1471914291368
R1,129.7,125.12437208327783
R1,153.2,153.8783689863735
R1,85.4,107.33170599170423
R1,165.0,126.75899773656315
R1,88.5,106.99549160587856
R1,172.0,162.15604585862536
R1,96.0,121.18867808727482
R1,87.4,98.86615361828436
R1,174.9,168.63505825009264
R1,95.0,127.02734218440719
R1,141.8,124.71889273948571
R1,114.2,102.21429539845555
R1,133.0,141.59904024497666
R1,116.0,108.02773635429202
R1,175.5,167.49384012133845
R1,129.5,123.25031867729545
R1,167.1,167.5399290504958
R1,140.9,151.09238792897474
R1,113.2,103.53219406261005
R1,135.6,119.51249794615622
R1,65.6,78.5393436979386
R1,159.8,161.88250267453492
R1,153.6,136.73960043603836
R1,166.5,144.24332100056827
R1,175.2,133.8241149526264
R1,164.3,158.65662620181507
R1,103.2,107.97967122528398
R1,155.6,161.14215518825443
R1,95.5,114.38511623531465
R1,171.9,170.1861249939173
R1,112.1,125.10374961755869
R1,182.3,170.6048787462064
R1,114.1,128.50039194262843
R1,201.2,182.6456309755382
R1,114.9,138.48435282782472
R1,141.3,144.39326001260685
R1,91.4,94.27056611831884
R1,174.2,162.40189467754587
R1,107.0,116.59954742182775
R1,183.7,149.494560865696
R1,129.2,144.04589792711343
R1,177.0,156.2836931898711
R1,102.2,116.54351281535963
R1,102.9,133.09074058438614
R1,141.6,104.57918768360284
R1,149.4,118.58449458858395
R1,114.8,88.61269833509695
R1,170.2,163.87436555758694
R1,113.5,123.81043682913545
R1,167.9,151.56186685581676
R1,118.9,118.67471619540596
R1,184.4,188.37763538307934
R1,189.9,180.34616370757783
R1,177.5,180.14880055373612
R1,191.0,162.00989919453278
R1,178.6,182.65785784468778
R1,180.3,161.38859973399914
R1,183.0,194.17046671604135
R1,194.2,184.1963233632384
R1,189.2,180.84892049488454
R1,199.5,166.72300095624885
R1,191.5,189.67190959168596
R1,201.5,181.46361846253166
R1,192.3,182.19500439204052
R1,178.0,166.83238281605855
R1,191.9,183.7242353282819
R1,185.5,164.38940024478535
R1,191.2,185.96750372241172
R1,193.6,184.66794563839147
R1,186.0,183.020410508937
R1,192.2,184.96441181264885
R1,190.0,177.27696662451496
R1,192.2,182.25382961740956
R1,199.7,184.7251149616858
R1,164.6,173.72935648331094
R1,185.6,158.94001529565077
R1,189.5,179.3111557962045
R1,191.7,162.2458924535583
R1,188.2,185.63062997207157
R1,204.2,181.64678165020638
R1,185.9,186.2806795720436
R1,191.3,174.94523063533933
R1,186.7,180.97452537350108
R1,212.3,175.38344588241935
R1,156.3,178.38530706994078
R1,202.5,163.58484929649168
R1,148.4,138.62594735252688
R1,146.6,157.7527577867442
R1,138.1,151.39094852548138
R1,79.4,83.4828509845144
R1,94.5,114.94405086680746
R1,81.3,84.22853450327725
R1,152.0,149.2070464971058
R1,139.3,134.9629606344543
R1,194.7,165.5314250435991
R1,186.9,174.62889555962715
R1,114.8,148.35646009837208
R1,131.6,126.70019529661113
R1,187.8,156.00462899553804
R1,114.1,138.90163972918907
R1,88.6,90.95406028660861
R1,59.9,69.50452525945754
R1,169.5,186.9529061391899
R1,189.4,177.5238865804227
R1,194.5,181.4013650634816
R1,179.6,159.7094198549082
R1,191.6,169.81845895451812
R1,177.7,157.72161262554147
R1,185.5,181.2248070621378
R1,165.2,151.85799934276488
R1,180.6,189.81974945639897
R1,177.4,162.7797648733123
R1,171.3,153.33344470133304
R1,132.3,137.37712005846888
R1,168.9,155.90051575986564
R1,71.5,109.48888616023358
R1,178.2,172.9448283211735
R1,138.3,153.0389775121028
R1,172.7,147.364210772935
R1,168.5,188.93630987572058
R1,182.1,158.00592332831854
R1,166.7,172.38754941048248
R1,128.3,145.48224547848872
R1,187.9,179.98477594080893
R1,169.5,154.97554728938943
R1,81.7,100.82262570166287
R1,44.7,67.22157365001128
R1,131.0,120.14356000102978
R1,130.6,93.41615839794854
R1,179.5,191.77803479478496
R1,181.5,160.86495375600288
R1,185.7,192.01962023619342
R1,194.5,195.94655750751218
R1,212.7,196.05841499285188
R1,212.8,196.43538592898653
R1,192.4,195.66705342700223
R1,177.5,191.90610481654372
R1,223.5,208.3987437614001
R1,240.8,206.62337856496413
R1,197.4,175.85904111815077
R1,229.5,206.7590488484451
R1,239.2,211.59344413769279
R1,215.8,208.00595403119817
R1,218.2,208.98970883350836
R1,216.8,212.83549716124043
R1,204.6,213.1047383688409
R1,208.0,194.0936822058337
R1,178.3,193.15400040006315
R1,173.0,172.99929373959694
R1,156.6,187.9223776680466
R1,197.6,171.67320496709442
R1,227.6,201.62364395695062
R1,194.3,205.7331788379721
R1,198.2,183.1310150295615
R1,206.6,207.69963714194392
R1,226.3,193.5987037862052
R1,222.8,208.6243386156942
R1,211.6,212.3253622761375
R1,225.3,199.5762605523138
R1,208.5,214.49850247259252
R1,222.6,199.56960004970423
R1,184.8,189.86703523553211
R1,185.4,177.23226629183787
R1,186.0,208.31646533891978
R1,217.5,186.54675692466054
R1,223.3,204.65260906665878
R1,173.7,170.60762207408146
R1,170.6,160.08308944990583
R1,201.2,201.6770233217997
R1,208.4,195.85677260527075
R1,203.6,200.61126379679982
R1,229.1,197.27154804548843
R1,204.2,206.63752090303677
R1,228.2,204.0902974838816
R1,229.7,207.27718162634977
R1,223.5,206.1196922878559
R1,216.5,201.31448179024386
R1,213.8,193.3704780017505
R1,165.2,165.4888910297706
R1,194.2,165.43702337172743
R1,191.8,204.1580600511296
R1,155.7,162.9162523618004
R1,156.7,153.31104072448304
R1,201.9,192.12216635177475
R1,193.7,193.6471951011403
R1,211.2,197.05197152943495
R1,212.2,198.5477421092337
R1,209.1,201.0380701659393
R1,233.7,200.58901284961638
R1,207.5,200.37471932142978
R1,206.2,206.4551312720988
R1,219.0,209.13528968738387
R1,238.2,207.49710220701917
R1,192.9,166.76514230849028
R1,164.7,169.69615082552605
R1,199.7,208.2912900017638
R1,225.0,197.31392795961455
R1,186.3,195.974967773917
R1,194.5,177.3019197223221
R1,207.7,207.25018886741526
R1,220.1,207.51351061679827
R1,231.4,197.81985816192164
R1,211.1,210.6170906819072
R1,234.5,206.0107990108489
R1,224.2,207.70000060619589
R1,223.3,210.01391600228004
R1,246.7,202.93258605707553
R1,225.3,214.75918388682513
R1,243.8,203.54792306142716
R1,199.3,207.58371255043164
R1,206.4,195.83170977997733
R1,189.3,198.52683534839076
R1,199.9,184.7068484960202
R1,157.8,192.15043186092703
R1,183.1,167.19176754136305
R1,208.1,201.66888747686608
R1,174.9,171.4572420166192
R1,214.4,207.03854753825016
R1,241.7,207.02589361039816
R1,226.6,207.09032257044842
R1,154.0,155.04488048424568
R1,182.5,168.11876223303716
R1,202.6,209.20479784241377
R1,205.0,194.96733776283602
R1,200.2,209.55356095926533
R1,228.5,207.4809411379651
R1,220.5,213.27370205347898
R1,216.8,207.5492357961798
R1,235.1,204.3976383619733
R1,220.0,208.07794353208652
R1,218.4,205.75967122732084
R1,165.2,148.12139064811393
R1,223.2,213.37531870832973
R1,241.1,203.71643901833065
R1,161.7,177.37619328185917
R1,181.0,165.32680234350818
R1,213.7,205.54080833738013
R1,161.7,148.84616535056037
R1,172.8,167.57225265694277
R1,218.9,204.69427915226913
R1,174.0,176.08131469210943
R1,188.0,174.86425662147866
R1,170.3,184.18306374578154
R1,221.1,213.1953069247965
R1,248.2,208.82246110350496
R1,188.8,192.3521932926949
R1,196.3,196.28947927444875
R1,200.7,197.0769542067779
R1,196.6,211.54447634318245
R1,234.1,210.87970631873566
R1,225.3,210.27805866545452
R1,217.0,202.1917471754474
R1,220.4,201.17184427160015
R1,222.0,206.16813970905295
R1,235.3,203.0456778242471
R1,142.3,153.7090256796338
R1,204.2,207.28505265833488
R1,218.0,193.20285908152954
R1,184.1,191.1568151861889
R1,183.2,183.29666004767424
R1,178.6,180.1975223595769
R1,191.2,174.82912578535905
R1,185.1,190.804478302031
R1,181.9,177.70081455185993
R1,171.0,186.6669363094621
R1,175.7,176.8144309925624
R1,201.3,204.57171292293333
R1,230.2,201.10851019872473
R1,195.2,196.71376719330866
R1,194.2,187.008018294414
R1,170.3,165.9667747821361
R1,144.9,155.63426549330546
R1,190.4,194.2446388686344
R1,210.9,192.0570999047503
R1,223.2,208.2422975284564
R1,202.8,189.01244518876737
R1,196.8,178.9565750263954
R1,190.4,185.8444143657746
R1,194.0,175.61101123615651
R1,195.0,194.84171263795696
R1,198.7,179.63361209104232
R1,222.2,204.86898266576156
R1,229.7,204.68010122747447
R1,200.3,193.42478117987426
R1,207.2,202.12660960971925
R1,209.9,193.95856433617996
R1,188.9,186.1769157840841
R1,172.9,158.67775091845868
R1,194.3,200.42945443937776
R1,186.3,188.50943919686964
R1,234.4,207.71653399052497
R1,213.2,192.34179128041706
R1,213.9,204.69279889358398
R1,195.5,196.45721417156437
R1,189.1,164.79581949956085
R1,183.2,152.4215175834116
R1,221.9,202.93894236643996
R1,219.5,188.83141353257813
R1,191.4,192.62467536155887
R1,194.8,183.5868221544019
R1,181.7,185.27125164715937
R1,179.3,173.8006629031811
R1,208.0,192.2082792397522
R1,205.3,186.64527023575246
R1,198.4,186.31621674114754
R1,196.3,173.62611390248986
R1,202.5,200.31510075760022
R1,199.0,192.2956437202522
R1,219.2,199.59589069128094
R1,205.8,187.73117604109947
R1,206.0,187.172198890367
R1,206.9,188.34114204203513
R1,197.1,185.97777378119886
R1,188.3,183.5175605197689
R1,167.3,164.35818598893877
R1,222.0,202.11160198683092
R1,207.3,194.6296266766608
R1,197.4,195.0073571906358
R1,215.6,207.5389335632168
R1,214.5,191.32836744540313
R1,211.7,189.6044491054463
R1,188.4,182.54587692218186
R1,200.1,188.1851381463108
R1,198.7,188.06699160544184
R1,173.8,182.00238762145332
R1,182.9,184.99112137155169
R1,169.7,154.55000115302576
R1,191.9,185.1906343002764
R1,181.9,163.17190494536277
R1,224.4,191.79259989119168
R1,197.2,185.57561510369877
R1,202.0,202.6403380488083
R1,207.1,191.55908674609714
R1,198.0,191.89788312197433
R1,184.1,182.87880774266608
R1,182.4,168.4427113249076
R1,181.2,165.83869150087935
R1,195.9,187.09383344105507
R1,177.4,181.1758170945703
R1,184.8,168.007579066653
R1,207.6,199.1948836446693
R1,220.7,191.67317797381733
R1,191.1,172.2956818793013
R1,196.9,191.09941112799396
R1,173.4,178.71250753266645
R1,202.0,193.84695505594306
R1,182.4,183.04985606194734
R1,182.6,176.78315954099077
R1,191.7,158.69196301691832
R1,220.4,203.50629718961613
R1,200.0,201.17712809781608
R1,199.3,190.70331823320709
R1,219.3,198.86258320037362
R1,201.1,193.13576223416044
R1,195.3,189.12640072209848
R1,180.4,180.46202726302812
R1,139.6,141.51484906205394
R1,191.8,188.4537881459259
R1,163.9,176.44155675106958
R1,201.7,191.74742433543844
R1,198.8,195.42112684080269
R1,203.1,189.34218740593082
R1,197.1,185.16421481405723
R1,174.0,183.52195651762582
R1,202.3,200.6590824185107
R1,190.6,189.47473145981704
R1,193.2,192.7547332209009
R1,204.8,185.28902476177257
R1,180.9,178.3666783325239
R1,175.3,160.74213608931765
R1,221.5,200.8323950296052
R1,213.3,191.72750399612434
R1,184.1,180.02518460115004
R1,181.4,166.39155749278225
R1,192.6,194.0201471369943
R1,185.1,166.858189720342
R1,200.6,197.66889792802567
R1,207.2,182.7200068575371
R1,189.0,180.92488537202524
R1,162.3,168.8867373660213
R1,182.8,173.534398440344
R1,191.0,168.15291473557028
R1,199.2,197.77336908687255
R1,201.4,185.9325960319086
R1,181.0,182.3479503397027
R1,222.4,200.73760795617562
R1,220.0,202.61080776277004
R1,208.8,204.83916621935225
R1,218.6,194.08093684408038
R1,221.8,199.51677774562526
R1,200.3,191.03733679344407
R1,186.4,195.44468475816504
R1,191.7,180.43163500984102
R1,198.8,191.98809733974898
R1,193.4,182.23479368955105
R1,206.8,193.10784401486984
R1,175.7,181.5639534408644
R1,194.8,185.88807973325592
R1,194.2,192.31438919198231
R1,206.0,185.8859019045551
R1,205.6,199.30967738666044
R1,201.1,186.90418835737734
R1,197.7,195.63795917060344
R1,181.9,184.92809755895115
R1,175.1,172.93234049888662
R1,183.9,194.76513305679956
R1,216.3,181.87907215121902
R1,172.8,168.33098483532675
R1,197.6,201.28609008326077
R1,224.2,197.25051616706736
R1,199.7,200.04598463221367
R1,238.6,191.1874570699104
R1,226.5,203.86250782578014
R1,217.6,196.5478205884641
R1,199.9,203.19768243378437
R1,205.9,187.2252524707153
R1,190.7,201.03162308959205
R1,220.8,189.85550082466415
R1,212.0,200.64764969370435
R1,183.1,203.56174504283626
R1,209.8,188.1866592598072
R1,201.6,202.17638749290495
R1,228.8,193.4207527154399
R1,196.7,202.98078854889184
R1,240.9,198.4446737496806
R1,205.7,199.4800903839416
R1,236.2,197.50044332403408
R1,211.7,204.858998938099
R1,207.1,193.43759333672315
R1,198.9,202.26658491990963
R1,206.5,182.8729597414243
R1,203.9,198.84183790584666
R1,176.1,173.6376575492861
R1,201.1,200.4078003909092
R1,220.2,191.3469805538367
R1,198.0,200.0354745467564
R1,235.9,198.89826331314654
R1,187.9,208.0550237587414
R1,214.2,197.0856593190566
R1,210.9,197.5370083202966
R1,179.8,163.82435301136667
R1,194.9,170.04363862813193
R1,205.3,169.31023734344058
R1,172.2,174.8387379423496
R1,198.9,204.19818743989708
R1,219.5,195.89546589290728
R1,207.9,194.63160364638233
R1,221.8,197.12073043219132
R1,201.3,197.40941250588608
R1,160.8,163.49777517744795
R1,199.5,201.1043552300966
R1,221.7,194.75994494372102
R1,205.9,200.63936500968813
R1,201.2,188.44667390373664
R1,191.8,199.2082079812127
R1,210.1,181.2563166633833
R1,210.5,205.98302484692744
R1,204.9,192.70586914823434
R1,211.0,205.5571431679317
R1,231.0,203.64878774578835
R1,208.0,205.30182823194147
R1,223.1,198.8049170412313
R1,212.9,203.81830374654962
R1,215.5,204.04533963041465
R1,212.3,190.6008739911826
R1,204.9,204.65160434491065
R1,203.1,184.58719956381182
R1,213.3,202.16718641925235
R1,190.3,191.80169187841074
R1,195.1,179.35722551449712
R1,213.7,187.49502641064026
R1,183.9,201.8456060952402
R1,212.5,175.53283011622005
R1,205.8,199.46782698581987
R1,205.7,184.13904766238912
R1,198.0,206.9382295741699
R1,221.5,195.3086297498116
R1,213.5,198.73642214902682
R1,219.2,194.2996851714804
R1,189.6,193.92094097432232
R1,227.5,192.4197486611431
R1,218.0,208.13968600933106
R1,195.1,185.03577294718673
R1,203.7,180.0321314222438
R1,203.1,194.84446741264816
R1,223.1,192.10455854680004
R1,190.7,198.8959123674868
R1,233.3,192.84105775483988
R1,211.6,188.62066336286415
R1,203.7,184.79237891055723
R1,223.3,188.52263335718362
R1,179.5,199.84607012557873
R1,230.1,189.03622359072375
R1,173.9,165.33174369165323
R1,200.2,202.36167265384148
R1,198.8,180.76738344321652
R1,202.0,186.22196593910522
R1,214.9,202.5986466737058
R1,222.9,197.2273662626541
R1,203.7,191.9679779446934
R1,218.1,189.53436346857785
R1,216.3,207.06133788885813
R1,222.2,198.17373776380464
R1,204.3,202.8703470329545
R1,210.9,199.26322318223993
R1,171.8,202.0346905286114
R1,212.8,179.43223002957515
R1,165.4,194.29638110938248
R1,192.0,180.21874431186342
R1,181.1,172.76278217872846
R1,191.7,169.4421394519605
R1,206.2,198.87602474505857
R1,215.8,200.19154654165624
R1,211.9,197.81178231425196
R1,220.4,200.29212812660117
R1,212.7,207.98330973050236
R1,199.0,182.10319421707226
R1,203.7,201.52136205748582
R1,206.6,194.4707582244382
R1,209.1,195.7836632831695
R1,211.7,198.5784656989129
R1,182.3,178.41302590227696
R1,205.7,201.50422552594833
R1,195.6,192.73239880916995
R1,218.1,201.64343325615755
R1,203.0,189.06736038848697
R1,206.4,197.1308885244073
R1,218.0,191.92231168877174
R1,198.5,202.974303270514
R1,204.9,201.07941567601773
R1,223.0,191.064358897643
R1,199.1,206.81236972370627
R1,229.1,192.49125814332297
R1,210.1,201.89820909903221
R1,234.2,203.76814593362116
R1,196.0,209.22351888155026
R1,211.4,209.41377321047662
R1,211.4,200.87909639874965
R1,215.5,190.078048485944
R1,197.4,197.5494391973944
R1,192.9,184.24708678931052
R1,192.7,180.9108541305872
R1,217.0,181.52571008794996
R1,189.3,171.58615147746377
R1,202.9,186.99928649846018
R1,199.2,180.504368541855
R1,188.3,191.0113082232243
R1,212.8,202.7223976681625
R1,211.6,195.24662620117283
R1,211.3,201.75696702468036
R1,182.6,180.10033157534085
R1,195.3,200.11533186208865
R1,212.1,184.1232736903963
R1,168.3,204.87861932945316
R1,206.4,187.36374909747076
R1,187.6,200.2201852004857
R1,198.6,179.29821848356826
R1,202.5,204.2277044236306
R1,96.7,88.0654075623581
R1,127.9,102.02467992682799
R1,183.2,166.77695732628
R1,195.9,176.53974868856318
R1,125.8,162.87526166413107
R1,116.0,86.47166861332616
R1,114.0,103.80753932674436
R1,188.6,194.73584658050447
R1,202.0,189.68191685329455
R1,97.0,113.89352927417971
R1,115.7,99.25408576195389
R1,110.1,136.16622955115534
R1,162.6,117.17224315324736
R1,92.2,84.62072224125218
R1,118.5,89.65976919243391
R1,112.7,130.985927438972
R1,69.5,151.93970812149462
R1,114.7,116.50423303086257
R1,91.8,95.51228809804671
R1,128.9,102.79211515986717
R1,110.9,123.05256579424119
R1,111.7,91.28386191213164
R1,104.9,135.848831321242
R1,133.0,111.80127903069149
R1,131.8,106.34146714311008
R1,175.5,143.1136473562262
R1,157.3,182.051919259161
R1,149.9,167.36797745365755
R1,98.9,90.08805734281671
R1,89.2,93.80865823887245
R1,179.0,132.1086398330463
R1,124.4,166.71599085613116
R1,157.9,141.26859924161607
R1,57.6,109.12394264154442
R1,73.9,81.46715975717811
R1,63.5,115.58403153681445
R1,78.3,86.65320035210902
R1,150.4,184.527737491476
R1,227.0,164.21878904402396
R1,203.7,189.04640740974597
R1,157.2,188.84179028907977
R1,70.8,101.5319332496437
R1,184.5,180.91798492282047
R1,195.4,184.07676729301377
R1,170.5,162.39292624165608
R1,185.3,154.12453100129036
R1,136.0,159.66457626422613
R1,168.4,125.07526595414333
R1,139.8,182.21915757393373
R1,94.8,84.61691867582013
R1,105.6,80.19004176938398
R1,65.9,114.58632915759182
R1,161.4,121.74223468234781
R1,186.4,159.4570729807774
R1,93.7,104.7836053384996
R1,133.0,114.79717072329647
R1,133.4,105.45103993380476
R1,90.6,112.06408058054565
R1,135.7,98.33229154230315
R1,135.8,161.5869074066122
R1,211.1,197.43488314632998
R1,165.0,198.26554573266424
R1,137.0,98.03355008885849
R1,155.9,132.6615288133165
R1,61.5,126.20605867264042
R1,80.5,103.62121047530218
R1,111.1,89.18088527121279
R1,83.8,115.10104492393492
R1,149.1,109.79898523598015
R1,191.5,178.04273689084795
R1,86.7,84.35072070464936
R1,98.6,86.53192354977485
R1,101.1,99.7949894079322
R1,181.2,188.68705988111853
R1,160.0,178.02138883423964
R1,104.1,105.63201209080071
R1,81.4,81.32262101239917
R1,186.7,166.69560901124382
R1,172.2,153.73931835323526
R1,141.9,109.57711173705658
R1,143.5,166.0527111591963
R1,148.7,153.43418036968052
R1,71.3,108.68573890562612
R1,103.2,124.42675794132265
R1,116.9,100.9819413914686
R1,132.1,153.1910781328585
R1,151.7,113.91965074048332
R1,181.1,194.82582324883973
R1,137.9,140.41831010706167
R1,176.9,157.1694813675602
R1,97.9,137.8142039922407
R1,112.9,103.53300544785814
R1,90.9,147.78412015521823
R1,150.0,180.94118688449734
R1,189.0,175.08340139271732
R1,120.5,124.18427916289014
R1,82.8,83.0328674898949
R1,97.8,129.27182921354571
R1,163.1,141.81337279559247
R1,75.7,117.10487328044485
R1,78.5,87.28526408099916
R1,101.3,89.39168667502788
R1,107.2,85.87563441919838
R1,204.0,190.22817420512115
R1,188.8,174.03563714169053
R1,193.7,171.54420583830762
R1,196.7,160.53771189264404
R1,196.8,181.06389278831043
R1,197.6,178.00235497001233
R1,197.9,167.61851614533666
R1,174.8,181.4361701233299
R1,194.9,183.08610477458666
R1,170.3,180.55145798251522
R1,187.3,166.49680637646262
R1,189.5,183.41208890253006
R1,166.1,169.477811638939
R1,140.7,148.77370955814308
R1,181.0,180.5091247083063
R1,190.6,166.28369592299262
R1,184.3,162.7510499403221
R1,168.2,173.14892695822545
R1,164.9,149.54217434468745
R1,195.8,179.3084854046405
R1,173.6,192.54039508538222
R1,181.1,175.0611843799141
R1,164.6,164.19947540596306
R1,166.2,161.26432636125793
R1,127.9,130.9618203564341
R1,201.0,181.50839766851968
R1,198.2,175.72210584481874
R1,129.0,158.91588860613047
R1,181.9,183.64001012375053
R1,188.5,165.2042056765848
R1,125.7,126.91784769502534
R1,188.4,196.30809602836246
R1,177.0,173.99664574413268
R1,153.9,155.16782813055897
R1,180.0,187.92269780731786
R1,183.9,155.26782087536682
R1,202.5,180.8148963671685
R1,140.3,157.32465670053688
R1,196.2,193.724769428591
R1,157.3,162.69722297069157
R1,181.7,182.18278445518678
R1,191.6,156.69440321399782
R1,200.2,181.22736668477887
R1,186.1,166.661303600232
R1,208.9,189.98846685550194
R1,196.7,172.76584472751193
R1,136.2,158.87122097847148
R1,216.9,196.85754421368836
R1,180.5,177.74377408544817
R1,159.3,146.49451849181693
R1,172.9,148.33376512838115
R1,142.2,148.76919872138794
R1,153.5,128.21736109823183
R1,187.7,165.01328162448252
R1,182.1,169.40835090033895
R1,182.8,170.01961229860157
R1,178.0,179.15411404050974
R1,192.6,160.09532607546484
R1,179.8,163.21582331461653
R1,196.9,171.6248237466321
R1,175.1,172.9375803413202
R1,181.6,149.67965820090797
R1,185.3,183.7561559643074
R1,192.0,165.7675845429126
R1,126.5,128.07109745391637
R1,160.6,129.43724997641536
R1,182.2,165.034694122312
R1,180.6,158.0309455930483
R1,164.5,137.1737107113756
R1,168.3,135.5745111431333
R1,129.8,136.15388397632395
R1,137.9,124.83273953506448
R1,172.4,181.330751589428
R1,188.7,164.53717025221508
R1,158.0,138.83278016297973
R1,183.4,151.30557135801322
R1,181.4,170.3465010898495
R1,197.4,160.73227480981475
R1,130.9,116.37066865556949
R1,163.0,110.79381252278819
R1,188.8,174.44547620112684
R1,187.9,151.9054125978306
R1,160.1,167.10448882944482
R1,85.2,129.61298582011443
R1,161.7,163.38253623733456
R1,162.7,151.97848463155847
R1,144.2,146.78436528113795
R1,70.5,101.07562849428376
R1,178.3,180.7912657036611
R1,132.9,152.52823827136922
R1,127.0,158.31967786604133
R1,140.7,139.2773001293563
R1,179.6,178.14480823101445
R1,152.0,163.67663250669224
R1,70.1,111.93325083928417
R1,190.5,175.10640398868122
R1,158.3,152.9279248696641
R1,119.7,155.40887114568375
R1,121.3,127.02210523196854
R1,117.9,137.91119791535195
R1,114.5,134.5392775107946
R1,185.1,170.53240897710214
R1,162.3,155.4655202371312
R1,180.8,175.27956165201897
R1,189.1,163.36358616753944
R1,171.4,136.7055528305868
R1,170.2,168.95459853778686
R1,129.9,140.74527550366065
R1,129.2,148.14267306907948
R1,127.6,132.51986803649368
R1,155.8,165.13284375982028
R1,159.7,171.46636186576796
R1,161.4,139.38061370362266
R1,176.1,166.22152117697624
R1,177.5,169.796929897515
R1,160.4,140.71648507579602
R1,153.5,145.19633924177768
R1,158.5,161.06839783205385
R1,165.8,158.2360252196105
R1,158.6,162.55936261225352
R1,205.9,166.42751376675665
R1,177.5,174.51627118662697
R1,199.9,170.4964155602807
R1,168.9,169.98021935620548
R1,148.3,163.0775794339308
R1,163.1,164.016851438659
R1,156.3,166.4888387781041
R1,170.3,161.824477274186
R1,119.2,134.55309184100923
R1,115.1,132.81829337586035
R1,146.3,137.10429586014152
R1,125.0,145.3466417954425
R1,164.7,162.0894931900422
R1,209.4,164.24585995613867
R1,123.1,120.75534401996222
R1,157.3,162.00885361741217
R1,165.3,160.79620760478716
R1,152.6,151.4388885443999
R1,187.2,149.24238161238415
R1,126.9,133.05164523793962
R1,142.6,135.59560588155423
R1,168.6,172.79180784232733
R1,199.3,173.311890932101
R1,160.7,174.41591499970144
R1,188.5,168.50585544072084
R1,193.3,178.40772754854504
R1,209.8,180.65095101370173
R1,180.2,171.467550374574
R1,189.0,170.39367426503554
R1,175.0,174.8383463464087
R1,205.8,174.41012899761742
R1,151.7,155.15151143602566
R1,190.7,158.85147238694876
R1,164.8,165.1415575033761
R1,170.4,166.54207630904367
R1,178.4,167.31460113185594
R1,170.1,173.92208983679748
R1,169.1,167.0019777698456
R1,98.8,114.80817888281206
R1,81.2,122.29968619121638
R1,191.5,181.32926927931723
R1,180.4,177.33115498083887
R1,160.9,165.45329720202554
R1,181.7,163.73651728598776
R1,174.6,174.04655600279213
R1,166.1,167.31972741587418
R1,153.0,156.20522871302893
R1,152.2,154.33758185905305
R1,131.2,144.43683578842646
R1,168.6,146.19978707693718
R1,133.6,118.04732687425145
R1,77.3,129.49900470550784
R1,177.9,175.2706324551621
R1,188.8,174.25666296171698
R1,150.8,162.08758300120357
R1,192.5,183.94685098953153
R1,183.2,176.95081642212804
R1,153.7,166.52373511908525
R1,181.9,163.72939118475256
R1,138.6,157.63464915773596
R1,166.8,153.0658031507462
R1,157.3,159.38258872399675
R1,152.7,161.11565856971555
R1,160.2,158.29943315859128
R1,160.1,159.43235691106082
R1,151.5,147.8561695775588
R1,131.3,152.14203349465419
R1,161.0,158.71027220522012
R1,165.8,160.60526571345235
R1,154.4,121.01888834040442
R1,180.5,169.26459246128456
R1,118.0,134.57577296417887
R1,124.2,126.31323949129336
R1,178.5,175.54425741974552
R1,186.8,171.89573650072862
R1,167.3,171.01411650016954
R1,178.9,164.19858182799587
R1,123.0,152.05990829248222
R1,184.6,179.27036265834752
R1,199.1,178.98338548368267
R1,164.8,163.14870867205306
R1,189.2,158.94934923349095
R1,181.7,176.0961441001724
R1,200.6,175.57114449998087
R1,186.8,168.21171999435722
R1,183.2,168.90406198349345
R1,159.1,145.9821849888724
R1,154.4,139.88374254060759
R1,129.9,134.60639904146402
R1,153.2,128.8366140296726
R1,167.7,178.47651335721537
R1,159.9,156.1848036988581
R1,164.6,170.66200428852338
R1,186.5,160.85278911481078
R1,180.6,193.1538851034001
R1,172.6,167.2705062545153
R1,199.2,198.11505393955048
R1,173.4,168.70757515590265
R1,193.2,194.86125299418856
R1,169.5,169.46049591258193
R1,192.2,194.18063452467226
R1,162.5,170.96058771462083
R1,194.9,200.41299078404745
R1,155.4,164.03281009774173
R1,148.4,151.5910008284369
R1,157.9,161.87518341583777
R1,202.6,198.5447747068935
R1,175.8,169.77908798047753
R1,128.3,142.21896856716222
R1,157.3,139.74986650128193
R1,183.1,193.43247567467228
R1,183.3,173.49839890206968
R1,189.6,199.0517104867941
R1,196.2,175.56686179360847
R1,183.0,193.4199764226589
R1,218.0,181.03282113171804
R1,182.7,197.36349894312835
R1,174.6,176.80321485181304
R1,195.9,202.08919884808427
R1,195.9,179.9668028646111
R1,187.4,194.2686591616314
R1,174.3,173.6166162444834
R1,177.0,190.39098014648243
R1,206.5,177.2487837025315
R1,154.8,154.8132328385527
R1,161.1,148.49298184204676
R1,204.7,200.45222567133322
R1,163.3,167.0613616854583
R1,178.7,172.8071142302652
R1,193.3,198.37553304591077
R1,163.1,169.4486214474399
R1,176.1,165.28181102356675
R1,177.4,194.60755851621144
R1,154.7,167.91153681182152
R1,183.0,173.0739190878071
R1,169.5,154.33069888712598
R1,163.8,164.63651790904342
R1,153.0,141.6117177786553
R1,192.9,186.22894436686084
R1,137.4,148.2857576235529
R1,150.8,141.1997909399543
R1,145.0,168.90238687125316
R1,174.9,152.94132484321307
R1,170.1,199.25443134713464
R1,210.8,173.1052724553015
R1,196.1,199.24179367273777
R1,188.0,174.47160790614598
R1,198.7,199.46293897432537
R1,180.2,168.96182361357558
R1,153.0,147.78246608096634
R1,174.8,191.51510305903872
R1,196.7,176.73194084197533
R1,157.9,179.7815615687053
R1,161.9,165.1988622536666
R1,151.9,156.2172153443312
R1,151.6,145.61466931561577
R1,161.8,184.52101285269723
R1,189.4,160.3069576110779
R1,146.9,166.60647537593044
R1,157.0,142.71673958362274
R1,179.5,192.87329768088148
R1,186.1,168.90901180123683
R1,170.8,167.24152996130505
R1,152.9,144.21779722237505
R1,176.0,191.16481235397484
R1,170.0,167.15499109074747
R1,208.3,198.8700635116042
R1,172.6,175.5573458808809
R1,194.6,199.1771330378565
R1,158.5,174.31224603558832
R1,191.9,190.09856780119605
R1,175.3,167.92383733924964
R1,173.2,177.15904118568932
R1,163.1,165.90377508814194
R1,182.7,196.71680252207784
R1,149.9,168.01127039323057
R1,187.3,183.55412563559514
R1,186.8,172.89463570306538
R1,189.9,196.899382403657
R1,169.2,172.47557477551223
R1,195.3,195.95291347103776
R1,185.1,177.19112105051695
R1,197.0,200.32872945241948
R1,179.8,181.13200347097603
R1,148.3,166.7162652428628
R1,146.9,152.55605269944078
R1,187.5,182.18542595455713
R1,152.4,171.80458663932143
R1,147.2,163.43615303993573
R1,201.6,198.63231909263618
R1,166.3,165.62418786359535
R1,194.6,184.9739478105038
R1,161.6,168.5987426574984
R1,209.3,197.51554779253178
R1,164.2,172.61026919237418
R1,142.5,171.98016448953024
R1,173.2,154.11792698202808
R1,197.8,196.36883433786826
R1,216.0,186.9078285188051
R1,180.6,183.67297826972984
R1,179.1,192.58602105268997
R1,180.1,187.63849399592345
R1,202.9,168.6419049303465
R1,135.9,133.50670431787188
R1,184.2,178.08722250470828
R1,157.0,142.10130632312473
R1,152.1,149.14116102393106
R1,153.7,163.56576750893083
R1,164.1,156.9362899704221
R1,186.8,187.30603463939062
R1,136.7,156.1410180065382
R1,167.7,132.99997383849455
R1,184.0,185.39749320915502
R1,200.0,157.4632541030585
R1,186.4,187.6520298666175
R1,202.5,165.77612926351253
R1,146.2,131.86817196359206
R1,130.5,93.4099704574404
R1,195.1,191.22328676652023
R1,202.8,171.03459177077977
R1,172.9,157.0980444090471
R1,182.5,177.45522433198764
R1,153.9,143.10553981849378
R1,158.0,151.2306836225576
R1,116.1,100.17908626188279
R1,167.5,171.19965508289346
R1,164.4,167.10132948121412
R1,167.9,132.30802381191688
R1,118.5,125.45429400097844
R1,158.1,160.4010425678307
R1,145.3,140.30494841436493
R1,190.1,196.81898017260642
R1,213.3,172.24358640971934
R1,198.8,190.98786827962772
R1,209.5,187.96003164694181
R1,185.0,185.84762389122926
R1,201.5,159.17222646754868
R1,145.9,155.11770795998686
R1,176.4,168.49707037006397
R1,193.3,149.70046640218268
R1,144.8,130.21056379321698
R1,147.9,118.71930504586682
R1,185.2,174.48998708350265
R1,197.5,163.94284433058002
R1,201.2,191.9789955371348
R1,203.3,182.43901096297031
R1,171.1,163.01791092631288
R1,182.2,181.91893137475515
R1,191.0,151.28386787672787
R1,115.3,146.46299043427263
R1,195.6,168.02232088164186
R1,149.0,101.44412238278598
R1,176.1,111.81446866462547
R1,143.6,130.58630189823126
R1,193.4,162.37972827394887
R1,175.2,184.28895531284084
R1,189.4,187.64870257429317
R1,148.7,147.0615667293947
R1,170.1,160.72676854645783
R1,189.9,164.8843009123348
R1,140.0,159.1074698803164
R1,165.0,160.74158228680596
R1,154.8,158.7918134735051
R1,195.0,177.92634507432066
R1,194.9,188.01809187917755
R1,189.1,170.09158275479083
R1,182.8,181.42328060817894
R1,130.8,120.67784235656006
R1,171.9,153.16573568131852
R1,131.8,108.0081766862429
R1,124.1,80.62902223972398
R1,182.4,160.8036286868476
R1,190.4,161.93537959790962
R1,164.0,185.2373032780963
R1,172.3,173.72535531244725
R1,131.5,127.31090516614373
R1,154.5,155.65156833973006
R1,113.5,111.17267305104474
R1,160.0,168.81829658282007
R1,156.1,159.82554755921882
R1,162.4,163.6715259266745
R1,123.6,103.75411293328861
R1,149.1,125.24534486939406
R1,186.7,144.61438684193368
R1,154.2,179.10787533938588
R1,118.1,121.11179620664494
R1,129.3,110.26274213653755
R1,192.4,157.05583527090988
R1,130.9,155.6898918979022
R1,176.7,162.51331593908054
R1,212.2,189.66440389236192
R1,111.7,112.35230167492908
R1,147.7,143.8740215238283
R1,181.4,168.91358330306812
R1,159.2,131.4474995978282
R1,178.8,156.27843489525048
R1,157.2,156.44330225995148
R1,142.7,177.85515372765252
R1,182.3,165.2303748175255
R1,75.9,84.0774123939708
R1,119.2,121.89697094077576
R1,124.9,163.9853635508454
R1,186.5,164.58124038379287
R1,157.2,140.15641920523967
R1,177.3,182.16868363911613
R1,184.1,165.33329097458056
R1,113.9,104.49217690722446
R1,166.8,151.45075183360166
R1,82.0,126.89366377911833
R1,177.0,158.6550776189859
R1,139.6,137.88323874857107
R1,186.4,186.27363521307277
R1,170.6,176.08244743170144
R1,113.3,119.17586494780998
R1,188.8,187.92314234687285
R1,199.0,179.8738243677416
R1,133.1,143.26838079334163
R1,168.6,159.50598515035784
R1,121.3,114.26813842572963
R1,166.7,180.47599325037677
R1,175.4,182.90842987562235
R1,142.3,98.62617194040273
R1,97.2,150.89190612365272
R1,198.2,164.53876571555094
R1,105.2,140.92561852346756
R1,200.7,159.4262659746496
R1,173.0,161.2109286647397
R1,165.9,167.5108248470849
R1,184.8,172.0745163205391
R1,79.8,91.8883145415437
R1,154.2,131.27664998669576
R1,148.7,146.5821831145025
R1,139.3,131.9891069548968
R1,223.1,193.89989242610943
R1,191.6,168.12324302244807
R1,178.8,180.45120200376735
R1,195.5,171.8998455725856
R1,105.4,174.08977118688563
R1,195.5,167.1712666927042
R1,173.4,172.27350842184669
R1,181.8,174.07606924721736
R1,147.2,145.9287808982027
R1,166.7,153.15960445141658
R1,143.5,147.17443570493677
R1,144.1,161.8419737888555
R1,170.4,170.81797843922914
R1,186.8,173.18323064906969
R1,204.5,210.75299347475226
R1,219.4,202.84984295638532
R1,160.3,158.96198459680775
R1,164.5,146.12122641719358
R1,171.5,153.76561820499822
R1,151.2,150.88568071326196
R1,211.9,203.0387276608304
R1,223.2,196.08959173335762
R1,196.4,197.19896624204776
R1,206.2,196.21375366322943
R1,174.3,189.76150893137157
R1,194.4,183.82500015976763
R1,187.0,192.4418104280934
R1,188.8,189.43984178324078
R1,195.7,181.5345651834491
R1,191.0,188.42438668449498
R1,196.9,196.30141267068984
R1,180.7,189.56123859433245
R1,164.8,170.20948823250123
R1,168.8,161.30038784550166
R1,118.0,90.53115412116296
R1,193.7,199.68308754643678
R1,207.3,198.0347523007557
R1,173.8,193.52815044594342
R1,199.3,185.48983223482873
R1,164.8,195.38936104436672
R1,199.3,187.62220268208205
R1,206.9,192.6313007857469
R1,196.7,192.86202686474155
R1,234.5,202.83749072804883
R1,212.0,203.20791643804546
R1,114.0,99.82536923716636
R1,198.2,193.02633896049161
R1,165.6,185.6552505604845
R1,192.4,179.51471911564835
R1,155.3,162.06786078213509
R1,171.5,147.36173486156378
R1,186.6,205.242155866546
R1,211.4,198.36258763083362
R1,196.8,190.31869595586465
R1,185.7,188.75020841660012
R1,116.8,156.520607169478
R1,162.9,133.00683205369268
R1,164.6,167.9258651580228
R1,192.9,192.4552401400944
R1,203.0,190.7415174838219
R1,206.6,194.16203621606815
R1,193.4,200.28780913982752
R1,214.9,205.7278727085315
R1,214.7,201.49640521361317
R1,218.9,214.5281772414265
R1,224.1,207.96642511243294
R1,191.7,189.8995726747267
R1,172.1,190.2772277583749
R1,132.5,160.04875315112062
R1,165.9,130.26848116334597
R1,109.6,143.5531262276277
R1,129.2,103.53909709922348
R1,223.7,207.07995970421572
R1,216.6,190.61958199305164
R1,202.2,193.04095136617332
R1,140.8,186.6037005712048
R1,152.1,168.47139538009984
R1,173.6,160.6573235016965
R1,163.9,169.61312611507344
R1,202.8,206.9670152088333
R1,197.8,199.9888081684165
R1,169.9,187.42606498292253
R1,167.0,184.26234898939657
R1,180.3,176.98640716282557
R1,139.6,162.4964311090718
R1,164.5,168.40639557658633
R1,189.7,180.84570242994178
R1,213.7,182.2443784027618
R1,201.2,191.80512449818121
R1,175.0,191.92080639235812
R1,173.1,162.34661326215928
R1,171.9,163.7142716472908
R1,189.9,186.54645608529339
R1,173.8,166.2186745456526
R1,159.0,168.4457821407992
R1,227.2,212.98975519243024
R1,198.9,204.1481751029587
R1,207.4,200.07940473436975
R1,196.4,198.17726027405357
R1,190.3,206.66902883331184
R1,206.2,195.83553683956316
R1,194.8,186.9756809905262
R1,157.6,180.55121433716158
R1,169.2,179.96871326268584
R1,182.4,186.63064917216423
R1,199.0,188.18379182007078
R1,191.3,192.05931966241025
R1,186.5,168.93589433067842
R1,160.5,160.0768417497964
R1,198.2,195.3034826081559
R1,198.5,194.18758831292928
R1,161.5,175.14041626292033
R1,163.2,185.17554437589624
R1,192.5,171.80127951135287
R1,166.6,196.12331644858446
R1,185.1,186.69308284898557
R1,210.1,201.74153834830548
R1,211.5,199.34980992098795
R1,155.3,181.03129400983937
R1,176.6,174.22448253495924
R1,160.3,185.0627594555954
R1,191.4,177.45050413552482
R1,147.3,183.71793008483252
R1,169.5,166.25556670206765
R1,139.9,134.4832176477714
R1,165.3,152.675072662624
R1,147.1,158.30595692595134
R1,140.0,153.07648688477923
R1,166.1,155.17441258965508
R1,182.2,170.0960084644376
R1,173.1,159.94047818299742
R1,127.9,147.62346926264203
R1,132.8,149.1029208626782
R1,145.0,145.10616777473354
R1,150.1,151.17981844039122
R1,166.9,152.84688388078956
R1,161.0,148.18640323404927
R1,150.8,153.0856293012387
R1,138.9,137.08343664212194
R1,137.6,137.4192052701286
R1,172.0,164.4390837807798
R1,183.5,170.15621110294188
R1,152.5,145.6705149332512
R1,141.5,154.90336573642892
R1,159.8,144.00722058569883
R1,148.8,152.48878287724065
R1,132.6,145.3396011141206
R1,145.9,149.9750001796411
R1,170.6,167.24443422399932
R1,191.0,171.520080860954
R1,149.3,149.91602165459236
R1,156.5,155.93311519856036
R1,174.1,167.63684503351755
R1,192.6,168.51077822990126
R1,149.2,149.46369302869851
R1,150.8,154.41038713270603
R1,157.3,151.26386270233564
R1,162.2,156.94157315319143
R1,149.5,156.16190104968723
R1,163.6,162.29772229936236
R1,152.6,160.00691875652336
R1,177.4,162.5651457022762
R1,185.5,175.28087024858476
R1,176.5,176.18609743307127
R1,137.3,149.69648905741676
R1,165.6,150.3635441290802
R1,159.9,151.97518516856104
R1,147.9,158.79418550380532
R1,153.9,149.73938665214044
R1,178.8,157.45447205051894
R1,159.0,145.80334728600917
R1,163.4,154.94794467634827
R1,173.9,162.1734594545474
R1,150.9,144.81607604985484
R1,169.7,152.05795992487649
R1,140.6,120.87656316195519
R1,155.1,129.6568163064609
R1,149.6,143.01236680690837
R1,133.2,140.81760200100976
R1,147.2,144.6927954828811
R1,134.1,151.3376853494314
R1,161.3,163.45963904518123
R1,175.8,166.9137746718965
R1,142.4,164.61617420008372
R1,185.6,170.11664095750933
R1,166.2,157.24854915771445
R1,176.1,162.5306138050991
R1,143.3,140.7980664806528
R1,42.8,96.92367693612672
R1,134.7,141.81558415026007
R1,59.8,99.04757275465626
R1,111.6,126.00319469902104
R1,155.6,155.16870246580308
R1,85.6,119.97044226128929
R1,143.6,129.22704171970926
R1,107.5,91.12658452405415
R1,145.6,129.58345856011232
R1,62.0,75.6528328465794
R1,144.1,142.121381852866
R1,79.1,93.46192449747659
R1,147.7,144.81842224649822
R1,116.0,131.5372183113822
R1,142.4,128.4452607950934
R1,62.1,101.8867900794324
R1,175.6,155.7805794198747
R1,175.1,174.6533751891153
R1,133.4,148.50552731604023
R1,124.0,123.4856436620285
R1,156.5,153.8463904428197
R1,101.0,116.89795758031467
R1,117.4,133.89766577969218
R1,61.9,84.42529920406002
R1,151.8,154.68370718622927
R1,138.4,117.61288334863681
R1,141.8,138.38056850929328
R1,74.6,96.43432013258266
R1,128.2,137.9997821510795
R1,63.9,72.80873021288967
R1,138.0,142.62437847574117
R1,67.4,85.66047936989304
R1,160.3,162.37294295915345
R1,167.0,138.7541171374677
R1,128.5,135.39746104445246
R1,63.2,87.32559764034178
R1,129.0,148.2114663475962
R1,109.7,101.28918527697952
R1,60.6,88.98837081535939
R1,122.9,124.42504209839046
R1,30.8,81.58413094145365
R1,123.5,113.68767147647502
R1,74.1,74.2659517613142
R1,103.1,105.20425044149884
R1,130.1,143.04984567559492
R1,126.5,121.41489895824293
R1,152.4,128.79075282928937
R1,54.8,79.13539601330294
R1,141.7,128.7210784353632
R1,50.0,95.05594031994208
R1,157.4,121.71743695358614
R1,43.2,80.27152907881734
R1,180.9,148.79954811475432
R1,129.9,128.7270994938704
R1,156.4,146.40662328696604
R1,138.0,113.99726355503768
R1,32.0,72.36029765655518
R1,159.9,136.69460649668721
R1,87.9,115.76620688172244
R1,26.2,71.20258960515007
R1,152.4,141.58021937336753
R1,114.4,95.31403885508625
R1,127.6,111.75263617954162
R1,62.3,69.39949968266201
R1,99.6,118.29333487653065
R1,54.7,75.30251348173782
R1,119.0,114.75493120189778
R1,50.6,86.6746303883447
R1,123.3,122.83307426618826
R1,51.3,85.54876682594049
R1,129.7,131.15824375285928
R1,45.3,81.44015326719813
R1,141.8,145.74735633785045
R1,145.9,154.48745671382295
R1,117.3,124.48773329089963
R1,178.0,175.69086154711246
R1,176.7,153.1184564317852
R1,169.5,164.12233044826138
R1,131.9,139.10496981718873
R1,107.8,121.85568003990632
R1,61.7,73.87345887023687
R1,124.4,123.25696429748372
R1,48.3,70.43299341910868
R1,115.0,137.36371607415927
R1,48.9,86.08141819297606
R1,157.5,134.55423584589795
R1,69.8,90.13381907246692
R1,137.2,128.90152976400793
R1,45.8,91.43154469355167
R1,136.0,145.17274080530493
R1,72.3,101.73052656071667
R1,97.0,123.94878786598078
R1,158.9,133.95271168602306
R1,51.9,84.05809174687568
R1,76.6,77.14269256118945
R1,120.4,135.7256770572931
R1,133.2,138.94682996668368
R1,67.1,102.73982375300776
R1,174.3,163.6096985460017
R1,95.2,144.83733115286168
R1,166.0,159.36955148174906
R1,177.8,169.27181465285278
R1,136.6,138.99586778031298
R1,88.8,92.4928772229681
R1,109.0,101.07606420349245
R1,52.9,67.38315879146113
R1,108.3,116.88891909643414
R1,172.7,162.51207218164404
R1,133.3,138.52164388130979
R1,134.9,121.28104491594047
R1,65.9,75.50508094845259
R1,180.3,160.28182430483196
R1,123.4,146.34916936523595
R1,127.7,117.04606085937417
R1,54.6,69.77956004942216
R1,155.0,155.39449460943902
R1,59.6,120.33639764563685
R1,96.9,99.08442549599059
R1,87.5,96.672041006488
R1,143.1,155.91454306389772
R1,166.1,141.75280222606986
R1,101.5,142.28203040362453
R1,143.1,126.45998690493559
R1,104.9,79.85704920173876
R1,65.9,100.59519182342441
R1,113.3,115.08950558415312
R1,135.6,110.93277649632786
R1,112.0,104.88730890160377
R1,138.7,118.61582803481166
R1,127.2,122.88604589348353
R1,161.3,173.19169809870917
R1,171.3,155.42771489845447
R1,140.5,113.28264361467805
R1,167.5,163.8793212435667
R1,163.0,158.0743697517263
R1,109.5,88.0489873668181
R1,94.9,110.06728056840697
R1,146.5,141.13143858509355
R1,154.8,128.53696198438044
R1,144.8,118.16093230302582
R1,129.0,127.49258091563365
R1,154.6,150.6252951666463
R1,158.9,133.89090468840456
R1,134.3,167.4635879864793
R1,155.6,142.74086808523592
R1,125.9,99.47041050925782
R1,147.5,162.0355911070822
R1,159.0,141.07735193324993
R1,116.9,100.3046094799432
R1,127.0,133.00980768807523
R1,144.0,130.57223843544577
R1,161.9,160.3682233520973
R1,139.3,124.67182539743517
R1,146.8,128.60481036442127
R1,107.9,115.53421034573596
R1,129.5,113.57459523128034
R1,140.6,113.28978317376814
R1,139.1,122.42047017601145
R1,118.4,122.77043087242228
R1,110.1,121.87878101597236
R1,117.1,129.7121261779752
R1,64.5,112.29410801582823
R1,104.2,111.78328167683995
R1,120.1,144.9126614965609
R1,131.6,125.63187827173502
R1,122.1,155.59887255739724
R1,149.0,143.2325345849386
R1,106.0,120.93104585506288
R1,132.6,117.03153566287484
R1,104.7,142.41307659080155
R1,176.2,178.11087912072168
R1,186.5,166.47902283354165
R1,118.9,112.45431391242192
R1,165.1,175.26411375370444
R1,172.2,160.0986317836068
R1,119.3,94.88199496144586
R1,160.3,175.29200123896783
R1,176.2,157.01756862348674
R1,122.3,125.8134953742303
R1,139.6,124.71518848618089
R1,106.2,88.54492868060778
R1,69.6,101.14970515742505
R1,112.5,91.0563330515082
R1,85.6,116.38799503773569
R1,151.2,170.95340645575533
R1,162.1,148.66263919531457
R1,153.9,148.8378784445913
R1,155.5,137.72648829784737
R1,153.1,176.82675807157068
R1,168.3,152.76171592011116
R1,124.9,155.5912788948681
R1,148.6,139.32051467506247
R1,121.5,118.71484835809125
R1,115.4,112.2761038650633
R1,155.7,140.49473741042235
R1,158.5,134.24921726208515
R1,190.3,191.95494289993502
R1,193.9,179.58033892348953
R1,179.7,170.7832138707927
R1,172.1,166.9144284949873
R1,195.9,158.9327033442889
R1,149.0,153.55651341182738
R1,194.4,189.3253837364227
R1,194.2,179.6042220410797
R1,210.7,190.27273218727635
R1,159.8,176.67955390663832
R1,194.4,180.11953239062353
R1,176.1,172.6550707607845
R1,153.7,141.4699006389389
R1,117.0,127.47794637865752
R1,203.3,189.6345718435947
R1,180.3,180.56750752644624
R1,194.7,192.03936862548244
R1,200.4,183.65394824228758
R1,222.1,201.07219139786923
R1,207.6,191.7831577877427
R1,181.1,163.88876326056396
R1,154.7,153.49126693628057
R1,182.7,170.57033490148405
R1,147.5,160.8101545509993
R1,205.1,199.85698576721435
R1,202.2,185.62797517164404
R1,210.4,195.0923913230003
R1,172.1,175.11818892106666
R1,171.9,159.90564655902017
R1,193.7,182.10233142350927
R1,182.7,176.27265040073044
R1,190.4,184.25886323275606
R1,193.0,174.75783158471793
R1,193.6,187.3878408557151
R1,157.3,179.5784210601505
R1,209.8,195.6180184886271
R1,161.1,186.66125205188547
R1,200.5,191.71563023774775
R1,180.3,181.32056415509183
R1,180.1,167.76243727934366
R1,119.8,151.9508741171193
R1,179.5,161.6625037218624
R1,154.7,161.4094842371706
R1,214.4,197.61850770371382
R1,180.6,190.5318135106709
R1,170.5,158.2500923273294
R1,137.9,143.92593587081342
R1,188.8,184.02011030679108
R1,175.1,170.21772736514146
R1,199.4,191.73876512590041
R1,197.9,178.68417532103024
R1,205.3,191.0448364258898
R1,142.6,180.90803078729652
R1,175.5,160.45829806303155
R1,160.2,153.22109797723687
R1,199.4,181.06367766710562
R1,183.9,178.29198404872625
R1,144.5,165.5171273835669
R1,161.9,151.56633444337078
R1,86.5,133.83850573560468
R1,183.5,180.37017186072092
R1,189.7,174.1819061026463
R1,185.4,182.0480417340412
R1,183.2,180.94075275326972
R1,179.1,169.75873926507882
R1,192.7,174.7259215763337
R1,200.4,192.1059437041459
R1,183.4,181.51582776932784
R1,203.1,191.76892386794452
R1,178.7,183.7975021754951
R1,189.6,164.8693643569513
R1,170.7,157.30876170363192
R1,187.9,171.88768227601193
R1,90.5,131.90696071235547
R1,204.7,193.30835070537037
R1,200.7,191.86394681758603
R1,93.5,128.89691648092023
R1,198.6,184.51828249871113
R1,178.9,176.26911911746578
R1,173.8,153.83636048274326
R1,136.7,137.61835398329467
R1,181.8,177.7103959637151
R1,150.5,167.05669732963224
R1,162.0,151.71159329579461
R1,193.6,180.57606969777663
R1,160.9,169.65221934487687
R1,184.0,182.05619419151537
R1,182.3,167.8621891682167
R1,201.5,191.34538465675746
R1,134.2,179.26707925986602
R1,178.9,181.4544694563507
R1,128.7,165.24014017992107
R1,180.9,167.2872570322126
R1,178.7,159.2587608508621
R1,210.9,192.89084416862852
R1,197.6,185.07366920737027
R1,199.9,186.13576505494316
R1,183.7,176.79573723517524
R1,179.4,184.47829192994635
R1,176.3,172.2562398214757
R1,205.9,187.86044653977802
R1,145.3,180.1735070913005
R1,190.3,181.47440157883187
R1,153.8,159.73985071374975
R1,199.1,188.4677559572154
R1,180.8,176.8839065031628
R1,202.2,186.5756870707378
R1,171.7,182.4869843412889
R1,194.9,162.3660337657394
R1,163.5,162.41582492659973
R1,207.0,177.07917940559847
R1,178.8,175.4195386713977
R1,183.3,158.77833542592253
R1,139.6,153.8784472269336
R1,205.0,186.7048196031705
R1,170.6,179.0931511173201
R1,196.0,187.8764928610879
R1,209.4,187.23719240902219
R1,187.2,179.52633102382197
R1,173.9,167.84451661180248
R1,116.4,151.69211018634013
R1,193.6,167.52846069731902
R1,176.8,169.13659501394366
R1,218.6,187.07838383991614
R1,183.5,180.29878144786494
R1,199.3,192.8626354118143
R1,173.9,178.85654758464426
R1,41.4,81.17681386327811
R1,105.6,102.71519483257714
R1,82.2,104.50451572777268
R1,28.2,73.39031121652513
R1,110.0,111.29093002472965
R1,47.0,82.4060102832594
R1,68.3,77.82435324655611
R1,90.8,100.77587722332228
R1,48.2,70.86168733950902
R1,109.9,122.27548251296707
R1,106.0,76.89615430714042
R1,82.7,74.6151991061922
R1,224.4,187.51791213307217
R1,50.0,71.2682966150728
R1,109.6,93.6066663455089
R1,81.2,79.80298251098353
R1,148.2,138.2103463196809
R1,131.1,135.62749562948756
R1,158.2,144.62385657483804
R1,128.6,137.8057208033903
R1,162.0,147.31530022187792
R1,115.2,132.49266639677245
R1,156.9,153.48854251092817
R1,86.6,143.27617726958724
R1,167.9,159.83529206193015
R1,148.9,155.52745469743414
R1,193.0,162.65691881825563
R1,161.1,167.49725481599324
R1,159.7,143.31011809972418
R1,109.6,129.03424387480425
R1,126.4,134.9252135940414
R1,152.1,134.70944720951707
R1,127.1,138.16303230234178
R1,165.3,151.98793661672312
R1,145.2,151.09237294593703
R1,175.4,195.36851528643044
R1,153.1,174.8352820657435
R1,164.3,148.45537357452545
R1,130.9,145.0543726895703
R1,171.2,146.34388855406175
R1,165.6,152.69932452891268
R1,142.4,141.20128225164237
R1,133.4,128.91133575421534
R1,158.9,154.6863342711895
R1,136.1,151.02408880467956
R1,158.2,152.39896132465933
R1,127.6,151.88823925245222
R1,152.4,140.2509215507838
R1,125.8,128.20121627918328
R1,135.6,152.6722881419642
R1,136.2,150.04517780624408
R1,140.5,131.15251303068746
R1,76.1,117.73876252529597
R1,153.8,161.60768768119712
R1,124.4,150.2331584855307
R1,132.2,138.57259508349512
R1,96.7,125.71449027157428
R1,158.7,140.99012385488734
R1,125.3,136.5104883677801
R1,151.0,146.37888570994363
R1,140.9,141.40469669919648
R1,153.2,139.42723598572118
R1,117.5,141.21847899069957
R1,182.2,187.5753413533874
R1,166.3,175.2871163553472
R1,166.3,163.36593702487158
R1,152.2,150.1605186934445
R1,160.9,157.08481000116248
R1,139.9,149.57296199075574
R1,144.0,141.72393544555055
R1,124.3,133.56014884007797
R1,140.1,135.2752019189385
R1,158.6,139.8888467562725
R1,145.8,150.9985141274656
R1,161.9,148.16420720250971
R1,123.8,131.21133724063222
R1,150.5,139.3301629338796
R1,155.6,132.41129179912096
R1,154.2,151.67763209577961
R1,141.0,151.58350794379663
R1,164.8,142.42963123162843
R1,152.4,137.3143274995389
R1,157.0,135.02983878808945
R1,122.2,120.09571271414396
R1,122.6,140.52835971480042
R1,131.2,121.46063027903082
R1,156.8,134.1120598838873
R1,132.9,129.00799270080785
R1,144.3,139.343677579672
R1,119.3,128.50353655797403
R1,154.2,132.47642334485005
R1,140.3,137.87121500633532
R1,178.2,141.75736171506796
R1,176.0,145.3652458057946
R1,142.0,142.89383332945116
R1,153.4,139.26071842116377
R1,143.6,139.41148036883476
R1,93.5,127.90926997282213
R1,133.2,132.03800885654977
R1,154.4,167.29342490278583
R1,145.4,158.27763240998047
R1,166.3,137.25971180110517
R1,125.0,116.70455981692345
R1,123.2,109.24144253555794
R1,69.8,75.5456700253024
R1,173.6,155.38716128353488
R1,148.8,131.17813553624165
R1,173.4,155.56739828192698
R1,141.9,122.60116474992589
R1,147.0,135.92232639362868
R1,84.3,83.31076277248444
R1,162.1,138.7762099275266
R1,74.0,93.4095213307371
R1,158.7,123.51034078717686
R1,84.8,99.10627315612547
R1,45.0,67.97784519791514
R1,131.5,129.49189008076902
R1,60.0,75.1009477495503
R1,155.3,137.73042227989214
R1,132.7,116.3901858130678
R1,147.3,135.0641034118788
R1,62.4,84.42008172866218
R1,156.5,164.96582168817616
R1,113.4,122.46271935273421
R1,160.8,147.1976496902775
R1,64.8,101.06638114425495
R1,169.9,139.0816478550907
R1,68.2,97.47220863125723
R1,112.2,116.98483337839725
R1,52.4,76.68542596001144
R1,155.0,152.2135038575675
R1,130.2,123.88443584289318
R1,159.8,158.58263161390516
R1,120.7,119.87692207365514
R1,123.5,122.12072313380396
R1,55.0,71.36751663839216
R1,124.6,143.36917283015157
R1,158.5,136.20036430008116
R1,157.9,147.72370455519928
R1,165.7,144.2405583957301
R1,164.7,193.8770941480564
R1,194.7,167.84679308995442
R1,175.6,173.94501205631843
R1,186.7,163.11322856114575
R1,140.5,147.0404725996543
R1,161.4,140.12048095191352
R1,153.8,139.12599163737147
R1,133.6,150.79454397043102
R1,154.6,135.22341184948263
R1,164.7,178.1490230593171
R1,189.8,163.52798242981552
R1,175.6,178.0685263329812
R1,169.2,159.06698449278926
R1,125.3,109.778463692684
R1,167.9,144.37704619770255
R1,150.2,150.78346293656404
R1,141.3,143.09118910000717
R1,149.4,150.14873927572793
R1,158.3,140.65338802864443
R1,141.3,146.3318674323297
R1,125.2,129.02925830755314
R1,143.1,187.92953040564203
R1,179.5,159.19366090442358
R1,74.3,86.15290555235865
R1,175.8,193.52153695810733
R1,151.7,146.62223028716565
R1,150.3,143.6788144088651
R1,135.8,136.25752577983496
R1,152.2,126.61811964796372
R1,141.2,139.18312135615696
R1,161.7,139.61304135582378
R1,152.5,174.16100215049545
R1,168.6,154.51092510412292
R1,131.1,127.53803380986581
R1,96.1,120.23805025333847
R1,148.6,164.21575490731533
R1,177.4,141.86621404493116
R1,158.7,143.43009238552162
R1,158.9,143.79621796449197
R1,161.3,174.47536616519662
R1,180.9,164.1550103438775
R1,138.7,162.6373356202757
R1,158.0,139.6313062411482
R1,150.1,180.12768500117448
R1,180.3,157.69983927721603
R1,171.3,175.58615987070166
R1,134.0,151.0027332642507
R1,155.2,133.6069053610916
R1,158.0,169.57410661808922
R1,156.2,151.52555517414743
R1,177.9,184.3943389379177
R1,181.0,169.27814295090798
R1,176.4,164.33266376296433
R1,179.8,157.99126725796077
R1,178.1,167.85234964536926
R1,96.6,130.53764619949425
R1,171.5,177.08017284416448
R1,173.6,182.80306257778759
R1,92.2,143.56581050140207
R1,166.2,167.82425472573226
R1,170.1,146.75242547298677
R1,162.5,158.8785899768235
R1,154.2,131.0785326057715
R1,188.4,191.44459638774026
R1,112.1,153.83818332011376
R1,165.9,174.22684142178255
R1,81.7,136.57438950225057
R1,161.0,172.01118974397292
R1,191.8,153.83697840057062
R1,194.2,183.24192359797092
R1,118.0,137.9687837868987
R1,162.3,166.23644798277118
R1,165.9,146.7638298697133
R1,192.5,187.5307466376365
R1,100.6,145.89589343668564
R1,169.7,166.78282624283352
R1,134.2,140.92826994591076
R1,160.6,157.14511512829736
R1,152.7,117.89766597936361
R1,179.8,161.8929567771672
R1,178.9,157.43464485399022
R1,153.1,143.57559867245195
R1,169.2,178.4820390435164
R1,174.9,158.19454442975447
R1,166.7,176.8906373953077
R1,183.0,162.42797338187245
R1,191.6,174.04058459134956
R1,94.2,130.75246431218827
R1,183.3,180.5616131578958
R1,102.8,135.77243965121824
R1,158.1,180.13085080561544
R1,110.8,130.32180902894237
R1,158.2,174.61426409637647
R1,177.8,173.6933252981417
R1,184.0,146.90848029227118
R1,177.1,171.0640509796906
R1,167.4,132.69526626518237
R1,195.5,166.1222901514666
R1,182.4,180.24909377294352
R1,193.0,168.51729168580033
R1,175.4,175.10868752884124
R1,168.0,158.28185176210738
R1,184.2,172.73732712700337
R1,186.6,150.06118421494762
R1,179.3,176.4323221479169
R1,86.5,148.55188570434134
R1,163.4,170.62419804459165
R1,182.9,140.4363183116246
R1,160.8,154.61407713607343
R1,196.5,176.19864971706934
R1,168.2,171.39363924188586
R1,200.8,189.60660903365851
R1,117.3,153.9973159806592
R1,167.8,160.92137700609274
R1,100.5,131.5645575727459
R1,158.4,171.17026833472002
R1,182.8,150.05059593665456
R1,41.8,59.23534749993651
R1,102.3,71.20793615277572
R1,54.6,89.96762018261052
R1,93.3,70.99070044357681
R1,68.3,64.9341280231448
R1,131.3,83.63461272360732
R1,113.1,100.23621558992869
R1,83.8,82.78683672597316
R1,78.1,85.84158455104495
R1,127.4,152.9211437324819
R1,159.3,146.27292281229833
R1,173.2,161.93928279683965
R1,142.0,163.0508442070513
R1,111.1,75.42157075277689
R1,85.2,66.17349394846389
R1,92.4,86.47649927097626
R1,75.0,86.49177941943546
R1,115.9,85.00145425228789
R1,89.9,91.1382535934443
R1,93.6,80.31782867769635
R1,111.9,83.71977030440888
R1,114.5,89.99357677174854
R1,110.2,116.7992391027635
R1,123.9,79.24178721811869
R1,94.5,77.37283849107327
R1,102.3,90.70234044234499
R1,86.0,75.28585932124032
R1,69.1,65.60541156313525
R1,119.0,124.29980122587838
R1,96.6,86.1066287500866
R1,120.7,89.97736471520403
R1,80.9,94.57743426171575
R1,114.1,85.362296047499
R1,116.5,93.33000096403426
R1,101.7,80.16964125202132
R1,100.5,76.43349743684419
R1,107.8,73.34950024384138
R1,83.6,92.26435041982431
R1,128.8,88.45048955048676
R1,103.2,102.31175503285667
R1,98.6,98.53040381039784
R1,95.2,75.3393331735677
R1,114.6,96.89028313871503
R1,111.6,92.69619320267546
R1,93.8,94.59944596673098
R1,178.0,182.24269414336933
R1,194.5,179.40706188594186
R1,193.7,188.78307755199012
R1,113.9,112.92021511683642
R1,100.3,82.37758818658365
R1,94.7,112.22510286867922
R1,117.4,82.73283176901552
R1,103.8,85.41179100086899
R1,131.4,91.87001051077004
R1,130.2,110.49959370295392
R1,81.3,71.06446040146434
R1,101.6,72.36056509927529
R1,94.3,85.03495905016514
R1,142.5,155.7020723471283
R1,65.2,107.9099473920602
R1,145.0,171.95849620296892
R1,107.6,137.80824402315343
R1,150.2,147.68958307268872
R1,178.8,162.1619909156631
R1,70.0,138.49668397444557
R1,162.4,167.7705457606277
R1,137.5,119.00564114424876
R1,137.3,142.57444895021814
R1,148.1,165.79894472916047
R1,108.0,124.55741402158533
R1,170.8,162.7808532189657
R1,78.9,123.6072549867802
R1,166.3,166.3084753994063
R1,120.0,133.74015065910604
R1,165.8,142.74214347163826
R1,104.4,148.0856914541608
R1,64.7,104.39423340331368
R1,130.4,160.81126827323044
R1,139.3,147.18714010847629
R1,164.0,166.58586348874087
R1,150.0,137.97458156303693
R1,146.6,173.3218097046952
R1,101.5,133.9595132966032
R1,124.2,152.8222358188046
R1,185.2,169.32874698985398
R1,84.0,119.44678908726821
R1,179.2,156.1779351900165
R1,139.1,129.4748304007076
R1,171.2,163.88786125646303
R1,127.4,126.79334016511892
R1,85.2,137.64663683904257
R1,184.0,172.67342052456075
R1,119.9,149.00953741339418
R1,69.9,143.4496423621457
R1,52.6,86.95578814032322
R1,180.0,165.52609046992706
R1,101.5,126.03229191860072
R1,113.0,170.90920802476725
R1,103.3,127.85153438945187
R1,91.2,167.0438289507403
R1,126.6,112.78146708087158
R1,155.1,148.59023160359607
R1,139.1,123.47906918695077
R1,159.1,166.94865687145062
R1,93.5,131.321910318965
R1,177.8,135.02856219012892
R1,139.5,130.8266989073405
R1,127.1,91.71646105759396
R1,214.1,200.5390293787226
R1,235.6,205.2271895280086
R1,230.0,205.35831525720909
R1,150.4,162.47885508479627
R1,160.0,150.51766642575976
R1,122.9,124.46423875451512
R1,175.6,166.71340515492977
R1,186.2,175.15603100568933
R1,168.8,172.23674745504675
R1,124.3,140.46277218569685
R1,124.3,130.01088544588853
R1,172.9,171.29219085084677
R1,135.3,162.44395601924734
R1,167.1,171.37433495398835
R1,181.0,155.41119155525323
R1,149.4,149.5659648683549
R1,135.3,140.01264644971587
R1,185.1,179.27691604453045
R1,201.1,174.42097883321034
R1,154.5,163.43500159893742
R1,178.3,160.46996453209985
R1,196.9,182.34987178147207
R1,195.2,182.6105307509784
R1,199.9,189.34856251033284
R1,177.8,180.4894188790186
R1,165.1,156.97398364729156
R1,117.7,149.84925888752753
R1,182.9,182.1531135846011
R1,167.8,166.52331710288541
R1,169.0,169.20527451032575
R1,192.5,185.18187465767284
R1,180.1,177.88767362081052
R1,207.8,191.85256251163338
R1,202.5,192.78856880623061
R1,185.2,191.22348173493117
R1,187.8,189.65243529468376
R1,195.5,177.65525690442945
R1,203.5,181.68632848977228
R1,160.5,166.25224888135867
R1,182.3,152.67482440076333
R1,180.8,179.81922396005194
R1,169.3,176.2177618417132
R1,142.3,156.25524433172507
R1,141.0,145.35993827877834
R1,182.5,178.13279590402993
R1,182.3,175.08964195012226
R1,167.0,164.85035683383094
R1,166.2,155.68518452002564
R1,162.7,168.45507060388863
R1,176.7,163.73491078199143
R1,210.0,198.58981423774196
R1,214.0,198.35960568753006
R1,149.1,146.72897638430976
R1,123.6,142.9577429594037
R1,146.8,143.5380874264024
R1,115.4,135.67373531875643
R1,171.8,172.90938654225778
R1,161.7,162.53849241143047
R1,153.8,151.38927639348105
R1,149.1,140.32101502334112
R1,161.6,148.79491381661597
R1,144.9,154.04924226068715
R1,159.1,137.70329466243888
R1,126.0,145.18875521468905
R1,197.3,176.04540649918323
R1,157.5,151.17153527820062
R1,182.9,153.54383610997644
R1,168.7,158.13936514169512
R1,159.6,147.72678805156448
R1,163.1,173.23924200889087
R1,158.0,151.6621704503014
R1,182.3,164.62420523892445
R1,154.4,163.49622378026677
R1,182.9,174.35633630011836
R1,167.4,170.06500567668823
R1,200.0,186.58669064622572
R1,174.5,175.66783729306377
R1,145.3,161.5983512751928
R1,161.0,147.96858917677244
R1,149.6,163.84827088160978
R1,159.5,149.64609504393033
R1,134.6,139.12142451854376
R1,150.7,123.96686152082854
R1,191.5,172.34815206091844
R1,189.6,175.72013111466705
R1,148.8,153.50530883129548
R1,179.7,157.5543548126534
R1,187.2,192.24707279965747
R1,186.4,191.15317338472784
R1,155.6,153.61787551261875
R1,132.1,135.07383287058707
R1,182.3,175.46253845800726
R1,177.5,164.0183296578889
R1,158.6,156.65014907934545
R1,155.3,158.9176036590393
R1,133.0,146.0895283415631
R1,156.4,137.98958660201802
R1,165.1,164.17482372569376
R1,183.0,164.97940545111925
R1,143.4,165.294383858471
R1,167.1,156.8592670228403
R1,113.4,141.4409428096515
R1,147.1,168.60732944725203
R1,166.7,158.1761428533284
R1,140.0,155.33139337704563
R1,177.9,157.70970758146004
R1,192.4,188.0918828234108
R1,197.7,185.75166011043007
R1,132.6,158.3783608509636
R1,153.0,141.97433145690374
R1,164.4,163.29312100087694
R1,157.4,161.13148828070774
R1,172.4,172.3382692169951
R1,179.4,166.17088550490467
R1,162.4,163.17287495623543
R1,140.8,152.0159354148977
R1,179.7,168.33057116062966
R1,143.2,158.58125382988237
R1,176.1,161.6274562569654
R1,148.6,155.90891587306
R1,157.0,155.79715088025446
R1,128.6,140.0327081907063
R3,185.2,141.93273221818401
R3,174.0,147.37809044252083
R3,186.9,166.18459629360623
R3,146.9,144.9084866641714
R3,180.3,160.77113180867482
R3,129.7,134.2540711600538
R3,153.2,145.6741609747625
R3,85.4,116.03914177847818
R3,165.0,126.4519490009136
R3,88.5,104.12055044134114
R3,172.0,156.87162824673402
R3,96.0,115.87275518317026
R3,87.4,100.43799163162481
R3,174.9,170.39090309935983
R3,95.0,140.39241391747996
R3,141.8,122.26819758465552
R3,114.2,113.65053799157128
R3,133.0,137.4084940758205
R3,116.0,112.22039001016364
R3,175.5,165.78835932937457
R3,129.5,144.59451430073779
R3,167.1,167.1096233361783
R3,140.9,146.33410482637294
R3,113.2,115.44819975419614
R3,135.6,115.85193753278476
R3,65.6,79.36298841224395
R3,159.8,163.86800311284466
R3,153.6,147.688197017487
R3,166.5,147.1411851023072
R3,175.2,147.41462425911624
R3,164.3,158.00909893425626
R3,103.2,124.50382602549428
R3,155.6,156.1658891194289
R3,95.5,115.41672301548363
R3,171.9,170.38032321674595
R3,112.1,129.41473337931833
R3,182.3,173.4978169407716
R3,114.1,137.27048332402344
R3,201.2,181.1532735368001
R3,114.9,155.5109280058927
R3,141.3,150.35498532326886
R3,91.4,106.62920468489955
R3,174.2,163.62988252162668
R3,107.0,141.3687351848585
R3,183.7,146.86468148356445
R3,129.2,150.94141999686005
R3,177.0,158.46198670891812
R3,102.2,117.11590204518545
R3,102.9,126.78186792848658
R3,141.6,109.35875647916339
R3,149.4,116.34314467260226
R3,114.8,90.5244020640574
R3,170.2,160.11977059330997
R3,113.5,139.09734247816758
R3,167.9,156.53778032360125
R3,118.9,131.45224727733378
R3,184.4,189.0795307083374
R3,189.9,191.64391028639443
R3,177.5,179.20355944383388
R3,191.0,173.80606511222086
R3,178.6,182.49531482114617
R3,180.3,174.58730898562118
R3,183.0,195.9475972665079
R3,194.2,188.89586463086675
R3,189.2,183.50801135887315
R3,199.5,182.91912095976642
R3,191.5,192.40932196187106
R3,201.5,190.91726400995287
R3,192.3,182.99768441459247
R3,178.0,185.1422103638692
R3,191.9,183.9228584601968
R3,185.5,179.48714047160655
R3,191.2,188.05974456051058
R3,193.6,189.58368634827616
R3,186.0,184.28865614954472
R3,192.2,185.411032193015
R3,190.0,185.04861265093646
R3,192.2,185.4674526613361
R3,199.7,190.60209250459727
R3,164.6,176.25046670714687
R3,185.6,172.9316720764839
R3,189.5,178.9765974779719
R3,191.7,179.6102133701701
R3,188.2,187.51462649598747
R3,204.2,189.2601057275342
R3,185.9,187.59253707326312
R3,191.3,184.5172918557743
R3,186.7,183.93828543798077
R3,212.3,176.52043047784568
R3,156.3,181.62902036475134
R3,202.5,171.38105399363036
R3,148.4,149.69364642958425
R3,146.6,162.71254095402034
R3,138.1,148.269136382819
R3,79.4,72.55381310845209
R3,94.5,102.82421052921237
R3,81.3,70.61430127721532
R3,152.0,149.16691925119906
R3,139.3,132.18629570950313
R3,194.7,168.1588860128343
R3,186.9,165.46262950813107
R3,114.8,143.7239231199676
R3,131.6,124.42953780303598
R3,187.8,151.79915197897674
R3,114.1,137.3304565478733
R3,88.6,85.26902366342728
R3,59.9,61.568714406438716
R3,169.5,183.358036806069
R3,189.4,170.44096843161282
R3,194.5,180.11674551629312
R3,179.6,167.88911006689148
R3,191.6,170.4796274298104
R3,177.7,161.62904181686537
R3,185.5,179.54666996243097
R3,165.2,164.57400536266243
R3,180.6,191.39453237701198
R3,177.4,174.73421043017717
R3,171.3,155.0061142995279
R3,132.3,150.1324275234013
R3,168.9,156.60495359021948
R3,71.5,127.7620747626889
R3,178.2,173.97818500644115
R3,138.3,157.73991061132386
R3,172.7,149.2763265517311
R3,168.5,189.1955648657358
R3,182.1,171.49421361483857
R3,166.7,173.4976359073929
R3,128.3,163.0884109983487
R3,187.9,181.395086337286
R3,169.5,162.3090669103818
R3,81.7,86.9059538314846
R3,44.7,66.68497807113226
R3,131.0,125.3242713215062
R3,130.6,95.44210298884327
R3,179.5,190.15141700878988
R3,181.5,172.0059925167666
R3,185.7,190.6189242188398
R3,194.5,187.18386136386516
R3,212.7,201.14980300277898
R3,212.8,200.85686435374316
R3,192.4,192.62520083779796
R3,177.5,202.29437342233228
R3,223.5,212.25936555644392
R3,240.8,211.65035797682808
R3,197.4,190.3211440612123
R3,229.5,213.44387026476574
R3,239.2,212.72308288647747
R3,215.8,207.16896958300507
R3,218.2,204.72886832993854
R3,216.8,212.8666047237097
R3,204.6,207.89553369746886
R3,208.0,201.91831546165173
R3,178.3,183.44510076752252
R3,173.0,176.6355722133772
R3,156.6,181.8153744466066
R3,197.6,176.22362872518204
R3,227.6,209.80062141827298
R3,194.3,198.4378920611283
R3,198.2,192.1680662051965
R3,206.6,203.2919121950211
R3,226.3,201.8107315276066
R3,222.8,210.38430911237643
R3,211.6,208.5900614390628
R3,225.3,207.15599985362854
R3,208.5,209.15722640482426
R3,222.6,207.662396548492
R3,184.8,183.4242496735733
R3,185.4,185.5085222997109
R3,186.0,196.2052748019052
R3,217.5,193.68264021104224
R3,223.3,203.58247625837396
R3,173.7,174.90664552461578
R3,170.6,166.01776500070392
R3,201.2,201.108530408938
R3,208.4,203.5754704911614
R3,203.6,207.2405813308241
R3,229.1,204.8657237163257
R3,204.2,209.08583603492895
R3,228.2,210.3219782706438
R3,229.7,210.567242637613
R3,223.5,211.50962453313355
R3,216.5,202.07214460983784
R3,213.8,201.3702769800678
R3,165.2,174.47850861129623
R3,194.2,169.90315861683698
R3,191.8,198.9939611626192
R3,155.7,159.78802989354136
R3,156.7,161.0797672694366
R3,201.9,201.0328502289767
R3,193.7,200.02346520874954
R3,211.2,205.53227801218353
R3,212.2,201.18082358433264
R3,209.1,200.69273541928422
R3,233.7,204.59039113118993
R3,207.5,202.58359486401838
R3,206.2,207.8794810670331
R3,219.0,212.3387173865002
R3,238.2,214.33987166507922
R3,192.9,167.96613272220435
R3,164.7,161.11368159651204
R3,199.7,210.15978187958882
R3,225.0,202.34748862453324
R3,186.3,190.12500695557057
R3,194.5,183.83416961480089
R3,207.7,210.8393639995446
R3,220.1,208.04205494100017
R3,231.4,205.01373582178817
R3,211.1,206.87276377333416
R3,234.5,213.39914488553404
R3,224.2,209.1934825116956
R3,223.3,209.76826900818827
R3,246.7,210.0939706741177
R3,225.3,213.9944924903962
R3,243.8,211.0633729514082
R3,199.3,208.205594516939
R3,206.4,203.72732587920467
R3,189.3,194.41468507537314
R3,199.9,189.2537719482227
R3,157.8,184.9374906830315
R3,183.1,171.0480165347157
R3,208.1,196.06533699049186
R3,174.9,178.13492329897528
R3,214.4,204.37132214586114
R3,241.7,214.74648220489763
R3,226.6,210.46821709489072
R3,154.0,160.99112576410178
R3,182.5,170.24376749028735
R3,202.6,209.34668431647958
R3,205.0,201.98966739407388
R3,200.2,210.78843337793748
R3,228.5,213.12976845512293
R3,220.5,212.8266420744817
R3,216.8,209.98573106296027
R3,235.1,207.84417855750667
R3,220.0,209.33725096419488
R3,218.4,212.81921021034853
R3,165.2,148.30347832984978
R3,223.2,212.83313661470936
R3,241.1,211.54989194820607
R3,161.7,178.4674440579859
R3,181.0,170.5846304982107
R3,213.7,208.51375367335467
R3,161.7,162.6731633027295
R3,172.8,171.77298521266601
R3,218.9,210.63757122393497
R3,174.0,179.54669209309395
R3,188.0,178.87493497674566
R3,170.3,187.19572134867798
R3,221.1,214.07004254660774
R3,248.2,217.31627593310176
R3,188.8,191.83092541337243
R3,196.3,203.41464039963932
R3,200.7,204.7935605177413
R3,196.6,208.87313649245317
R3,234.1,213.79831709269314
R3,225.3,216.80452279494773
R3,217.0,208.4856262853603
R3,220.4,205.3662739550503
R3,222.0,206.6028573871929
R3,235.3,211.13466224175988
R3,142.3,158.1517046724427
R3,204.2,204.21868039387505
R3,218.0,201.03438526375413
R3,184.1,190.50873572171082
R3,183.2,191.72713422681827
R3,178.6,174.46408096455735
R3,191.2,179.33003077770874
R3,185.1,187.08594506514052
R3,181.9,183.58307961858895
R3,171.0,188.92195849796414
R3,175.7,182.2502551819313
R3,201.3,210.66304817747874
R3,230.2,204.66946432364924
R3,195.2,196.76452836448868
R3,194.2,188.28968895343826
R3,170.3,175.226456673026
R3,144.9,156.98605952055044
R3,190.4,198.1555169408009
R3,210.9,194.34913490983882
R3,223.2,212.18364957377173
R3,202.8,191.645798521605
R3,196.8,188.82943125846563
R3,190.4,188.7102257820716
R3,194.0,183.3663027506123
R3,195.0,191.9161517456954
R3,198.7,189.90440996328056
R3,222.2,204.28017513380064
R3,229.7,209.84687365643657
R3,200.3,196.11117097321915
R3,207.2,202.564090991356
R3,209.9,202.54878876903004
R3,188.9,182.78607893497147
R3,172.9,173.69747978732505
R3,194.3,200.6036030877841
R3,186.3,195.64986124806074
R3,234.4,207.83911515503115
R3,213.2,202.72372919255736
R3,213.9,200.19010963210343
R3,195.5,200.37869661723522
R3,189.1,171.41213790899042
R3,183.2,170.84821125337706
R3,221.9,202.9795840654566
R3,219.5,199.51643111612293
R3,191.4,192.26380260279595
R3,194.8,193.81116949801702
R3,181.7,187.85221205946698
R3,179.3,178.99317979260613
R3,208.0,193.3670651307403
R3,205.3,199.68721974429832
R3,198.4,190.02976107704572
R3,196.3,191.38426649022415
R3,202.5,196.1621641470537
R3,199.0,197.87687795162194
R3,219.2,202.00597460921884
R3,205.8,183.7046009705126
R3,206.0,194.06276307568382
R3,206.9,186.41290953795146
R3,197.1,196.38225035018064
R3,188.3,179.52323749502736
R3,167.3,179.56882534107422
R3,222.0,202.00890744204202
R3,207.3,203.49783022218395
R3,197.4,195.8659471046002
R3,215.6,208.76655891028997
R3,214.5,200.54006150163156
R3,211.7,195.84214104967734
R3,188.4,191.14850645904278
R3,200.1,184.07300547025537
R3,198.7,189.69269467827831
R3,173.8,190.68931103173307
R3,182.9,181.64138837077576
R3,169.7,175.4478437065165
R3,191.9,183.86500928067164
R3,181.9,180.93126477255063
R3,224.4,189.09672614066164
R3,197.2,196.89654165671283
R3,202.0,196.56826498162596
R3,207.1,197.0820349370391
R3,198.0,194.81347761662244
R3,184.1,190.9650006503802
R3,182.4,171.2552961465675
R3,181.2,177.14407860873678
R3,195.9,186.87647726811628
R3,177.4,182.28061018500279
R3,184.8,174.68346979170235
R3,207.6,198.46794861427878
R3,220.7,201.81616423302353
R3,191.1,175.83502847365025
R3,196.9,193.6418799527184
R3,173.4,182.04937999921205
R3,202.0,196.75645397095127
R3,182.4,190.625577927725
R3,182.6,176.28003893606785
R3,191.7,172.11898330774872
R3,220.4,210.36735520940317
R3,200.0,201.58181137383866
R3,199.3,199.4004194731594
R3,219.3,198.0060064720637
R3,201.1,200.01868392160193
R3,195.3,191.37694987929177
R3,180.4,188.1256290051558
R3,139.6,154.35899562339677
R3,191.8,190.27864758186666
R3,163.9,184.24418966314846
R3,201.7,193.3794630479815
R3,198.8,196.4431369839141
R3,203.1,198.22876908235102
R3,197.1,187.83786805189763
R3,174.0,185.42806937910035
R3,202.3,199.79441755939416
R3,190.6,196.5275386446866
R3,193.2,193.11785260059187
R3,204.8,195.98583506094096
R3,180.9,180.7915533576754
R3,175.3,179.17909375970322
R3,221.5,202.29802960581017
R3,213.3,203.21792619065337
R3,184.1,183.67656609698406
R3,181.4,173.48799592951298
R3,192.6,191.36465677123772
R3,185.1,179.65994201384737
R3,200.6,198.1413532738162
R3,207.2,194.65566838389987
R3,189.0,181.92524506897928
R3,162.3,168.356358414398
R3,182.8,178.6436945672738
R3,191.0,174.3171036319262
R3,199.2,191.0103531007332
R3,201.4,191.06760972482346
R3,181.0,175.6902492574528
R3,222.4,198.9657035134768
R3,220.0,207.30644439297475
R3,208.8,205.85782411328861
R3,218.6,200.78888606185134
R3,221.8,202.52914969726112
R3,200.3,202.41187611708796
R3,186.4,190.63577518325692
R3,191.7,186.64951895694085
R3,198.8,186.89044172470193
R3,193.4,189.40673037129477
R3,206.8,197.0809901453598
R3,175.7,189.6333840576499
R3,194.8,184.99326629792355
R3,194.2,191.553757979383
R3,206.0,195.76251151836365
R3,205.6,203.05171264920648
R3,201.1,197.8058576795088
R3,197.7,194.87503099880865
R3,181.9,187.38424700478419
R3,175.1,178.05247686481016
R3,183.9,204.1459323552661
R3,216.3,187.56111609059883
R3,172.8,174.13239146924082
R3,197.6,205.01879836006034
R3,224.2,201.00904456002485
R3,199.7,207.69813366330519
R3,238.6,199.10210286706808
R3,226.5,208.31515832006477
R3,217.6,202.47599388921003
R3,199.9,209.39003822555492
R3,205.9,196.10681911249932
R3,190.7,207.76067040492762
R3,220.8,196.87846134851074
R3,212.0,203.1096631110513
R3,183.1,208.689924938189
R3,209.8,196.23346211569094
R3,201.6,206.3065698641871
R3,228.8,200.50031162995523
R3,196.7,207.89535939032336
R3,240.9,203.5436414769414
R3,205.7,208.05023722595448
R3,236.2,202.481580196378
R3,211.7,206.5459101206041
R3,207.1,201.06441280799845
R3,198.9,208.08078181140598
R3,206.5,192.27888143161488
R3,203.9,201.55875984260905
R3,176.1,174.19637055169204
R3,201.1,209.28652756204588
R3,220.2,198.3612073274883
R3,198.0,207.7270143134263
R3,235.9,202.5681038022074
R3,187.9,211.1601262533297
R3,214.2,202.31243067683755
R3,210.9,201.57258379737945
R3,179.8,169.31134204488052
R3,194.9,182.21222163800596
R3,205.3,177.5220189917577
R3,172.2,177.67618724678678
R3,198.9,211.24804185656225
R3,219.5,202.00341096645525
R3,207.9,198.57699561322252
R3,221.8,203.64108718575758
R3,201.3,195.47995576632738
R3,160.8,165.72521548050744
R3,199.5,207.49259619167117
R3,221.7,200.32435145057445
R3,205.9,209.12107344131852
R3,201.2,197.10532108059124
R3,191.8,204.28165870799083
R3,210.1,191.428146075872
R3,210.5,211.4379671397386
R3,204.9,199.4215032040826
R3,211.0,210.2308482402999
R3,231.0,207.747425207012
R3,208.0,210.5935269843601
R3,223.1,204.36740222598962
R3,212.9,210.92787653656876
R3,215.5,208.54231241292533
R3,212.3,197.9863169489398
R3,204.9,207.2360795008947
R3,203.1,193.34823888628952
R3,213.3,210.4681742773568
R3,190.3,192.820513690572
R3,195.1,185.16775080800227
R3,213.7,196.2853954026964
R3,183.9,207.744464683284
R3,212.5,186.85186783421082
R3,205.8,199.8593852468955
R3,205.7,186.21557374154355
R3,198.0,209.5621836659888
R3,221.5,203.10323947796468
R3,213.5,203.37385557206903
R3,219.2,200.20997451050505
R3,189.6,197.25935320430105
R3,227.5,197.0513841724718
R3,218.0,213.6467462655955
R3,195.1,186.59698845719456
R3,203.7,190.45294470405932
R3,203.1,198.66694497580053
R3,223.1,197.84066019405503
R3,190.7,204.21385580337449
R3,233.3,198.07779641862365
R3,211.6,196.67707460612343
R3,203.7,188.62501646005808
R3,223.3,197.00111176320118
R3,179.5,195.57940317260764
R3,230.1,196.9577755312234
R3,173.9,169.06183195929657
R3,200.2,206.82138920559973
R3,198.8,188.6831636745714
R3,202.0,187.338387987785
R3,214.9,206.48185790223053
R3,222.9,202.46982517680036
R3,203.7,198.34429911808667
R3,218.1,192.28265461698402
R3,216.3,215.603476468552
R3,222.2,205.61844252559408
R3,204.3,209.30997940767173
R3,210.9,203.7182228308014
R3,171.8,206.0277026599443
R3,212.8,189.09751210893336
R3,165.4,195.27835477273493
R3,192.0,178.24220226760312
R3,181.1,178.9784896696607
R3,191.7,178.2801836427918
R3,206.2,204.12066524073856
R3,215.8,204.56193831950128
R3,211.9,204.73707677653908
R3,220.4,205.7715980752449
R3,212.7,210.63023845985418
R3,199.0,187.88993569144685
R3,203.7,200.72745214505466
R3,206.6,201.80619945312253
R3,209.1,199.54116917546577
R3,211.7,201.5633860968635
R3,182.3,183.53619429754644
R3,205.7,206.36965961956366
R3,195.6,198.30290914344198
R3,218.1,205.80519697122278
R3,203.0,199.3458509772133
R3,206.4,199.16779966526676
R3,218.0,196.7802572799496
R3,198.5,207.87535085168423
R3,204.9,205.35509654497247
R3,223.0,198.68281640379465
R3,199.1,210.4133785777334
R3,229.1,201.3502137276829
R3,210.1,207.1585359494124
R3,234.2,208.29262489226028
R3,196.0,211.80287101183796
R3,211.4,213.10236832478427
R3,211.4,207.10791845595733
R3,215.5,196.9989923650401
R3,197.4,206.3754379301948
R3,192.9,193.2530864191337
R3,192.7,184.8233557890137
R3,217.0,191.11500598607677
R3,189.3,176.46840335576607
R3,202.9,191.86012225185917
R3,199.2,187.6052317218927
R3,188.3,197.23956145883093
R3,212.8,208.4646218133795
R3,211.6,201.22190501476655
R3,211.3,208.1914473681801
R3,182.6,185.53032072171752
R3,195.3,207.97865463475193
R3,212.1,191.13272215685248
R3,168.3,200.0169731171494
R3,206.4,193.72566661694106
R3,187.6,205.51587382064508
R3,198.6,189.51469260278637
R3,202.5,206.75255385451277
R3,96.7,90.12580623458605
R3,127.9,104.13079471152159
R3,183.2,175.82027363698734
R3,195.9,179.47945062415647
R3,125.8,150.03033603531927
R3,116.0,100.1809883458487
R3,114.0,102.43093055332685
R3,188.6,201.17834177905098
R3,202.0,192.23929614045565
R3,97.0,109.08931363167022
R3,115.7,92.37691467258924
R3,110.1,119.98895446122417
R3,162.6,115.40993239268094
R3,92.2,79.00166029949224
R3,118.5,91.49467023398171
R3,112.7,117.29947977292244
R3,69.5,122.42088911151335
R3,114.7,111.8010196131093
R3,91.8,90.85225688138115
R3,128.9,100.7709332310229
R3,110.9,118.9358600100572
R3,111.7,90.91658442171962
R3,104.9,124.32767961800599
R3,133.0,111.85062230932478
R3,131.8,129.02087072008177
R3,175.5,152.8847397894765
R3,157.3,172.22338528127807
R3,149.9,160.63819793275422
R3,98.9,81.16808241404738
R3,89.2,83.48241781931415
R3,179.0,136.72889377492774
R3,124.4,159.80024960299917
R3,157.9,148.28039720652578
R3,57.6,94.52158983312458
R3,73.9,65.86898781565289
R3,63.5,101.46714078416781
R3,78.3,69.99882027860394
R3,150.4,182.01122306887535
R3,227.0,157.7758619958117
R3,203.7,188.22944008386114
R3,157.2,174.22051080913798
R3,70.8,93.9360230507257
R3,184.5,179.65001180166897
R3,195.4,173.6086186709881
R3,170.5,161.8570258456715
R3,185.3,171.1394858960276
R3,136.0,154.37882376286746
R3,168.4,121.06985930413292
R3,139.8,175.73991415116208
R3,94.8,88.15655743968253
R3,105.6,80.69061748086003
R3,65.9,99.5568923797482
R3,161.4,156.15121576556226
R3,186.4,168.08882188320115
R3,93.7,100.63002325976797
R3,133.0,122.18870364422247
R3,133.4,97.82519659016748
R3,90.6,93.61280280690926
R3,135.7,92.34842589185516
R3,135.8,165.47556672155483
R3,211.1,195.2369890033512
R3,165.0,186.22316826085165
R3,137.0,114.75273677015178
R3,155.9,127.28569769930924
R3,61.5,104.5619577606596
R3,80.5,84.9236462104927
R3,111.1,89.23006440856021
R3,83.8,90.75136073955997
R3,149.1,104.50709279562943
R3,191.5,178.0818083718314
R3,86.7,85.8010495050612
R3,98.6,84.14047033128645
R3,101.1,100.62341437997722
R3,181.2,185.09438097732664
R3,160.0,171.6352997450046
R3,104.1,92.46858020732984
R3,81.4,65.73003934317096
R3,186.7,155.77439357944243
R3,172.2,144.02762151093486
R3,141.9,97.7921907838818
R3,143.5,149.67086121047313
R3,148.7,152.00663015785375
R3,71.3,95.09398134837635
R3,103.2,111.40089360437533
R3,116.9,92.44443609393147
R3,132.1,144.24995754631308
R3,151.7,114.43412705159449
R3,181.1,191.2203555335519
R3,137.9,147.21561030168758
R3,176.9,163.25369785326663
R3,97.9,120.3013025720751
R3,112.9,89.44856729710392
R3,90.9,129.47603507489333
R3,150.0,179.11989993548815
R3,189.0,168.1652080083456
R3,120.5,118.94849722700457
R3,82.8,79.84822597191243
R3,97.8,125.61088083706758
R3,163.1,153.62510688154447
R3,75.7,105.33376842583291
R3,78.5,76.6412079860591
R3,101.3,93.02241474430825
R3,107.2,80.62783395751067
R3,204.0,184.09635915696276
R3,188.8,183.9749200494152
R3,193.7,182.46722871255372
R3,196.7,169.11680709253585
R3,196.8,177.0254701195158
R3,197.6,179.1191252503619
R3,197.9,175.44005938180595
R3,174.8,179.91839006665688
R3,194.9,178.2791016835124
R3,170.3,184.85862694921113
R3,187.3,172.26732560373011
R3,189.5,182.47499753814446
R3,166.1,173.9533717970362
R3,140.7,150.58247919268194
R3,181.0,189.3539753773757
R3,190.6,170.85903505384093
R3,184.3,169.3680891152286
R3,168.2,172.6197592048719
R3,164.9,160.11172668847658
R3,195.8,177.74681728394376
R3,173.6,186.3843789137768
R3,181.1,180.98597767254182
R3,164.6,171.37686830897312
R3,166.2,158.80935418292572
R3,127.9,130.68686473135452
R3,201.0,177.32171223523136
R3,198.2,177.9261446484169
R3,129.0,154.2973055725779
R3,181.9,181.71815092284308
R3,188.5,171.1256645079372
R3,125.7,146.49900331044125
R3,188.4,192.61644641075964
R3,177.0,180.90758790923266
R3,153.9,169.4604243908252
R3,180.0,177.33907554075807
R3,183.9,164.5037683219947
R3,202.5,176.95123819574516
R3,140.3,166.65560807144806
R3,196.2,192.3120647508693
R3,157.3,174.77713469334594
R3,181.7,181.87802510619338
R3,191.6,169.70825309707914
R3,200.2,180.78416313542942
R3,186.1,176.3557207164095
R3,208.9,190.75846364835346
R3,196.7,182.16465163919713
R3,136.2,172.93514955669008
R3,216.9,190.3649312499923
R3,180.5,184.4425189186039
R3,159.3,140.1487030506346
R3,172.9,152.41331276442486
R3,142.2,146.3710610917976
R3,153.5,132.0507324077065
R3,187.7,156.13302238565637
R3,182.1,170.8159016480479
R3,182.8,163.0422152726064
R3,178.0,172.9247150339643
R3,192.6,176.90354566153837
R3,179.8,159.53133402440193
R3,196.9,178.0419994028466
R3,175.1,165.15542658888694
R3,181.6,166.50954302703704
R3,185.3,178.29501110999712
R3,192.0,175.9082465480629
R3,126.5,123.16999902573218
R3,160.6,122.14321408253977
R3,182.2,161.18080963637647
R3,180.6,163.63506643174003
R3,164.5,132.78846919635976
R3,168.3,142.4716667001298
R3,129.8,133.73291493753746
R3,137.9,122.7742341180804
R3,172.4,175.15780583554894
R3,188.7,172.46732964306563
R3,158.0,131.95779947602443
R3,183.4,157.36126906310696
R3,181.4,163.01231462254827
R3,197.4,171.2452607268956
R3,130.9,114.98236161072599
R3,163.0,113.27981994182284
R3,188.8,169.3147460469096
R3,187.9,163.6805753466146
R3,160.1,176.66888213459669
R3,85.2,132.48893735918614
R3,161.7,167.1979937928711
R3,162.7,146.19807898057735
R3,144.2,153.16899362507516
R3,70.5,108.37762401208913
R3,178.3,180.5992646222656
R3,132.9,163.99277723926488
R3,127.0,159.40825030478854
R3,140.7,126.45313143618672
R3,179.6,178.5020850935136
R3,152.0,169.03031993675182
R3,70.1,111.31410917488219
R3,190.5,178.34232503556024
R3,158.3,162.06317801687126
R3,119.7,149.94767967298853
R3,121.3,107.84418619909248
R3,117.9,141.15799692555242
R3,114.5,124.69990063491585
R3,185.1,175.10030775533792
R3,162.3,159.54679003947385
R3,180.8,179.0774022119349
R3,189.1,168.09103896797635
R3,171.4,156.72488319465774
R3,170.2,170.91574633070803
R3,129.9,141.7633372782494
R3,129.2,139.44797799326938
R3,127.6,117.38635012641
R3,155.8,164.89657219427133
R3,159.7,176.1900399112552
R3,161.4,161.01310936386054
R3,176.1,169.6579030548607
R3,177.5,179.78653551544335
R3,160.4,140.92747712295719
R3,153.5,148.579887040646
R3,158.5,169.70077672343388
R3,165.8,159.65006605361762
R3,158.6,164.976523556723
R3,205.9,177.63237742322178
R3,177.5,181.04030275965454
R3,199.9,175.65567779329353
R3,168.9,179.28592481377677
R3,148.3,167.94128065462664
R3,163.1,173.5894904441995
R3,156.3,170.5308162337484
R3,170.3,172.5475276791714
R3,119.2,133.3065703726631
R3,115.1,123.88781886505471
R3,146.3,134.44634916625088
R3,125.0,137.36092920462437
R3,164.7,163.24744572410125
R3,209.4,179.3289244929366
R3,123.1,116.16046946830272
R3,157.3,166.7481418261255
R3,165.3,163.08909197623626
R3,152.6,153.7035007144658
R3,187.2,143.87110500054362
R3,126.9,118.94203583830699
R3,142.6,131.0463874205249
R3,168.6,178.43979138481956
R3,199.3,184.84569808250163
R3,160.7,177.4262892610547
R3,188.5,177.5411366898503
R3,193.3,183.80958635028742
R3,209.8,183.82514644734547
R3,180.2,178.23525733114502
R3,189.0,184.12659895502833
R3,175.0,176.57817709962265
R3,205.8,187.21601613841722
R3,151.7,158.1320398109182
R3,190.7,160.03065897438694
R3,164.8,169.01419338962373
R3,170.4,176.364404154142
R3,178.4,164.67722114537267
R3,170.1,177.10871675714006
R3,169.1,171.49076226288156
R3,98.8,104.43447211470725
R3,81.2,109.93056219012809
R3,191.5,188.11918582572963
R3,180.4,181.89593477905152
R3,160.9,172.56168669701492
R3,181.7,174.85755366074054
R3,174.6,175.19704140209524
R3,166.1,172.27694584897108
R3,153.0,153.59645743564568
R3,152.2,153.79050011231672
R3,131.2,144.78147041952482
R3,168.6,143.7386907896076
R3,133.6,121.45456078637122
R3,77.3,112.00471643886559
R3,177.9,182.50342298644344
R3,188.8,177.05566426808304
R3,150.8,161.5318800694904
R3,192.5,185.1897323728944
R3,183.2,181.0846378720022
R3,153.7,167.47052333589076
R3,181.9,168.9666668648489
R3,138.6,155.62748548109644
R3,166.8,150.4945350084075
R3,157.3,158.44671185122155
R3,152.7,165.03906588950798
R3,160.2,159.36095726020125
R3,160.1,166.26848640839478
R3,151.5,146.18345259670198
R3,131.3,151.1516967361882
R3,161.0,158.78893656171107
R3,165.8,163.26996388947367
R3,154.4,121.33474475862083
R3,180.5,168.67495741105424
R3,118.0,133.9895684753457
R3,124.2,123.56497015297586
R3,178.5,181.59185505393071
R3,186.8,175.03495210723713
R3,167.3,174.8083396028843
R3,178.9,168.63473629172915
R3,123.0,161.46880828948065
R3,184.6,181.9695383374388
R3,199.1,181.45567097689468
R3,164.8,165.753622112313
R3,189.2,172.12051468838837
R3,181.7,181.8742017988406
R3,200.6,175.19900184192193
R3,186.8,172.62543659885372
R3,183.2,175.14229654990683
R3,159.1,152.94069805995667
R3,154.4,154.16197651987545
R3,129.9,120.56011275901972
R3,153.2,97.27974405741908
R3,167.7,174.70720419072677
R3,159.9,154.1892773995267
R3,164.6,156.18604477177527
R3,186.5,165.52417114655154
R3,180.6,181.94732150119503
R3,172.6,164.7370986503972
R3,199.2,200.4697610272741
R3,173.4,176.77825400479304
R3,193.2,194.3433396990483
R3,169.5,178.03242659063918
R3,192.2,195.06118763111616
R3,162.5,172.23098825426553
R3,194.9,195.81533024759855
R3,155.4,148.26951375812143
R3,148.4,147.71661572319144
R3,157.9,157.1164138374014
R3,202.6,200.0964969664701
R3,175.8,180.09275624566348
R3,128.3,115.73219838123424
R3,157.3,133.30082069797385
R3,183.1,191.3623364221304
R3,183.3,178.70143445571534
R3,189.6,204.7819697470772
R3,196.2,185.8424648204545
R3,183.0,200.49287350632864
R3,218.0,190.02516961988576
R3,182.7,203.05134195364894
R3,174.6,185.98271889664142
R3,195.9,204.3860587740283
R3,195.9,185.8619350838627
R3,187.4,189.55950851803675
R3,174.3,168.30223479128685
R3,177.0,197.6600111008234
R3,206.5,186.40763947955014
R3,154.8,136.64219158930533
R3,161.1,136.73685418174006
R3,204.7,200.31918432203474
R3,163.3,172.851228399867
R3,178.7,178.0485719779228
R3,193.3,199.3425041838838
R3,163.1,175.98472198676745
R3,176.1,173.31228294117608
R3,177.4,196.343221257001
R3,154.7,167.60651318821903
R3,183.0,178.84840667105337
R3,169.5,141.39300760982408
R3,163.8,169.7234554388151
R3,153.0,132.36417391979631
R3,192.9,184.33110542523616
R3,137.4,123.45163019347606
R3,150.8,136.90434511482346
R3,145.0,144.94840956708452
R3,174.9,152.76010940592946
R3,170.1,201.00841389226014
R3,210.8,186.09972806963034
R3,196.1,200.87185025619084
R3,188.0,184.6565640732006
R3,198.7,198.96910562923617
R3,180.2,176.65696269933827
R3,153.0,133.4473852229611
R3,174.8,191.50243430154077
R3,196.7,183.37053827561562
R3,157.9,167.250402442133
R3,161.9,167.38572677006496
R3,151.9,145.01113024359432
R3,151.6,130.82119515251208
R3,161.8,165.7444873345939
R3,189.4,170.5446493326613
R3,146.9,170.55723571756204
R3,157.0,137.6498902969856
R3,179.5,184.33397556943086
R3,186.1,176.53652401870727
R3,170.8,173.08435887452785
R3,152.9,141.07777324260317
R3,176.0,186.38509354780211
R3,170.0,175.14267092538398
R3,208.3,199.54264703092497
R3,172.6,173.3161032284393
R3,194.6,199.67559491573647
R3,158.5,178.08397266945275
R3,191.9,190.05934869657503
R3,175.3,173.50729860531413
R3,173.2,163.37709851652122
R3,163.1,163.75688726421885
R3,182.7,197.87853584800965
R3,149.9,168.14416094745212
R3,187.3,167.77728618554875
R3,186.8,175.12617074499826
R3,189.9,203.0178865005579
R3,169.2,180.24734729008244
R3,195.3,190.0439067418478
R3,185.1,178.53611654532043
R3,197.0,195.44426952792008
R3,179.8,178.40974323996073
R3,148.3,141.3640009945387
R3,146.9,153.55179542305865
R3,187.5,173.8432628357035
R3,152.4,156.5478645439987
R3,147.2,162.00864095482356
R3,201.6,204.01695538772506
R3,166.3,171.53561301639013
R3,194.6,179.68665640173734
R3,161.6,177.28605108264378
R3,209.3,198.7642304893815
R3,164.2,182.09969159828864
R3,142.5,151.32692561395444
R3,173.2,150.30289409559504
R3,197.8,201.64145488179008
R3,216.0,190.88811486076276
R3,180.6,173.76354213228024
R3,179.1,183.30081741928578
R3,180.1,188.4984301897123
R3,202.9,185.30240380016747
R3,135.9,153.5446974602508
R3,184.2,174.5831160263039
R3,157.0,162.83029173157382
R3,152.1,139.76900906023343
R3,153.7,153.76729715145171
R3,164.1,152.4195126075628
R3,186.8,189.40178491738544
R3,136.7,145.70802540255644
R3,167.7,140.86770424911796
R3,184.0,182.31882636513996
R3,200.0,172.4400779618166
R3,186.4,184.35128367955718
R3,202.5,179.78478645876783
R3,146.2,141.2146061193718
R3,130.5,98.33433937011391
R3,195.1,190.70991936013553
R3,202.8,187.6598794120467
R3,172.9,159.24712538326395
R3,182.5,166.67713672032744
R3,153.9,156.72460624520647
R3,158.0,142.84058947525375
R3,116.1,114.43546991570372
R3,167.5,168.66509742118004
R3,164.4,162.41626800124732
R3,167.9,149.49938401619033
R3,118.5,129.70516907681812
R3,158.1,150.17521615414407
R3,145.3,145.65243724083982
R3,190.1,190.4643497480571
R3,213.3,187.16974378500123
R3,198.8,189.34136094625612
R3,209.5,194.22153198231183
R3,185.0,188.0593737689229
R3,201.5,178.61851832670757
R3,145.9,160.565508147027
R3,176.4,170.86693284012478
R3,193.3,169.9410754500367
R3,144.8,127.54357876876739
R3,147.9,124.63744973348867
R3,185.2,161.13302352595656
R3,197.5,172.3600256490289
R3,201.2,190.78892848079437
R3,203.3,190.61579904811865
R3,171.1,157.0984793964842
R3,182.2,172.38435284946857
R3,191.0,165.13723974028835
R3,115.3,149.32816374609973
R3,195.6,177.191291064618
R3,149.0,110.40972167679107
R3,176.1,116.53566970461281
R3,143.6,150.318311652438
R3,193.4,171.94673149002358
R3,175.2,194.72671433761394
R3,189.4,194.56814521682836
R3,148.7,164.60578993924082
R3,170.1,167.43724632895177
R3,189.9,173.6033657975364
R3,140.0,162.19300782324825
R3,165.0,160.26617059603595
R3,154.8,170.86131836621342
R3,195.0,188.51223729154876
R3,194.9,188.06926331354305
R3,189.1,191.51592843010076
R3,182.8,187.3263169208567
R3,130.8,137.20080520871468
R3,171.9,153.30529785957842
R3,131.8,125.35164855937575
R3,124.1,114.49677276071237
R3,182.4,163.05726080544326
R3,190.4,178.83262553376306
R3,164.0,184.82601613621142
R3,172.3,178.9331196066674
R3,131.5,143.4407855518314
R3,154.5,158.8922447276686
R3,113.5,116.98799745816385
R3,160.0,181.87700591143766
R3,156.1,169.9146490560132
R3,162.4,168.81008007216036
R3,123.6,121.66504071859052
R3,149.1,137.39352885894016
R3,186.7,175.265581512308
R3,154.2,177.63211030632203
R3,118.1,124.38736689151531
R3,129.3,123.05390211431617
R3,192.4,157.54007870882862
R3,130.9,161.52203073682503
R3,176.7,182.1814458870723
R3,212.2,193.25104757978633
R3,111.7,119.53594002436672
R3,147.7,152.27900995043706
R3,181.4,181.25248165214657
R3,159.2,145.8461568765015
R3,178.8,162.42730868088162
R3,157.2,157.80272235254628
R3,142.7,182.4211966471796
R3,182.3,175.1749920045117
R3,75.9,80.14971758860335
R3,119.2,128.9899164831189
R3,124.9,155.35887442958372
R3,186.5,176.66511498739354
R3,157.2,144.0178414043404
R3,177.3,183.53949184343554
R3,184.1,171.99599300352182
R3,113.9,128.7423915471128
R3,166.8,163.85579829690423
R3,82.0,105.66136702222731
R3,177.0,174.565728811471
R3,139.6,154.88190440699006
R3,186.4,188.75093654658826
R3,170.6,182.1039662156169
R3,113.3,123.54305242511839
R3,188.8,189.84802318378718
R3,199.0,188.08528286940845
R3,133.1,159.41886097827424
R3,168.6,164.39686603699448
R3,121.3,127.12811199423781
R3,166.7,190.96526390507594
R3,175.4,188.4101076923638
R3,142.3,118.78984319104148
R3,97.2,132.1382892247861
R3,198.2,178.85359593717126
R3,105.2,149.14839288014787
R3,200.7,166.42050637523323
R3,173.0,179.3537350566251
R3,165.9,178.0383155338091
R3,184.8,176.14045454529426
R3,79.8,93.66521781579439
R3,154.2,140.16621135697866
R3,148.7,160.5437969041265
R3,139.3,154.71191241053796
R3,223.1,200.46576804083844
R3,191.6,183.05184801982026
R3,178.8,182.8145020446509
R3,195.5,175.74685923060704
R3,105.4,162.54710775341152
R3,195.5,181.9062347549223
R3,173.4,171.21288702389512
R3,181.8,178.10779302729145
R3,147.2,155.46200800446553
R3,166.7,159.34588694533102
R3,143.5,166.34544621190963
R3,144.1,164.05339793867685
R3,170.4,181.20337778542265
R3,186.8,173.65602181635077
R3,204.5,206.6151214246259
R3,219.4,206.35571248719884
R3,160.3,156.62669427012023
R3,164.5,139.95653940310643
R3,171.5,159.24118215157065
R3,151.2,160.54682515271082
R3,211.9,202.41690519737037
R3,223.2,195.65587610684338
R3,196.4,193.08981625821096
R3,206.2,196.84392556608532
R3,174.3,190.85406048575993
R3,194.4,186.08951450806785
R3,187.0,196.8972244449679
R3,188.8,191.53904689095046
R3,195.7,192.73035647788248
R3,191.0,194.12347895531852
R3,196.9,200.89665346640348
R3,180.7,194.7669589835271
R3,164.8,168.48636926445653
R3,168.8,153.41573201216278
R3,118.0,84.98748100393738
R3,193.7,193.02426636513874
R3,207.3,200.48802346186645
R3,173.8,199.6370579956842
R3,199.3,187.81482742640154
R3,164.8,191.84174856130642
R3,199.3,193.27835410817283
R3,206.9,190.82031718921385
R3,196.7,199.11798300994772
R3,234.5,202.09589203634968
R3,212.0,197.8772890450769
R3,114.0,90.31787560625084
R3,198.2,199.78104684745722
R3,165.6,186.06014231376514
R3,192.4,179.63652536721293
R3,155.3,161.69066348006697
R3,171.5,143.97186598909852
R3,186.6,204.07195131198122
R3,211.4,196.84118221544549
R3,196.8,183.45778676441796
R3,185.7,190.8388002649578
R3,116.8,132.02689586512915
R3,162.9,130.88152549896972
R3,164.6,173.40892611209938
R3,192.9,193.8936441203267
R3,203.0,189.99886360221717
R3,206.6,185.42265344115353
R3,193.4,198.70192700190742
R3,214.9,202.90521524805501
R3,214.7,203.57362853863123
R3,218.9,215.0240146288031
R3,224.1,212.23250749792157
R3,191.7,182.10728795088767
R3,172.1,188.88437390014036
R3,132.5,157.68805332777018
R3,165.9,127.2414443176357
R3,109.6,131.92037482996636
R3,129.2,94.89088416762132
R3,223.7,208.0579445517395
R3,216.6,185.06563481653947
R3,202.2,194.0406513006279
R3,140.8,171.9411775730862
R3,152.1,172.62405891039205
R3,173.6,174.59455510315092
R3,163.9,171.5831511807029
R3,202.8,203.6955929332471
R3,197.8,198.0822842131235
R3,169.9,183.92174771223006
R3,167.0,183.27534058405905
R3,180.3,180.40362914468886
R3,139.6,168.25464374465605
R3,164.5,171.3086035020077
R3,189.7,178.64953598485323
R3,213.7,181.3350598478376
R3,201.2,191.6303027574745
R3,175.0,197.19790004305833
R3,173.1,162.16872395364703
R3,171.9,159.71614500971475
R3,189.9,195.77626095974517
R3,173.8,172.33936164071298
R3,159.0,168.21620892974957
R3,227.2,211.1567456854836
R3,198.9,200.15234773919508
R3,207.4,203.4272781111722
R3,196.4,201.50607758284912
R3,190.3,207.6996282196056
R3,206.2,198.18902958703956
R3,194.8,194.87046683918055
R3,157.6,178.1607587130413
R3,169.2,184.35032193002567
R3,182.4,188.76959267574352
R3,199.0,187.3612657255689
R3,191.3,197.65285833353394
R3,186.5,166.3908203727489
R3,160.5,154.20586014936453
R3,198.2,189.09186638509343
R3,198.5,195.57522087968488
R3,161.5,174.9212635295313
R3,163.2,185.00303978693358
R3,192.5,180.4161729306696
R3,166.6,183.33072689093888
R3,185.1,185.3819777632839
R3,210.1,201.80051256585926
R3,211.5,202.0900422922096
R3,155.3,184.46937519574624
R3,176.6,175.72995968011
R3,160.3,192.70830408512143
R3,191.4,188.91415950688645
R3,147.3,161.01526755036053
R3,169.5,172.33387625970386
R3,139.9,144.22750921569713
R3,165.3,156.13765448751275
R3,147.1,164.47585151555165
R3,140.0,157.79041632163
R3,166.1,150.99689357443555
R3,182.2,173.38533499521193
R3,173.1,164.6260140229199
R3,127.9,152.4595226744972
R3,132.8,150.70809472510882
R3,145.0,150.4153330165313
R3,150.1,159.6564755026326
R3,166.9,161.1950984127572
R3,161.0,156.14625073745617
R3,150.8,151.22357987575222
R3,138.9,147.81367910477425
R3,137.6,141.47304928372915
R3,172.0,170.15526912633462
R3,183.5,173.20897696119255
R3,152.5,149.68819523180906
R3,141.5,152.973200964894
R3,159.8,154.94363073979278
R3,148.8,151.76256210446834
R3,132.6,153.71475304514746
R3,145.9,149.30796205230115
R3,170.6,174.35393012847635
R3,191.0,173.43382456109816
R3,149.3,157.0750712275708
R3,156.5,158.41280934410227
R3,174.1,175.58258184084974
R3,192.6,172.51536742762883
R3,149.2,154.6015678523394
R3,150.8,152.70137885703923
R3,157.3,158.56841114430756
R3,162.2,157.45369620878603
R3,149.5,165.17054809508988
R3,163.6,167.13422283955867
R3,152.6,168.30997092166115
R3,177.4,169.67619800121798
R3,185.5,182.9438910480654
R3,176.5,179.38262955147934
R3,137.3,158.9628562076004
R3,165.6,151.8720870641706
R3,159.9,157.0667185120879
R3,147.9,161.99568016507328
R3,153.9,150.0459809099798
R3,178.8,165.9659655889226
R3,159.0,157.8037907680407
R3,163.4,153.8362892105544
R3,173.9,173.80890395289043
R3,150.9,150.30542510719806
R3,169.7,148.89152774935263
R3,140.6,126.71890543343468
R3,155.1,126.60800996872798
R3,149.6,156.252970451925
R3,133.2,140.7751724845525
R3,147.2,143.0540967615714
R3,134.1,152.2123736963911
R3,161.3,173.2167435077141
R3,175.8,172.2360578301376
R3,142.4,174.12607402139054
R3,185.6,173.06725388039
R3,166.2,164.87676002998955
R3,176.1,164.7712614590496
R3,143.3,142.46959085690543
R3,42.8,97.09614789884544
R3,134.7,155.96809164897414
R3,59.8,93.8568234413964
R3,111.6,113.25565240705536
R3,155.6,161.22999936248925
R3,85.6,129.18019994202317
R3,143.6,131.74283331965214
R3,107.5,114.29240856407314
R3,145.6,128.1386806605018
R3,62.0,84.91314077907428
R3,144.1,146.2118143181808
R3,79.1,111.86341152996324
R3,147.7,154.0199781550311
R3,116.0,136.42868053560204
R3,142.4,133.95030529532636
R3,62.1,103.8102977616035
R3,175.6,163.16277501612834
R3,175.1,177.58571781126196
R3,133.4,168.11314066671193
R3,124.0,122.01115662835608
R3,156.5,151.76217360672211
R3,101.0,123.31404065995682
R3,117.4,135.17285324460957
R3,61.9,96.69580948626601
R3,151.8,156.80999679656048
R3,138.4,139.0186751102247
R3,141.8,151.55625951436295
R3,74.6,108.66558161043028
R3,128.2,139.05891340135233
R3,63.9,85.53404730186139
R3,138.0,144.928703415814
R3,67.4,98.49259356929356
R3,160.3,163.4760305671539
R3,167.0,156.68338483954517
R3,128.5,138.98320484610795
R3,63.2,100.67233898169155
R3,129.0,160.44337918255462
R3,109.7,122.33298481574904
R3,60.6,98.37138681643029
R3,122.9,132.5682920624551
R3,30.8,91.20092911477363
R3,123.5,120.6552076567124
R3,74.1,94.86710543229195
R3,103.1,107.91360163585436
R3,130.1,146.17891799721423
R3,126.5,119.28054060622094
R3,152.4,135.54731277747763
R3,54.8,88.77427811054048
R3,141.7,138.5375776408944
R3,50.0,105.76731579206968
R3,157.4,126.53023835096555
R3,43.2,89.8271197236291
R3,180.9,153.07607652801616
R3,129.9,129.00833561780675
R3,156.4,155.1679922493247
R3,138.0,118.65477501682092
R3,32.0,80.85803033688984
R3,159.9,143.98426547705645
R3,87.9,114.88091959889258
R3,26.2,80.3307126234327
R3,152.4,136.5772673155165
R3,114.4,111.33179447360324
R3,127.6,113.65669083813965
R3,62.3,83.84143619043375
R3,99.6,110.05439042636421
R3,54.7,79.40217648140396
R3,119.0,108.80054772215787
R3,50.6,103.99777631611566
R3,123.3,123.27417485086602
R3,51.3,104.82465082109185
R3,129.7,135.26153837339157
R3,45.3,97.73319009558172
R3,141.8,147.5990710475684
R3,145.9,159.05425629968963
R3,117.3,131.9866280681445
R3,178.0,176.76412481940565
R3,176.7,166.72057794912428
R3,169.5,165.83313476178293
R3,131.9,157.19655159655807
R3,107.8,125.21293354211325
R3,61.7,79.75124380010462
R3,124.4,131.15367944380463
R3,48.3,82.21883163667945
R3,115.0,136.06168042950603
R3,48.9,91.50764269737776
R3,157.5,142.63340373893158
R3,69.8,100.89373793428206
R3,137.2,137.65151646117943
R3,45.8,102.65521919340011
R3,136.0,149.5845540776372
R3,72.3,126.22445317717975
R3,97.0,136.45034492289614
R3,158.9,131.3275082575406
R3,51.9,97.44728006502288
R3,76.6,87.96319874895727
R3,120.4,122.09153028009213
R3,133.2,147.64998805373472
R3,67.1,105.90648376762488
R3,174.3,171.58642109667315
R3,95.2,148.7257374526427
R3,166.0,164.7106278561897
R3,177.8,178.47786456740252
R3,136.6,137.79617770012058
R3,88.8,116.44768591333623
R3,109.0,90.73886553833535
R3,52.9,70.61189768348679
R3,108.3,120.51860854252774
R3,172.7,175.4178156055762
R3,133.3,164.85715947422577
R3,134.9,124.16943170130361
R3,65.9,92.3189449749085
R3,180.3,165.59607208056565
R3,123.4,148.75349950103043
R3,127.7,118.78486456049713
R3,54.6,85.13374678931632
R3,155.0,162.51210439077474
R3,59.6,124.56934685314326
R3,96.9,100.33602369257326
R3,87.5,78.95307213208486
R3,143.1,155.34309657268167
R3,166.1,143.44971614430955
R3,101.5,136.03278743059448
R3,143.1,129.60850150861032
R3,104.9,77.73774717666882
R3,65.9,72.8494145507797
R3,113.3,114.15470209202506
R3,135.6,115.85980527902402
R3,112.0,97.72201866668537
R3,138.7,135.59549861119282
R3,127.2,120.91093878094964
R3,161.3,175.64804908470467
R3,171.3,151.20588809337616
R3,140.5,117.8477954013391
R3,167.5,158.5327579333244
R3,163.0,152.00978680663084
R3,109.5,88.01040759646082
R3,94.9,86.4311665305396
R3,146.5,137.28790366283488
R3,154.8,123.97748433811908
R3,144.8,132.56657897025758
R3,129.0,125.52383444330775
R3,154.6,152.15009012252006
R3,158.9,133.68383465869263
R3,134.3,168.14604345905744
R3,155.6,138.46072604343814
R3,125.9,109.15845740157324
R3,147.5,156.26379367593574
R3,159.0,139.1897423558392
R3,116.9,108.0471653595186
R3,127.0,142.0916529799649
R3,144.0,136.81915507595866
R3,161.9,159.28476417784427
R3,139.3,127.9194626264247
R3,146.8,135.14142218338378
R3,107.9,114.92661743078853
R3,129.5,109.15001780051128
R3,140.6,129.11506363536688
R3,139.1,120.4461356237261
R3,118.4,132.26317707245852
R3,110.1,115.16035006671952
R3,117.1,110.71768269964018
R3,64.5,112.63276526045263
R3,104.2,109.16161074643544
R3,120.1,138.59057224407337
R3,131.6,115.35124407035045
R3,122.1,156.05456376704046
R3,149.0,140.51180456332443
R3,106.0,110.12060156403903
R3,132.6,110.58329264499476
R3,104.7,131.57639304867826
R3,176.2,174.53625306031876
R3,186.5,165.635504959724
R3,118.9,111.55153089603726
R3,165.1,171.74384027902425
R3,172.2,155.098848831786
R3,119.3,97.81923560160315
R3,160.3,172.1124028346208
R3,176.2,152.51240899447063
R3,122.3,133.69348779383006
R3,139.6,117.77472592679487
R3,106.2,90.03525141939596
R3,69.6,74.96606326228658
R3,112.5,98.424921906523
R3,85.6,91.09470670113633
R3,151.2,170.08034450694726
R3,162.1,145.19526092335636
R3,153.9,149.40965404078725
R3,155.5,133.93403098990154
R3,153.1,177.96249866545654
R3,168.3,144.64867339687152
R3,124.9,150.94391839515566
R3,148.6,132.85097660601818
R3,121.5,125.10201442969922
R3,115.4,114.44062886321126
R3,155.7,152.52439829648918
R3,158.5,123.30078054880023
R3,190.3,194.60374450013126
R3,193.9,183.98345231372906
R3,179.7,177.9630233278036
R3,172.1,168.46718005883525
R3,195.9,171.6605895420239
R3,149.0,156.0788862131819
R3,194.4,194.16051509354696
R3,194.2,188.62555756269245
R3,210.7,193.00214159570334
R3,159.8,186.68068106771992
R3,194.4,178.31834601432766
R3,176.1,186.18767650750394
R3,153.7,149.30387096968724
R3,117.0,127.46103606600444
R3,203.3,194.2176685225979
R3,180.3,189.75149321694568
R3,194.7,195.07124276756738
R3,200.4,191.338639164753
R3,222.1,204.7770887272992
R3,207.6,202.96487453751243
R3,181.1,167.50408159890264
R3,154.7,159.15726719273633
R3,182.7,177.38614536003425
R3,147.5,162.6927733139277
R3,205.1,203.00277927763642
R3,202.2,189.34589649359773
R3,210.4,196.31163879312345
R3,172.1,183.8934065763049
R3,171.9,173.60894922300764
R3,193.7,187.76280104871898
R3,182.7,180.54775307796686
R3,190.4,186.6943433902108
R3,193.0,177.02340098747635
R3,193.6,190.8112808154336
R3,157.3,181.68925810595954
R3,209.8,199.93475323072352
R3,161.1,196.23239157018875
R3,200.5,197.05465926519327
R3,180.3,187.09617804204947
R3,180.1,178.80377505431295
R3,119.8,155.4680828863905
R3,179.5,165.19375008943302
R3,154.7,158.6032727475408
R3,214.4,202.2787609546659
R3,180.6,200.5424965491135
R3,170.5,164.5438755558897
R3,137.9,145.70990758948872
R3,188.8,192.34611836077022
R3,175.1,174.24955005202565
R3,199.4,195.35998144675077
R3,197.9,182.48326882518836
R3,205.3,193.62951450027995
R3,142.6,183.50073965480297
R3,175.5,163.1397060488097
R3,160.2,157.1848680554397
R3,199.4,189.57122150562552
R3,183.9,180.37491928041842
R3,144.5,167.86180738570877
R3,161.9,157.51232367911868
R3,86.5,127.72367263565069
R3,183.5,183.63230986971885
R3,189.7,176.77853889751614
R3,185.4,184.52673299545944
R3,183.2,191.0305845643049
R3,179.1,175.7702766717797
R3,192.7,184.46404800418867
R3,200.4,194.53899779957953
R3,183.4,183.59922616371432
R3,203.1,196.6654958977887
R3,178.7,191.48933831004442
R3,189.6,168.18775997605752
R3,170.7,161.82839170839512
R3,187.9,178.04922350480152
R3,90.5,120.42028263046889
R3,204.7,194.56105840460543
R3,200.7,194.45413472116087
R3,93.5,117.52430138483653
R3,198.6,181.75795565378124
R3,178.9,186.52288996650896
R3,173.8,165.464044167929
R3,136.7,146.64916637585512
R3,181.8,182.89100042678922
R3,150.5,165.87489911915605
R3,162.0,162.12408220722838
R3,193.6,185.3498223045292
R3,160.9,169.43308515317352
R3,184.0,188.69578918222416
R3,182.3,177.58081172765372
R3,201.5,195.9523821610627
R3,134.2,181.81495684533127
R3,178.9,180.7259156797446
R3,128.7,160.47762608837192
R3,180.9,174.20018676555648
R3,178.7,162.06884009548156
R3,210.9,192.92662170616688
R3,197.6,197.5211776736035
R3,199.9,189.7069756645665
R3,183.7,179.80250293673728
R3,179.4,189.7256250298168
R3,176.3,172.8917816766351
R3,205.9,190.01296963287987
R3,145.3,181.48459625713426
R3,190.3,182.4536679803051
R3,153.8,165.4151664658952
R3,199.1,193.09078361039312
R3,180.8,178.8969495613734
R3,202.2,191.0799517556445
R3,171.7,191.63711950768516
R3,194.9,166.67263009625432
R3,163.5,167.4560771602708
R3,207.0,182.58531615062526
R3,178.8,176.49470676821835
R3,183.3,163.14910311650138
R3,139.6,152.25868074228214
R3,205.0,192.89985972283424
R3,170.6,182.2269969378836
R3,196.0,194.69081794810884
R3,209.4,187.4269494936653
R3,187.2,189.55978140184453
R3,173.9,172.7702344536096
R3,116.4,157.14180735043644
R3,193.6,175.61170484084795
R3,176.8,167.9696408430538
R3,218.6,191.89945747922275
R3,183.5,181.28020258226184
R3,199.3,197.8004470771891
R3,173.9,181.669872484694
R3,41.4,75.8059240932536
R3,105.6,112.35164975696608
R3,82.2,94.6806523446152
R3,28.2,67.59735766091849
R3,110.0,105.43813075478165
R3,47.0,79.34507736975573
R3,68.3,80.38330180812487
R3,90.8,90.29426027670962
R3,48.2,66.44600227604035
R3,109.9,124.56544819046981
R3,106.0,72.98188780359749
R3,82.7,77.73589029018497
R3,224.4,189.58650394186992
R3,50.0,67.97181777414362
R3,109.6,90.7861580960566
R3,81.2,79.53669148956189
R3,148.2,143.2363442667899
R3,131.1,137.376164488629
R3,158.2,151.1729798477209
R3,128.6,113.17806969791587
R3,162.0,149.2181635815884
R3,115.2,123.53562126097286
R3,156.9,159.75359032621878
R3,86.6,105.61635882914675
R3,167.9,161.47949741054703
R3,148.9,156.95386302437643
R3,193.0,171.15339633339525
R3,161.1,154.36079143433304
R3,159.7,149.1424554260269
R3,109.6,126.2811148195711
R3,126.4,112.32799858068576
R3,152.1,145.0276897051421
R3,127.1,113.96939606007695
R3,165.3,158.99959207958435
R3,145.2,149.71061172519245
R3,175.4,194.09394788206498
R3,153.1,175.21212752147358
R3,164.3,156.67015042809723
R3,130.9,122.08830273501057
R3,171.2,155.9450885086414
R3,165.6,159.57910076588826
R3,142.4,147.40986514642168
R3,133.4,142.8610797432268
R3,158.9,158.40789138039864
R3,136.1,155.31396039643587
R3,158.2,158.8968376447051
R3,127.6,133.8333311671025
R3,152.4,150.33887180978437
R3,125.8,133.98744859059488
R3,135.6,155.1803532102239
R3,136.2,144.4966453306132
R3,140.5,137.4784667643764
R3,76.1,89.70297449253411
R3,153.8,163.280606243136
R3,124.4,113.02401365939684
R3,132.2,143.3626144642705
R3,96.7,84.31521143431993
R3,158.7,153.6366288169246
R3,125.3,124.223598291887
R3,151.0,158.03323571697425
R3,140.9,116.529380990092
R3,153.2,144.68606178768707
R3,117.5,116.63669170570384
R3,182.2,187.64178383208457
R3,166.3,171.09983369375624
R3,166.3,164.0523296284644
R3,152.2,148.5958005741267
R3,160.9,157.95730264128565
R3,139.9,153.77884870619283
R3,144.0,144.7891564727478
R3,124.3,145.6350474998635
R3,140.1,146.2334032777092
R3,158.6,148.96973243613405
R3,145.8,148.46858757213744
R3,161.9,149.40377944240024
R3,123.8,131.26410404195775
R3,150.5,149.06682781249782
R3,155.6,151.68108326495724
R3,154.2,151.37790581720816
R3,141.0,144.37138423560097
R3,164.8,156.09079508589278
R3,152.4,152.29023478310532
R3,157.0,147.73498136976326
R3,122.2,110.55387139214525
R3,122.6,149.26280206230564
R3,131.2,127.32339289745062
R3,156.8,148.6691019663218
R3,132.9,139.445905626413
R3,144.3,147.13865672927687
R3,119.3,102.5020022966657
R3,154.2,138.44053771059424
R3,140.3,137.4248426103893
R3,178.2,155.73991119387702
R3,176.0,159.2247292630077
R3,142.0,154.56817220059918
R3,153.4,127.01727973695567
R3,143.6,145.74836557637278
R3,93.5,94.03579529512129
R3,133.2,137.4946459598601
R3,154.4,168.37319087867525
R3,145.4,152.618937494881
R3,166.3,140.33473574773478
R3,125.0,129.96558701732906
R3,123.2,107.50410449728766
R3,69.8,78.30381241554088
R3,173.6,158.77215669507075
R3,148.8,142.2662612303041
R3,173.4,160.64127883600594
R3,141.9,126.8355464125616
R3,147.0,136.4251897740106
R3,84.3,93.61030647638609
R3,162.1,143.30543547416426
R3,74.0,108.38397146844432
R3,158.7,125.94941652104893
R3,84.8,102.14022240824636
R3,45.0,74.65810239175883
R3,131.5,133.10125059476607
R3,60.0,78.35233768002595
R3,155.3,141.1512467570257
R3,132.7,125.25110453369915
R3,147.3,135.92813637575273
R3,62.4,91.58052933915268
R3,156.5,168.25825833138938
R3,113.4,139.40294827460446
R3,160.8,151.34134908733319
R3,64.8,111.01124980379554
R3,169.9,142.84503997351922
R3,68.2,106.3969390571355
R3,112.2,109.79735165217554
R3,52.4,88.3597480957008
R3,155.0,155.46169387648155
R3,130.2,132.05069423536787
R3,159.8,163.82814155870818
R3,120.7,126.84795689713242
R3,123.5,123.3368632506911
R3,55.0,83.13382419126211
R3,124.6,141.80160935541716
R3,158.5,149.91345703641534
R3,157.9,154.20372542246866
R3,165.7,154.35531542003585
R3,164.7,185.6624807712273
R3,194.7,176.29560089556128
R3,175.6,170.7319524442218
R3,186.7,164.13088422605716
R3,140.5,154.70646392567986
R3,161.4,150.54602872854883
R3,153.8,133.19752606767395
R3,133.6,146.58563875408444
R3,154.6,147.89529310940634
R3,164.7,171.04819117479832
R3,189.8,164.36925058494754
R3,175.6,187.01631398180632
R3,169.2,154.05737886641816
R3,125.3,109.01805231470206
R3,167.9,156.3869587508007
R3,150.2,153.91863576521664
R3,141.3,155.22688623963464
R3,149.4,156.13071532763973
R3,158.3,135.18281346598852
R3,141.3,150.45647459384543
R3,125.2,123.27348406207223
R3,143.1,165.5645288863474
R3,179.5,162.57968438398518
R3,74.3,71.47197766388682
R3,175.8,185.61042467438395
R3,151.7,150.99869287424204
R3,150.3,137.05156972631974
R3,135.8,127.36002137434636
R3,152.2,130.15839067728868
R3,141.2,145.29934333660788
R3,161.7,149.0176232665968
R3,152.5,170.88961475950788
R3,168.6,161.1089095399764
R3,131.1,126.03049738526684
R3,96.1,111.24590545407554
R3,148.6,155.84891868311936
R3,177.4,152.78797259446307
R3,158.7,144.69759845420137
R3,158.9,134.79576436020847
R3,161.3,171.52930363989267
R3,180.9,160.74726741230393
R3,138.7,152.11760515535852
R3,158.0,154.183865918795
R3,150.1,160.56710667578338
R3,180.3,154.06956962274552
R3,171.3,170.26968609808844
R3,134.0,147.01908168538233
R3,155.2,138.487872163541
R3,158.0,167.86662404475976
R3,156.2,156.0374430770392
R3,177.9,190.69687439951343
R3,181.0,166.4473437090999
R3,176.4,166.29309728373386
R3,179.8,162.8008094630017
R3,178.1,165.28192757052497
R3,96.6,128.74390780064982
R3,171.5,177.6634643959889
R3,173.6,182.49498256649437
R3,92.2,153.60822441396505
R3,166.2,172.28828696673537
R3,170.1,155.70650341813013
R3,162.5,169.12085779229608
R3,154.2,151.26703441223233
R3,188.4,190.94900330619987
R3,112.1,169.73155987609573
R3,165.9,170.80028380214398
R3,81.7,142.59968361130095
R3,161.0,170.86004606183621
R3,191.8,162.947566698756
R3,194.2,184.24303929577573
R3,118.0,154.47109900185592
R3,162.3,168.0357231440628
R3,165.9,156.52442483969563
R3,192.5,190.45939590681797
R3,100.6,152.96665221874687
R3,169.7,168.94877198470203
R3,134.2,144.80260165172166
R3,160.6,168.24644908274283
R3,152.7,132.9046165286581
R3,179.8,171.59627005583312
R3,178.9,164.44940549435267
R3,153.1,140.34935678446277
R3,169.2,178.7501987258894
R3,174.9,162.44837869868113
R3,166.7,179.2087874229681
R3,183.0,169.08466429802024
R3,191.6,178.3587342023772
R3,94.2,142.93713414312438
R3,183.3,177.61515088282204
R3,102.8,146.90619441214915
R3,158.1,182.76210052654545
R3,110.8,142.84585225790562
R3,158.2,173.94644485906082
R3,177.8,178.44715727078207
R3,184.0,162.99384714340385
R3,177.1,172.85276537262854
R3,167.4,138.25779860259814
R3,195.5,170.58134630079493
R3,182.4,180.83214498157596
R3,193.0,174.71300656648782
R3,175.4,180.23073284916728
R3,168.0,165.13513301452898
R3,184.2,174.64658101999214
R3,186.6,163.46985067029772
R3,179.3,173.1870513826329
R3,86.5,144.494746262076
R3,163.4,170.86133207526618
R3,182.9,156.01351241331378
R3,160.8,160.57328970175993
R3,196.5,176.3839898195683
R3,168.2,180.2128217779986
R3,200.8,187.2616834098171
R3,117.3,163.79663655474945
R3,167.8,169.3840143038378
R3,100.5,133.6252190179619
R3,158.4,174.61628652143995
R3,182.8,158.37946808591232
R3,41.8,63.168889148894465
R3,102.3,64.04439264343041
R3,54.6,87.15822057722553
R3,93.3,59.60700002005444
R3,68.3,67.50472075145103
R3,131.3,71.09494648968614
R3,113.1,103.11064541536247
R3,83.8,72.35905166486494
R3,78.1,83.013333086714
R3,127.4,151.4191120396998
R3,159.3,141.35214764702184
R3,173.2,161.8273479134829
R3,142.0,155.4227293221288
R3,111.1,64.34057873935113
R3,85.2,73.65286852020154
R3,92.4,70.97787542070425
R3,75.0,83.0329690721108
R3,115.9,71.72463170152214
R3,89.9,89.05852796937525
R3,93.6,66.75468879194348
R3,111.9,85.44158134413179
R3,114.5,73.12513667239558
R3,110.2,118.36369993316657
R3,123.9,71.26351859616221
R3,94.5,84.13455031935892
R3,102.3,78.95219474528278
R3,86.0,62.73357186462263
R3,69.1,66.35681370079213
R3,119.0,121.73150300962736
R3,96.6,79.35092596156244
R3,120.7,74.36003708228174
R3,80.9,93.59971019733769
R3,114.1,67.76734115570302
R3,116.5,97.83245455330601
R3,101.7,62.81802489230486
R3,100.5,79.25215998660676
R3,107.8,64.29728021011806
R3,83.6,91.04516628920669
R3,128.8,74.43318450576169
R3,103.2,102.44185932161999
R3,98.6,97.45175028052833
R3,95.2,66.08979421888068
R3,114.6,94.82378055678939
R3,111.6,76.29955625397847
R3,93.8,95.23550643174744
R3,178.0,184.4237443412808
R3,194.5,181.92376117609206
R3,193.7,183.9636911477827
R3,113.9,99.1595023329777
R3,100.3,81.19230525074798
R3,94.7,113.61730599936587
R3,117.4,65.01104066209524
R3,103.8,91.81773322261373
R3,131.4,72.1045937679543
R3,130.2,109.76381450876187
R3,81.3,72.10672277975296
R3,101.6,63.60628012059696
R3,94.3,84.05214899539338
R3,142.5,163.65631328765411
R3,65.2,97.19495639772649
R3,145.0,170.68000127568212
R3,107.6,107.62163017669872
R3,150.2,151.90374006946803
R3,178.8,165.91702328997889
R3,70.0,139.91160534591288
R3,162.4,171.75413499711283
R3,137.5,137.76317313105062
R3,137.3,149.8112917400111
R3,148.1,163.97829803839005
R3,108.0,130.1141951362029
R3,170.8,171.2762665578968
R3,78.9,144.5807526801131
R3,166.3,169.18154819582955
R3,120.0,130.00608327605943
R3,165.8,155.06964095366234
R3,104.4,130.37175959978347
R3,64.7,62.990536659667455
R3,130.4,164.76835954299494
R3,139.3,156.12688132607386
R3,164.0,170.24468733230225
R3,150.0,145.26775932651128
R3,146.6,176.76673786858993
R3,101.5,109.70495159348243
R3,124.2,152.1745078785828
R3,185.2,173.88469280164205
R3,84.0,145.34582317058883
R3,179.2,165.0756441218683
R3,139.1,140.99868776190968
R3,171.2,171.53369397283598
R3,127.4,156.0619840978695
R3,85.2,149.2460601497398
R3,184.0,177.6276055733982
R3,119.9,147.33114775613055
R3,69.9,123.21411856996255
R3,52.6,54.278188481356125
R3,180.0,173.9367554218711
R3,101.5,155.9161993750766
R3,113.0,163.64236899632047
R3,103.3,84.7552072238123
R3,91.2,151.8937209679128
R3,126.6,75.73740291947001
R3,155.1,156.05450675460244
R3,139.1,142.0938685239308
R3,159.1,172.4116725207363
R3,93.5,147.83709916797704
R3,177.8,149.99248965969926
R3,139.5,145.2324436090795
R3,127.1,112.00941791521639
R3,214.1,197.3395571570241
R3,235.6,210.7407583621959
R3,230.0,205.38644973704314
R3,150.4,154.5392798908973
R3,160.0,149.5934539183411
R3,122.9,127.1830066083082
R3,175.6,170.86857847321124
R3,186.2,180.98981537692376
R3,168.8,176.37950842956988
R3,124.3,131.75983703562827
R3,124.3,123.52547860175733
R3,172.9,174.9896012374553
R3,135.3,165.14086011525984
R3,167.1,170.6820879197
R3,181.0,162.38522720126596
R3,149.4,160.17323824664783
R3,135.3,134.25787002524373
R3,185.1,182.19139576368966
R3,201.1,179.38434794973898
R3,154.5,175.41853242834352
R3,178.3,162.9415782183708
R3,196.9,182.39595485162346
R3,195.2,183.09770257173497
R3,199.9,191.21776514288607
R3,177.8,183.89662287179306
R3,165.1,158.76034037743236
R3,117.7,144.5798908722692
R3,182.9,184.46035296600152
R3,167.8,170.96247826290727
R3,169.0,171.35771394091208
R3,192.5,185.66621853659
R3,180.1,178.42390027716186
R3,207.8,199.69619198247125
R3,202.5,198.0173952343
R3,185.2,195.49496877517225
R3,187.8,191.94527040314486
R3,195.5,182.09516515398911
R3,203.5,184.7166030373336
R3,160.5,170.44995590425486
R3,182.3,164.1479953422322
R3,180.8,181.24251681511032
R3,169.3,181.14992213905475
R3,142.3,155.930133703522
R3,141.0,147.12652134842642
R3,182.5,179.96077896702153
R3,182.3,177.3166410924118
R3,167.0,170.58065352112632
R3,166.2,154.28143651118629
R3,162.7,176.6115906984421
R3,176.7,170.00179981708834
R3,210.0,207.2816513107257
R3,214.0,200.6182015344001
R3,149.1,149.93207265414728
R3,123.6,139.01474808059336
R3,146.8,147.55953152138937
R3,115.4,131.9669204519105
R3,171.8,177.85254795201817
R3,161.7,164.04547794598838
R3,153.8,155.56378774200135
R3,149.1,132.6995672980413
R3,161.6,152.5540413995416
R3,144.9,146.28174857281144
R3,159.1,143.8117746881594
R3,126.0,146.19597219483114
R3,197.3,174.12579371475857
R3,157.5,156.00155387755723
R3,182.9,158.62254489057312
R3,168.7,162.08439354196736
R3,159.6,150.12604882927545
R3,163.1,171.18060802482552
R3,158.0,147.29973459228245
R3,182.3,166.543753086044
R3,154.4,161.205324104753
R3,182.9,180.11486042272892
R3,167.4,176.71090740519534
R3,200.0,191.15886424248387
R3,174.5,179.09191068516628
R3,145.3,158.93953246849506
R3,161.0,149.52323099610737
R3,149.6,163.8231540394109
R3,159.5,151.03633047380393
R3,134.6,136.67032729669867
R3,150.7,122.52882689189525
R3,191.5,174.41094642957552
R3,189.6,176.47222523671107
R3,148.8,161.14413691372383
R3,179.7,162.94058038417324
R3,187.2,195.1730492687372
R3,186.4,193.60492391431046
R3,155.6,152.14579712052011
R3,132.1,127.80355276493867
R3,182.3,179.6441671548796
R3,177.5,173.75037685420008
R3,158.6,155.9025137848081
R3,155.3,163.35839181258828
R3,133.0,140.40805326880093
R3,156.4,141.08304701869693
R3,165.1,166.0443928006997
R3,183.0,171.41350299900637
R3,143.4,160.50310079782992
R3,167.1,160.1765535863721
R3,113.4,124.98455043484168
R3,147.1,173.17586549569106
R3,166.7,165.43857629261285
R3,140.0,155.90694745692426
R3,177.9,166.1582245436616
R3,192.4,192.37858428945145
R3,197.7,190.80077046379625
R3,132.6,143.71806155301545
R3,153.0,140.58849539104682
R3,164.4,166.84904565313127
R3,157.4,165.84188175143115
R3,172.4,168.85731027004587
R3,179.4,171.03123347805135
R3,162.4,160.61752250127572
R3,140.8,158.28560024198774
R3,179.7,171.1124285999082
R3,143.2,160.15211343694986
R3,176.1,163.48973740931945
R3,148.6,160.07554853437475
R3,157.0,160.28703912941103
R3,128.6,127.51255201245863
